movieId,title,year,Drama,Comedy,Horror,Thriller,Action,Western,War,Crime,Documentary,Mystery,Sci-Fi,Adventure,Romance,Children,Animation,Fantasy,IMAX,Musical,Film-Noir
195495,Familia,2005,1,0,0,0,0,0,0,0,0,0,0,0,0,0,0,0,0,0,0
3078,Liberty Heights,1999,1,0,0,0,0,0,0,0,0,0,0,0,0,0,0,0,0,0,0
134704,Comedy Central Roast of Charlie Sheen,2011,0,1,0,0,0,0,0,0,0,0,0,0,0,0,0,0,0,0,0
219976,47 Hours to Live,2019,0,0,1,1,0,0,0,0,0,0,0,0,0,0,0,0,0,0,0
169206,Through the Air,2015,1,0,0,0,0,0,0,0,0,0,0,0,0,0,0,0,0,0,0
211986,A Raunchy Christmas Story,2018,0,1,0,0,0,0,0,0,0,0,0,0,0,0,0,0,0,0,0
171387,Çalgı Çengi,2011,0,1,0,0,0,0,0,0,0,0,0,0,0,0,0,0,0,0,0
31930,Masculin Féminin,1966,1,0,0,0,0,0,0,0,0,0,0,0,0,0,0,0,0,0,0
198189,Viper Club,2018,1,0,0,1,0,0,0,0,0,0,0,0,0,0,0,0,0,0,0
183321,The Song of Lunch,2010,1,0,0,0,0,0,0,0,0,0,0,0,0,0,0,0,0,0,0
73449,"V.I.P.s, The",1963,1,0,0,0,0,0,0,0,0,0,0,0,0,0,0,0,0,0,0
80214,"Swan and the Wanderer, The (Kulkuri ja joutsen)",1999,1,0,0,0,0,0,0,0,0,0,0,0,0,0,0,0,0,0,0
128265,The Stranger Wore a Gun,1953,0,0,0,0,1,1,0,0,0,0,0,0,0,0,0,0,0,0,0
27087,The Sinners of Hell,1960,1,0,1,0,0,0,0,0,0,0,0,0,0,0,0,0,0,0,0
192043,Red Cow,2018,1,0,0,0,0,0,0,0,0,0,0,0,0,0,0,0,0,0,0
8699,Dancing in September,2000,1,0,0,0,0,0,0,0,0,0,0,0,0,0,0,0,0,0,0
69964,"Giant of Marathon, The (Battaglia di Maratona, La)",1959,1,0,0,0,1,0,1,0,0,0,0,0,0,0,0,0,0,0,0
6326,City of Ghosts,2002,1,0,0,1,0,0,0,1,0,0,0,0,0,0,0,0,0,0,0
279808,The Grab,2022,0,0,0,0,0,0,0,0,1,0,0,0,0,0,0,0,0,0,0
133547,El bosque de Karadima,2015,1,0,0,0,0,0,0,0,0,0,0,0,0,0,0,0,0,0,0
132309,Without a Trace,1983,1,0,0,0,0,0,0,0,0,1,0,0,0,0,0,0,0,0,0
41,Richard III,1995,1,0,0,0,0,0,1,0,0,0,0,0,0,0,0,0,0,0,0
75395,Frozen,2010,1,0,1,1,0,0,0,0,0,0,0,0,0,0,0,0,0,0,0
236141,American Skin,2021,1,0,0,0,0,0,0,0,0,0,0,0,0,0,0,0,0,0,0
196889,Glass,2019,1,0,1,1,0,0,0,0,0,1,1,0,0,0,0,0,0,0,0
255581,Rent,2019,1,0,0,0,0,0,0,0,0,0,0,0,0,0,0,0,0,0,0
164183,Terminal Invasion,2002,0,0,1,1,0,0,0,0,0,0,1,0,0,0,0,0,0,0,0
6244,Salaam Bombay!,1988,1,0,0,0,0,0,0,0,0,0,0,0,0,0,0,0,0,0,0
112332,Caprice,1967,0,1,0,1,0,0,0,1,0,0,0,0,0,0,0,0,0,0,0
157387,Paradox,2016,0,0,0,0,1,0,0,0,0,0,1,0,0,0,0,0,0,0,0
31923,"Three Musketeers, The",1973,0,1,0,0,1,0,0,0,0,0,0,1,0,0,0,0,0,0,0
284601,Uman – The Perfect Man,2022,0,1,0,0,0,0,0,0,0,0,0,0,0,0,0,0,0,0,0
27746,Ginger Snaps: Unleashed,2004,0,0,1,1,0,0,0,0,0,0,0,0,0,0,0,0,0,0,0
126044,Brutal Relax,2010,0,1,0,0,1,0,0,0,0,0,0,0,0,0,0,0,0,0,0
108313,Dirty Pictures,2000,1,0,0,0,0,0,0,0,0,0,0,0,0,0,0,0,0,0,0
74857,Strategic Air Command,1955,1,0,0,0,1,0,0,0,0,0,0,0,0,0,0,0,0,0,0
210481,When the Greeks,1981,1,0,0,0,0,0,1,0,0,0,0,1,0,0,0,0,0,0,0
230547,Easter Under Wraps,2019,0,0,0,0,0,0,0,0,0,0,0,0,1,0,0,0,0,0,0
168816,Different Drummers,2013,1,0,0,0,0,0,0,0,0,0,0,0,0,1,0,0,0,0,0
258573,Woodlands Dark and Days Bewitched: A History of Folk Horror,2021,0,0,0,0,0,0,0,0,1,0,0,0,0,0,0,0,0,0,0
270746,The Privilege,2022,0,0,1,0,0,0,0,0,0,0,0,0,0,0,0,0,0,0,0
227086,Eva,1948,1,0,0,0,0,0,0,0,0,0,0,0,0,0,0,0,0,0,0
85278,"City of Your Final Destination, The",2009,1,0,0,0,0,0,0,0,0,0,0,0,0,0,0,0,0,0,0
123900,Safari 3000,3000,0,0,0,0,1,0,0,0,0,0,0,0,0,0,0,0,0,0,0
73664,Dragon Hunters (Chasseurs de dragons),2008,0,0,0,0,0,0,0,0,0,0,0,1,0,1,1,0,0,0,0
74141,"Holy Innocents, The (Santos inocentes, Los)",1984,1,0,0,0,0,0,0,0,0,0,0,0,0,0,0,0,0,0,0
117344,Ragnarok,2013,0,0,0,0,1,0,0,0,0,0,0,1,0,0,0,0,0,0,0
76147,I Hate Valentine's Day,2009,0,1,0,0,0,0,0,0,0,0,0,0,1,0,0,0,0,0,0
278286,Fuchzhou,1993,0,1,0,0,0,0,0,0,0,0,0,1,1,0,0,0,0,0,0
258571,The Righteous,2021,1,0,1,0,0,0,0,0,0,0,0,0,0,0,0,0,0,0,0
158723,Pom Pom,1984,0,1,0,0,1,0,0,0,0,0,0,0,0,0,0,0,0,0,0
145448,Simone e Matteo: un gioco da ragazzi,1975,0,1,0,0,0,0,0,0,0,0,0,0,0,0,0,0,0,0,0
287223,"Up, Down and Sideways",1992,0,1,0,0,0,0,0,0,0,0,0,0,0,0,0,0,0,0,0
91071,"Late George Apley, The",1947,0,1,0,0,0,0,0,0,0,0,0,0,0,0,0,0,0,0,0
138362,A Special Day,2012,1,0,0,0,0,0,0,0,0,0,0,0,0,0,0,0,0,0,0
198133,Road to Life,1931,1,0,0,0,0,0,0,0,0,0,0,0,0,0,0,0,0,0,0
289115,Bunty Aur Babli 2,2021,1,1,0,0,0,0,0,1,0,0,0,0,0,0,0,0,0,0,0
158992,The Captive City,1952,1,0,0,0,1,0,0,0,0,0,0,0,0,0,0,0,0,0,0
164532,Crossing Point,2016,0,0,0,1,1,0,0,0,0,0,0,0,0,0,0,0,0,0,0
282117,The Wish Tree,2008,1,1,0,0,0,0,0,0,0,0,0,0,0,0,0,0,0,0,0
254504,First Fall,2013,1,0,0,0,0,0,0,0,0,0,0,0,0,0,1,1,0,0,0
276035,Zwei Nasen tanken Super,1984,0,1,0,0,0,0,0,0,0,0,0,0,0,0,0,0,0,0,0
168314,Be My Cat: A Film for Anne,2015,0,0,1,1,0,0,0,0,0,0,0,0,0,0,0,0,0,0,0
150134,Sous le signe de Monte Cristo,1968,0,0,0,0,0,0,0,0,0,0,0,1,0,0,0,0,0,0,0
130634,Furious 7,2015,0,0,0,1,1,0,0,1,0,0,0,0,0,0,0,0,0,0,0
223432,You Die,2018,1,0,1,1,0,0,0,0,0,0,0,0,0,0,0,0,0,0,0
164945,Brother Nature,2016,0,1,0,0,0,0,0,0,0,0,0,0,0,0,0,0,0,0,0
160934,El Extra,1962,0,1,0,0,0,0,0,0,0,0,0,0,0,0,0,0,0,0,0
173531,Recon 2020: The Caprini Massacre,2020,0,0,0,0,1,0,0,0,0,0,1,0,0,0,0,0,0,0,0
207952,Getting Played,2005,0,1,0,0,0,0,0,0,0,0,0,0,1,0,0,0,0,0,0
76736,Grim Reaper,2007,0,0,1,0,0,0,0,0,0,0,0,0,0,0,0,0,0,0,0
278596,From Subway with Love,2005,0,1,0,0,0,0,0,0,0,0,0,0,1,0,0,0,0,0,0
181937,Clown of the Jungle,1947,0,0,0,0,0,0,0,0,0,0,0,0,0,0,1,0,0,0,0
126030,Isabelle au bois dormant,2007,0,1,0,0,0,0,0,0,0,0,0,0,0,0,1,0,0,0,0
141554,Disappearing Acts,2000,1,0,0,0,0,0,0,0,0,0,0,0,1,0,0,0,0,0,0
417,Barcelona,1994,0,1,0,0,0,0,0,0,0,0,0,0,1,0,0,0,0,0,0
44949,Hoot,2006,0,1,0,0,0,0,0,0,0,0,0,0,0,1,0,0,0,0,0
175003,How to Go Out on a Date in Queens,2006,0,1,0,0,0,0,0,0,0,0,0,0,1,0,0,0,0,0,0
136210,American Animal,2012,1,1,0,0,0,0,0,0,0,0,0,0,0,0,0,0,0,0,0
244036,Battlestar Galactica: The Lowdown,2003,1,0,0,0,1,0,0,0,0,0,1,1,0,0,0,0,0,0,0
78132,The Tomb,2009,0,0,1,1,0,0,0,0,0,0,0,0,0,0,0,0,0,0,0
124731,Just My Luck,1957,0,1,0,0,0,0,0,0,0,0,0,0,0,0,0,0,0,0,0
269490,The Kindred,2021,0,0,1,1,0,0,0,0,0,1,0,0,0,0,0,0,0,0,0
166034,The Optimists of Nine Elms,1973,1,0,0,0,0,0,0,0,0,0,0,0,0,0,0,0,0,0,0
6722,Once Upon a Time in China II (Wong Fei-hung Ji Yi: Naam yi dong ji keung),1992,0,0,0,0,1,0,0,0,0,0,0,0,1,0,0,0,0,0,0
195149,Ronnie Coleman: The King,2018,0,0,0,0,0,0,0,0,1,0,0,0,0,0,0,0,0,0,0
186223,The Executioners,2018,0,0,1,1,0,0,0,0,0,0,0,0,0,0,0,0,0,0,0
234111,Muscle,2020,0,0,0,1,0,0,0,0,0,0,0,0,0,0,0,0,0,0,0
183779,The Passion,2010,0,1,0,0,0,0,0,0,0,0,0,0,0,0,0,0,0,0,0
174181,The Keepers,2017,1,0,0,0,0,0,0,1,1,0,0,0,0,0,0,0,0,0,0
138312,Flowerman,2014,1,0,0,1,0,0,0,0,0,0,0,0,1,0,0,0,0,0,0
214158,Tarts and Flowers,1950,0,0,0,0,0,0,0,0,0,0,0,0,0,0,1,0,0,0,0
140016,Always Watching: A Marble Hornets Story,2015,0,0,1,0,0,0,0,0,0,0,0,0,0,0,0,0,0,0,0
222759,The 24th,2020,1,0,0,0,0,0,0,0,0,0,0,0,0,0,0,0,0,0,0
272473,Australia Day,2017,1,0,0,0,0,0,0,1,0,0,0,0,0,0,0,0,0,0,0
191905,Budapest Tales,1977,1,0,0,0,0,0,0,0,0,0,0,0,0,0,0,0,0,0,0
100719,Fake It So Real,2012,0,0,0,0,0,0,0,0,1,0,0,0,0,0,0,0,0,0,0
170777,There Once Was a Dog,1982,0,1,0,0,0,0,0,0,0,0,0,0,0,1,1,0,0,0,0
218249,Gulabo Sitabo,2020,1,1,0,0,0,0,0,0,0,0,0,0,0,0,0,0,0,0,0
2376,"View to a Kill, A",1985,0,0,0,1,1,0,0,0,0,0,0,1,0,0,0,0,0,0,0
199990,The White City,2014,1,0,0,0,0,0,0,0,0,0,0,0,0,0,0,0,0,0,0
281816,Wildcat,2022,0,0,0,0,0,0,0,0,1,0,0,0,0,0,0,0,0,0,0
188571,Adam Chaplin,2011,0,0,1,0,0,0,0,0,0,0,0,0,0,0,0,0,0,0,0
140062,The Devil's Eight,1969,1,0,0,1,0,0,0,1,0,0,0,0,0,0,0,0,0,0,0
209359,Among the Shadows,2019,0,0,1,1,0,0,0,1,0,0,0,0,0,0,0,0,0,0,0
8495,Animal Factory,2000,1,0,0,0,0,0,0,1,0,0,0,0,0,0,0,0,0,0,0
269240,45 Days: The Fight for a Nation,2021,0,0,0,0,0,0,0,0,1,0,0,0,0,0,0,0,0,0,0
123673,The Rose Garden,1990,1,0,0,0,0,0,0,0,0,0,0,0,0,0,0,0,0,0,0
251836,Third Party Risk,1954,1,0,0,0,0,0,0,1,0,0,0,0,0,0,0,0,0,0,0
210771,Encounter,2016,0,0,1,0,0,0,0,0,0,0,0,0,0,0,0,0,0,0,0
128966,Gamera vs. Zigra,1971,0,0,0,0,1,0,0,0,0,0,1,1,0,0,0,0,0,0,0
188753,Unfriended: Dark Web,2018,0,0,1,0,0,0,0,0,0,0,0,0,0,0,0,0,0,0,0
104526,So It Goes (Korsoteoria),2012,1,0,0,0,0,0,0,0,0,0,0,0,0,0,0,0,0,0,0
215615,Pink Floyd: Pulse,1995,0,0,0,0,0,0,0,0,1,0,0,0,0,0,0,0,0,0,0
114961,Waiting for the Sea (V ozhidanii morya),2012,0,0,0,0,0,0,0,0,0,0,0,0,0,0,0,1,0,0,0
207159,Poinsettias for Christmas,2018,0,0,0,0,0,0,0,0,0,0,0,0,1,0,0,0,0,0,0
265314,Charles Manson Superstar,1989,0,0,0,0,0,0,0,1,1,0,0,0,0,0,0,0,0,0,0
208263,Ninety Degrees in the Shade,1965,1,0,0,1,0,0,0,1,0,0,0,0,0,0,0,0,0,0,0
178583,Walk Proud,1979,1,0,0,0,0,0,0,0,0,0,0,0,1,0,0,0,0,0,0
281096,Puss in Boots: The Last Wish,2022,0,1,0,0,0,0,0,0,0,0,0,1,0,1,1,1,0,0,0
265686,A Man Named Scott,2021,0,0,0,0,0,0,0,0,1,0,0,0,0,0,0,0,0,0,0
283433,"Keep Smiling, Mom!",2022,0,1,0,0,0,0,0,0,0,0,0,0,0,0,0,0,0,0,0
181989,Holiday on the Buses,1973,0,1,0,0,0,0,0,0,0,0,0,0,0,0,0,0,0,0,0
82608,Zerophilia,2005,0,1,0,0,0,0,0,0,0,0,0,0,1,0,0,0,0,0,0
6744,Once Bitten,1985,0,1,1,0,0,0,0,0,0,0,0,0,0,0,0,0,0,0,0
26762,Aileen Wuornos: The Selling of a Serial Killer,1993,0,0,0,0,0,0,0,0,1,0,0,0,0,0,0,0,0,0,0
133729,Sleepaway Camp III: Teenage Wasteland,1989,0,1,1,0,0,0,0,0,0,0,0,0,0,0,0,0,0,0,0
228431,Emmanuelle Through Time: Emmanuelle's Sexy Bite,2012,0,1,0,0,0,0,0,0,0,0,0,0,0,0,0,1,0,0,0
260947,Jerky Turkey,1945,0,1,0,0,0,0,0,0,0,0,0,0,0,0,1,0,0,0,0
289157,Punorjonmo | পুনর্জন্ম,2021,0,0,0,1,0,0,0,1,0,0,0,0,0,0,0,0,0,0,0
1923,There's Something About Mary,1998,0,1,0,0,0,0,0,0,0,0,0,0,1,0,0,0,0,0,0
162512,Endgame,2000,1,1,0,0,0,0,0,0,0,0,0,0,0,0,0,0,0,0,0
109008,Viper in the Fist,2004,1,0,0,0,0,0,0,0,0,0,0,0,0,0,0,0,0,0,0
159976,Pelé: Birth of a Legend,2016,1,0,0,0,0,0,0,0,0,0,0,0,0,0,0,0,0,0,0
192699,Warning Sign,1985,1,0,0,1,0,0,0,0,0,0,1,0,0,0,0,0,0,0,0
150728,All for One,2011,0,1,0,0,0,0,0,0,0,0,0,0,0,0,0,0,0,0,0
251368,When Star Wars Ruled the World,2004,0,0,0,0,0,0,0,0,1,0,0,0,0,0,0,0,0,0,0
153682,The Crooked Web,1955,0,0,0,0,0,0,0,1,0,0,0,0,0,0,0,0,0,0,0
252610,Baggio: The Divine Ponytail,2021,1,0,0,0,0,0,0,0,0,0,0,0,0,0,0,0,0,0,0
247094,One Summer Night,2016,1,0,0,0,0,0,0,0,0,0,0,0,0,0,0,0,0,0,0
223342,Japan: A Story of Love and Hate,2008,0,0,0,0,0,0,0,0,1,0,0,0,0,0,0,0,0,0,0
8888,Stealing Time (a.k.a. Rennie's Landing),2001,1,0,0,0,0,0,0,0,0,0,0,0,0,0,0,0,0,0,0
252484,Barbarous Mexico,2014,0,0,1,0,0,0,0,0,0,0,0,0,0,0,0,1,0,0,0
186941,Golden Years,2016,0,1,0,0,0,0,0,1,0,0,0,0,0,0,0,0,0,0,0
132975,Garrison Keillor: The Man on the Radio in the Red Shoes,2009,0,0,0,0,0,0,0,0,1,0,0,0,0,0,0,0,0,0,0
31,Dangerous Minds,1995,1,0,0,0,0,0,0,0,0,0,0,0,0,0,0,0,0,0,0
8004,Planet of the Vampires (Terrore nello spazio),1965,0,0,1,0,0,0,0,0,0,0,1,0,0,0,0,0,0,0,0
4723,"Deep End, The",2001,1,0,0,0,0,0,0,0,0,0,0,0,0,0,0,0,0,0,0
221496,Blood Vessel,2019,0,0,1,0,0,0,0,0,0,0,1,0,0,0,0,0,0,0,0
182153,Donald's Cousin Gus,1939,0,0,0,0,0,0,0,0,0,0,0,0,0,0,1,0,0,0,0
53774,"Mystery of Picasso, The (Le mystère Picasso)",1956,0,0,0,0,0,0,0,0,1,0,0,0,0,0,0,0,0,0,0
141716,Blind Man,2012,0,0,0,1,1,0,0,0,0,0,0,0,0,0,0,0,0,0,0
228441,Land Shark,2017,0,0,1,1,0,0,0,0,0,0,0,0,0,0,0,0,0,0,0
254392,Initiation,2021,0,0,1,1,0,0,0,1,0,1,0,0,0,0,0,0,0,0,0
2540,"Corruptor, The",1999,1,0,0,1,1,0,0,1,0,0,0,0,0,0,0,0,0,0,0
167310,The Caretaker,2016,0,0,1,1,0,0,0,0,0,0,0,0,0,0,0,0,0,0,0
1740,Men of Means,1999,1,0,0,0,1,0,0,0,0,0,0,0,0,0,0,0,0,0,0
103042,Man of Steel,2013,0,0,0,0,1,0,0,0,0,0,1,1,0,0,0,1,1,0,0
279862,A Room of My Own,2022,1,0,0,0,0,0,0,0,0,0,0,0,0,0,0,0,0,0,0
6117,Privates on Parade,1982,1,1,0,0,0,0,1,0,0,0,0,0,0,0,0,0,0,0,0
280258,The Wonder,2022,1,0,0,1,0,0,0,0,0,1,0,0,0,0,0,0,0,0,0
191499,Gunde Jaari Gallanthayyinde,2013,0,0,0,0,0,0,0,0,0,0,0,0,1,0,0,0,0,0,0
264243,The Adventures of Young Indiana Jones: The Phantom Train of Doom,1999,1,0,0,0,1,0,0,0,0,0,0,1,0,0,0,0,0,0,0
215381,Justine,2019,1,0,0,0,0,0,0,0,0,0,0,0,0,0,0,0,0,0,0
202025,Olivia,1983,1,0,1,0,0,0,0,1,0,0,0,0,1,0,0,0,0,0,0
263073,Christmas Waltz,2020,1,0,0,0,0,0,0,0,0,0,0,0,1,0,0,0,0,0,0
171455,Fabricated City,2017,0,0,0,0,1,0,0,1,0,0,0,0,0,0,0,0,0,0,0
1235,Harold and Maude,1971,1,1,0,0,0,0,0,0,0,0,0,0,1,0,0,0,0,0,0
185715,Layla M.,2016,1,0,0,0,0,0,0,0,0,0,0,0,0,0,0,0,0,0,0
120524,The Biggest Bundle of Them All,1968,0,1,0,0,0,0,0,1,0,0,0,0,0,0,0,0,0,0,0
248314,Theban Plays: Oedipus the King,1986,1,0,0,0,0,0,0,0,0,0,0,0,0,0,0,0,0,0,0
165537,The Windmill,2016,0,0,1,0,0,0,0,0,0,0,0,0,0,0,0,0,0,0,0
4086,"Big Easy, The",1987,0,0,0,1,1,0,0,1,0,1,0,0,1,0,0,0,0,0,0
8587,Mayor of the Sunset Strip,2003,0,0,0,0,0,0,0,0,1,0,0,0,0,0,0,0,0,0,0
195193,The Limousine,2014,0,1,0,0,0,0,0,0,0,0,0,0,0,0,0,0,0,0,0
113510,Switch,2011,0,0,0,1,1,0,0,1,0,0,0,0,0,0,0,0,0,0,0
217941,Virgin,2003,1,0,0,0,0,0,0,0,0,0,0,0,0,0,0,0,0,0,0
288581,Taylor Mac's 24-Decade History of Popular Music,2023,0,0,0,0,0,0,0,0,1,0,0,0,0,0,0,0,0,0,0
184135,Anne Frank: The Whole Story,2001,1,0,0,0,0,0,1,0,0,0,0,0,0,0,0,0,0,0,0
187031,Jurassic World: Fallen Kingdom,2018,1,0,0,1,1,0,0,0,0,0,1,1,0,0,0,0,0,0,0
121620,Thieves Fall Out,1941,0,1,0,0,0,0,0,0,0,0,0,0,0,0,0,0,0,0,0
6454,Music Box,1989,1,0,0,0,0,0,0,0,0,0,0,0,0,0,0,0,0,0,0
220370,The Dalai Lama: Scientist,NA,0,0,0,0,0,0,0,0,1,0,0,0,0,0,0,0,0,0,0
190921,The Silver Chair,1990,0,0,0,0,0,0,0,0,0,0,0,1,0,1,0,1,0,0,0
103489,Arctic Blast,2010,0,0,0,1,0,0,0,0,0,0,1,0,0,0,0,0,0,0,0
190103,Manila in the Claws of Light,1975,1,0,0,0,0,0,0,0,0,1,0,0,0,0,0,0,0,0,0
174213,The Sealed Room,1909,1,0,1,0,0,0,0,0,0,0,0,0,0,0,0,0,0,0,0
75345,Failan,2001,1,0,0,0,0,0,0,0,0,0,0,0,1,0,0,0,0,0,0
177295,Jesús,2016,1,0,0,0,0,0,0,0,0,0,0,0,0,1,0,0,0,0,0
123225,Winning Streak,2012,1,0,0,0,0,0,0,0,0,0,0,0,0,0,0,0,0,0,0
5705,Xanadu,1980,0,0,0,0,0,0,0,0,0,0,0,0,1,0,0,1,0,1,0
158238,The Nice Guys,2016,0,0,0,1,0,0,0,1,0,1,0,0,0,0,0,0,0,0,0
200290,Female Human Animal,2018,0,0,0,1,0,0,0,0,0,0,0,0,0,0,0,0,0,0,0
151319,Notias,2016,1,1,0,0,0,0,0,0,0,0,0,0,0,0,0,0,0,0,0
223017,Red apples,2017,1,0,0,0,0,0,0,0,0,0,0,0,0,0,0,0,0,0,0
116666,Dr Jekyll & Sister Hyde,1971,0,0,1,0,0,0,0,0,0,0,1,0,0,0,0,0,0,0,0
184817,Lunch Meat,1987,1,0,1,0,0,0,0,0,0,0,0,0,0,0,0,0,0,0,0
5017,"Big Heat, The",1953,1,0,0,0,0,0,0,0,0,0,0,0,0,0,0,0,0,0,1
38839,"Ketchup Effect, The (Hip Hip Hora!)",2004,1,0,0,0,0,0,0,0,0,0,0,0,0,0,0,0,0,0,0
254903,The Day the Earth Stopped,2008,0,0,0,1,1,0,0,0,0,0,1,1,0,0,0,0,0,0,0
96935,My Left Eye Sees Ghosts (Ngo joh aan gin diy gwai),2002,0,1,0,0,0,0,0,0,0,0,0,0,1,0,0,1,0,0,0
263373,The Railway Children,2000,1,0,0,0,0,0,0,0,0,0,0,0,0,1,0,0,0,0,0
133497,Goldface il fantastico Superman,1967,0,0,0,0,0,0,0,1,0,0,0,1,0,0,0,0,0,0,0
172215,Saved by the Bell: Hawaiian Style,1992,0,1,0,0,0,0,0,0,0,0,0,0,0,0,0,0,0,0,0
195987,DriverX,2018,1,0,0,0,0,0,0,0,0,0,0,0,0,0,0,0,0,0,0
148675,North Pole: Open For Christmas,2015,0,0,0,0,0,0,0,0,0,0,0,0,0,1,0,1,0,0,0
254048,Unclenching the Fists,2021,1,0,0,0,0,0,0,0,0,0,0,0,0,0,0,0,0,0,0
276217,Ip Man: The Awakening,2022,1,0,0,0,1,0,0,0,0,0,0,1,0,0,0,0,0,0,0
27347,Good Advice,2001,0,1,0,0,0,0,0,0,0,0,0,0,1,0,0,0,0,0,0
277324,Carter,2022,0,0,0,1,1,0,0,0,0,0,0,0,0,0,0,0,0,0,0
121961,The Young Racers,1963,1,0,0,0,1,0,0,0,0,0,0,0,0,0,0,0,0,0,0
144182,SPL 2: A Time for Consequences,2015,1,0,0,0,1,0,0,1,0,0,0,0,0,0,0,0,0,0,0
123115,Why Be Good?,1929,1,1,0,0,0,0,0,0,0,0,0,0,1,0,0,0,0,0,0
213431,The Fable,2019,0,1,0,0,1,0,0,0,0,0,0,0,0,0,0,0,0,0,0
7194,Bonjour tristesse,1958,1,0,0,0,0,0,0,0,0,0,0,0,0,0,0,0,0,0,0
1552,Con Air,1997,0,0,0,1,1,0,0,0,0,0,0,1,0,0,0,0,0,0,0
194388,Gamera: Guardian of the Universe,1995,1,0,0,1,1,0,0,0,0,0,1,1,0,0,0,1,0,0,0
201318,Deer Woman,2005,0,1,1,0,0,0,0,0,0,0,0,0,0,0,0,0,0,0,0
106992,Cousin Angelica (La prima Angélica),1974,1,0,0,0,0,0,0,0,0,0,0,0,0,0,0,0,0,0,0
213047,Makmum,2019,0,0,1,0,0,0,0,0,0,0,0,0,0,0,0,0,0,0,0
32296,Miss Congeniality 2: Armed and Fabulous,2005,0,1,0,0,0,0,0,1,0,0,0,1,0,0,0,0,0,0,0
145162,Ripper: Letter from Hell,2001,0,0,1,0,0,0,0,0,0,0,0,0,0,0,0,0,0,0,0
4621,Look Who's Talking,1989,0,1,0,0,0,0,0,0,0,0,0,0,1,0,0,0,0,0,0
204804,Bob Saget: Zero to Sixty,2017,0,1,0,0,0,0,0,0,0,0,0,0,0,0,0,0,0,0,0
4799,"It's a Mad, Mad, Mad, Mad World",1963,0,1,0,0,1,0,0,1,0,0,0,1,0,0,0,0,0,0,0
139653,Winston Churchill: Walking with Destiny,2010,0,0,0,0,0,0,0,0,1,0,0,0,0,0,0,0,0,0,0
263965,Downton Abbey: Christmas Special 2015,2015,1,0,0,0,0,0,0,0,0,0,0,0,1,1,0,0,0,0,0
272135,Bodies Bodies Bodies,2022,0,1,1,1,0,0,0,0,0,0,0,0,0,0,0,0,0,0,0
246110,Klara,2010,0,0,0,0,0,0,0,0,0,0,0,1,0,1,0,0,0,0,0
185749,The Last Horror Film,1982,0,1,1,0,0,0,0,0,0,0,0,0,0,0,0,0,0,0,0
86852,"Beaver, The",2011,1,0,0,0,0,0,0,0,0,0,0,0,0,0,0,0,0,0,0
126737,Dark Dungeons,2014,1,0,0,0,0,0,0,0,0,0,0,0,0,0,0,1,0,0,0
186603,Method,2004,0,0,0,1,0,0,0,0,0,0,0,0,0,0,0,0,0,0,0
163873,Scared Stiff,1987,0,0,1,0,0,0,0,0,0,0,0,0,0,0,0,0,0,0,0
135454,Alien vs. Ninja,2010,0,0,1,1,1,0,0,0,0,0,1,0,0,0,0,0,0,0,0
147346,Final Exam,1981,0,0,1,0,0,0,0,0,0,0,0,0,0,0,0,0,0,0,0
139598,Yellowbird,2014,0,1,0,0,0,0,0,0,0,0,0,0,0,1,1,0,0,0,0
126787,The Last Time I Saw Macao,2012,0,0,0,1,0,0,0,0,1,0,0,0,0,0,0,0,0,0,0
96294,Bells of Innocence,2003,0,0,1,0,0,0,0,0,0,0,0,0,0,0,0,0,0,0,0
277164,Venky,2004,0,1,0,0,0,0,0,0,0,0,0,1,0,0,0,0,0,0,0
120114,Summertime,2014,0,1,0,0,0,0,0,0,0,0,0,0,0,0,0,0,0,0,0
220930,Suk Suk,2020,1,0,0,0,0,0,0,0,0,0,0,0,0,0,0,0,0,0,0
207850,Gasht-e 2,2017,0,1,0,0,0,0,0,0,0,0,0,0,0,0,0,0,0,0,0
137841,Harlow,1965,1,0,0,0,0,0,0,0,0,0,0,0,0,0,0,0,0,0,0
165661,The Piper,2015,0,0,1,0,0,0,0,0,0,0,0,0,0,0,0,1,0,0,0
169512,Fist of the North Star: Legend of Raoh - Chapter of Fierce Fight,2007,0,0,0,0,1,0,0,0,0,0,0,0,0,0,1,0,0,0,0
195649,Quién te cantará,2018,1,0,0,0,0,0,0,0,0,1,0,0,0,0,0,0,0,0,0
244656,Simple Passion,2020,1,0,0,0,0,0,0,0,0,0,0,0,1,0,0,0,0,0,0
240628,Bottom Feeder,2007,0,0,1,0,0,0,0,0,0,0,1,0,0,0,0,0,0,0,0
105490,Almost You,1985,1,1,0,0,0,0,0,0,0,0,0,0,0,0,0,0,0,0,0
5076,"Adventures of Huck Finn, The",1993,1,1,0,0,0,0,0,0,0,0,0,1,0,1,0,0,0,0,0
222419,Khuda Haafiz,2020,0,0,0,1,1,0,0,0,0,0,0,0,1,0,0,0,0,0,0
152041,100% Love,2011,1,0,0,0,0,0,0,0,0,0,0,0,1,0,0,0,0,0,0
6494,On_Line (a.k.a. On Line),2002,1,0,0,0,0,0,0,0,0,0,0,0,0,0,0,0,0,0,0
238804,Life After All,2003,1,0,0,0,0,0,0,0,0,0,0,0,0,1,0,0,0,0,0
277822,Miss Nobody,1996,1,0,0,0,0,0,0,0,0,0,0,0,0,0,0,0,0,0,0
609,Homeward Bound II: Lost in San Francisco,1996,0,0,0,0,0,0,0,0,0,0,0,1,0,1,0,0,0,0,0
173773,Destiny,2006,1,0,0,0,0,0,0,0,0,0,0,0,0,0,0,0,0,0,0
8584,Leave Her to Heaven,1945,1,0,0,0,0,0,0,0,0,0,0,0,0,0,0,0,0,0,1
196329,Sons of Norway,2011,1,0,0,0,0,0,0,0,0,0,0,0,0,0,0,0,0,0,0
2868,Fright Night Part II,1988,0,0,1,0,0,0,0,0,0,0,0,0,0,0,0,0,0,0,0
92648,BookWars,2000,0,1,0,0,0,0,0,1,1,0,0,0,0,0,0,0,0,0,0
7833,Shadow of the Thin Man,1941,0,1,0,0,0,0,0,1,0,1,0,0,0,0,0,0,0,0,0
253794,In Your Shoes,2020,0,1,0,0,0,0,0,0,0,0,0,0,0,0,0,0,0,0,0
169258,Gangs,2009,1,1,0,0,0,0,0,0,0,0,0,0,0,0,0,0,0,0,0
32354,Free Radicals (Böse Zellen),2003,1,0,0,0,0,0,0,0,0,0,0,0,0,0,0,0,0,0,0
101388,"Colder Kind of Death, A",2001,1,0,0,0,0,0,0,1,0,1,0,0,0,0,0,0,0,0,0
268732,Scream,2022,0,0,1,1,0,0,0,0,0,1,0,0,0,0,0,0,0,0,0
177917,Papa ou maman 2,2016,0,1,0,0,0,0,0,0,0,0,0,0,0,0,0,0,0,0,0
178339,The Classic,2003,1,0,0,0,0,0,0,0,0,0,0,0,1,0,0,0,0,0,0
183647,11 September Vragen,2016,0,0,0,0,0,0,0,0,1,0,0,0,0,0,0,0,0,0,0
4786,"Legend of Hell House, The",1973,0,0,1,1,0,0,0,0,0,0,0,0,0,0,0,0,0,0,0
222117,Music,2020,1,0,0,0,0,0,0,0,0,0,0,0,0,0,0,0,0,0,0
152627,Balls to the Wall,2011,0,1,0,0,0,0,0,0,0,0,0,0,0,0,0,0,0,0,0
145722,Cold & Dark,2005,0,0,1,1,1,0,0,1,0,0,0,0,0,0,0,0,0,0,0
288767,Human Resources,2021,0,0,1,0,0,0,0,0,0,1,0,0,0,0,0,0,0,0,0
2839,West Beirut (West Beyrouth),1998,1,0,0,0,0,0,0,0,0,0,0,0,0,0,0,0,0,0,0
191857,The Bleeding Edge,2018,0,0,0,0,0,0,0,0,1,0,0,0,0,0,0,0,0,0,0
168054,After the Fall,2010,1,0,0,0,0,0,0,0,0,0,0,0,0,0,0,0,0,0,0
181891,Slide Donald Slide,1949,0,1,0,0,0,0,0,0,0,0,0,0,0,1,1,0,0,0,0
264059,The Heater,2019,0,0,0,1,0,0,0,0,0,0,0,0,0,0,0,0,0,0,0
250572,Hare Ribbin',1944,0,1,0,0,0,0,0,0,0,0,0,0,0,0,1,0,0,0,0
194152,Sleep No More,2018,0,0,1,0,0,0,0,0,0,0,0,0,0,0,0,0,0,0,0
216535,Prank,2013,0,0,1,0,0,0,0,1,0,0,0,0,0,0,0,0,0,0,0
128758,Judge Fayard Called the Sheriff,1977,1,0,0,0,0,0,0,1,0,0,0,0,0,0,0,0,0,0,0
251572,My Dog's Christmas Miracle,2011,0,1,0,0,0,0,0,0,0,0,0,0,0,1,0,0,0,0,0
103333,Blutzbrüdaz,2013,0,1,0,0,0,0,0,0,0,0,0,0,0,0,0,0,0,0,0
36553,In Old Chicago,1937,1,0,0,0,1,0,1,0,0,0,0,0,0,0,0,0,0,1,0
2973,Crimes and Misdemeanors,1989,1,1,0,0,0,0,0,1,0,0,0,0,0,0,0,0,0,0,0
4117,Hope and Glory,1987,1,0,0,0,0,0,0,0,0,0,0,0,0,0,0,0,0,0,0
133699,Black Friday,2004,1,0,0,1,0,0,0,1,0,0,0,0,0,0,0,0,0,0,0
27328,Monday,2000,0,1,0,1,1,0,0,1,0,0,0,0,0,0,0,1,0,0,0
8157,Jin Roh: The Wolf Brigade (Jin-Rô),1998,0,0,0,1,0,0,0,0,0,0,0,0,0,0,1,1,0,0,0
137924,Dark Souls,2011,0,0,1,1,0,0,0,0,0,0,0,0,0,0,0,0,0,0,0
220776,International Khiladi,1999,1,0,0,1,1,0,0,1,0,0,0,0,1,0,0,0,0,0,0
278952,Moon Man,2022,0,1,0,0,0,0,0,0,0,0,1,0,0,0,0,0,0,0,0
162374,The Rack Pack,2016,1,1,0,0,0,0,0,0,0,0,0,0,0,0,0,0,0,0,0
213976,Lost Girls,2020,1,0,0,1,0,0,0,0,0,1,0,0,0,0,0,0,0,0,0
33970,Equinox,1992,1,0,0,1,0,0,0,0,0,1,0,0,0,0,0,0,0,0,0
77808,Bobby Deerfield,1977,1,0,0,0,0,0,0,0,0,0,0,0,1,0,0,0,0,0,0
125301,The Little Hut,1957,0,1,0,0,0,0,0,0,0,0,0,0,1,0,0,0,0,0,0
187973,Father Frost and the Summer,1969,0,0,0,0,0,0,0,0,0,0,0,0,0,0,1,0,0,0,0
235551,The Orange Years: The Nickelodeon Story,2018,0,0,0,0,0,0,0,0,1,0,0,0,0,0,0,0,0,0,0
155115,Asura,2012,1,0,1,0,0,0,0,0,0,0,0,0,0,0,1,0,0,0,0
100517,"World Before Her, The",2012,0,0,0,0,0,0,0,0,1,0,0,0,0,0,0,0,0,0,0
114420,When Eight Bells Toll,1971,0,0,0,0,1,0,0,1,0,1,0,1,0,0,0,0,0,0,0
280674,Reclaim,2022,1,0,0,0,0,0,0,0,0,0,0,0,0,1,0,0,0,0,0
182941,The Motive,2017,1,0,0,1,0,0,0,0,0,0,0,0,0,0,0,0,0,0,0
288591,Little Red Walking Hood,1937,0,1,0,0,0,0,0,0,0,0,0,0,0,0,1,0,0,0,0
149398,On the Twelfth Day of Christmas,2015,0,0,0,0,0,0,0,0,0,0,0,0,0,1,0,0,0,0,0
241708,Video Diary of a Lost Girl,2012,0,1,1,0,0,0,0,0,0,0,0,0,0,0,0,1,0,0,0
150018,Verlengd Weekend,2005,1,1,0,0,0,0,0,0,0,0,0,0,0,0,0,0,0,0,0
133431,Carambola's Philosophy: In the Right Pocket,1975,0,1,0,0,0,1,0,0,0,0,0,0,0,0,0,0,0,0,0
172855,Путь к себе,2010,0,0,0,0,0,0,0,0,0,0,0,0,1,0,0,0,0,0,0
144240,Screaming Mimi,1958,0,0,0,1,0,0,0,0,0,0,0,0,0,0,0,0,0,0,0
226888,The Dark and the Wicked,2020,0,0,1,0,0,0,0,0,0,0,0,0,0,0,0,0,0,0,0
211754,Blood Widow,2019,0,0,1,1,0,0,0,0,0,1,0,0,0,0,0,0,0,0,0
280194,The Inhabitant,2022,0,0,1,1,0,0,0,0,0,0,0,0,0,0,0,0,0,0,0
273767,Tomb of the River,2021,1,0,0,0,1,0,0,1,0,0,0,0,0,0,0,0,0,0,0
254758,The Greenhouse,2021,1,0,0,0,0,0,0,0,0,0,0,0,0,0,0,1,0,0,0
120923,Under a Lucky Star,2014,0,1,0,0,0,0,0,0,0,0,0,0,0,0,0,0,0,0,0
243586,Operation Varsity Blues: The College Admissions Scandal,2021,0,0,0,0,0,0,0,1,1,0,0,0,0,0,0,0,0,0,0
150395,Assassination Classroom,2015,0,0,0,0,1,0,0,0,0,0,1,1,0,0,0,0,0,0,0
160350,Alien Lockdown,2004,0,0,0,0,0,0,0,0,0,0,1,0,0,0,0,0,0,0,0
217573,5G Zombies,2020,0,0,1,0,0,0,0,0,0,0,0,0,0,0,0,0,0,0,0
117586,My Dear Desperado,2010,0,1,0,0,0,0,0,0,0,0,0,0,0,0,0,0,0,0,0
254460,Jungle Cruise,2021,0,1,0,0,0,0,0,0,0,0,0,1,0,1,0,1,0,0,0
128129,The Dead Are Alive,1972,0,0,1,1,0,0,0,0,0,1,0,0,0,0,0,0,0,0,0
279394,Innocence,2011,1,0,0,1,0,0,0,0,0,0,0,0,0,0,0,0,0,0,0
2011,Back to the Future Part II,1989,0,1,0,0,0,0,0,0,0,0,1,1,0,0,0,0,0,0,0
5284,Crush,2001,0,1,0,0,0,0,0,0,0,0,0,0,1,0,0,0,0,0,0
25956,"Secret Garden, The",1949,1,0,0,0,0,0,0,0,0,0,0,0,0,1,0,0,0,0,0
177977,The Secret Rivals,1976,0,0,0,0,1,0,0,0,0,0,0,0,0,0,0,0,0,0,0
262735,Walk the Dog,2014,1,0,0,0,0,0,0,0,0,0,0,0,0,0,0,0,0,0,0
176237,The One-Man Band,1900,0,0,0,1,1,0,0,0,0,0,0,0,0,0,0,1,0,0,0
203222,The Lion King,2019,1,0,0,0,0,0,0,0,0,0,0,1,0,1,1,0,0,0,0
164707,Go Figure,2005,1,1,0,0,0,0,0,0,0,0,0,0,0,1,0,0,0,0,0
273977,365 Days: This Day,2022,1,0,0,0,0,0,0,0,0,0,0,0,1,0,0,0,0,0,0
61465,Bangkok Dangerous,2008,0,0,0,1,1,0,0,1,0,0,0,0,0,0,0,0,0,0,0
106195,How I Live Now,2013,1,0,0,1,1,0,0,0,0,0,0,0,0,0,0,0,0,0,0
223316,Satte Pe Satta,1982,0,1,0,0,0,0,0,0,0,0,0,0,0,0,0,0,0,0,0
151505,Carpet Racers,2009,0,0,0,0,0,0,0,0,1,0,0,0,0,0,0,0,0,0,0
186631,Everybody Knows,2018,1,0,0,0,0,0,0,0,0,0,0,0,0,0,0,0,0,0,0
151426,L'arciere di fuoco,1971,0,0,0,0,0,0,0,0,0,0,0,1,0,0,0,0,0,0,0
98376,"Yellow Cab Man, The",1950,1,1,0,0,0,0,0,0,0,0,0,0,1,0,0,0,0,0,0
89492,Moneyball,2011,1,0,0,0,0,0,0,0,0,0,0,0,0,0,0,0,0,0,0
126158,Frenchmen 2,2007,0,1,0,0,0,0,0,0,0,0,0,0,1,0,0,0,0,0,0
205603,Always - Sunset on Third Street 3,2012,1,1,0,0,0,0,0,0,0,0,0,0,0,0,0,0,0,0,0
244562,Going Nuts - Tales from the Squirrel World,2019,0,0,0,0,0,0,0,0,1,0,0,0,0,0,0,0,0,0,0
200556,Cry Danger,1951,1,0,0,1,0,0,0,1,0,0,0,0,0,0,0,0,0,0,0
291685,Where the Wind Blows,2023,1,0,0,1,0,0,0,1,0,0,0,0,0,0,0,0,0,0,0
71280,"Wreck of the Mary Deare, The",1959,1,0,0,1,0,0,0,0,0,0,0,0,0,0,0,0,0,0,0
264980,To the Victory at Last,1997,1,0,0,0,0,0,0,0,0,0,0,0,0,0,0,0,0,0,0
83381,Seven Thieves,1960,1,0,0,0,0,0,0,1,0,0,0,0,0,0,0,0,0,0,0
4854,Clambake,1967,0,0,0,0,0,0,0,0,0,0,0,0,0,0,0,0,0,1,0
98114,Bloodtide,1982,0,0,1,0,0,0,0,0,0,0,0,0,0,0,0,0,0,0,0
161179,To Steal from a Thief,2016,0,0,0,1,0,0,0,1,0,0,0,0,0,0,0,0,0,0,0
71433,"Black God, White Devil (Deus e o Diabo na Terra do Sol)",1964,1,0,0,0,0,1,0,1,0,0,0,1,0,0,0,0,0,0,0
193213,Forget About It,2006,1,1,0,0,0,0,0,0,0,0,0,0,0,0,0,0,0,0,0
26501,Choose Me,1984,0,1,0,0,0,0,0,0,0,0,0,0,1,0,0,0,0,0,0
179309,Wuthering Heights,1953,1,0,0,0,0,0,0,0,0,0,0,0,1,0,0,0,0,0,0
63436,Saw V,2008,0,0,1,1,0,0,0,1,0,0,0,0,0,0,0,0,0,0,0
7319,Club Dread,2004,0,1,1,0,0,0,0,0,0,0,0,0,0,0,0,0,0,0,0
123227,The Slaughter,2006,0,0,1,0,0,0,0,0,0,0,0,0,0,0,0,0,0,0,0
196097,The Zen Diaries of Garry Shandling: Parts 1 & 2,NA,0,1,0,0,0,0,0,0,1,0,0,0,0,0,0,0,0,0,0
211185,Ella Fitzgerald: Just One of Those Things,2019,0,0,0,0,0,0,0,0,1,0,0,0,0,0,0,0,0,0,0
250208,White People Money,2021,0,1,0,0,0,0,0,0,0,0,0,0,0,0,0,0,0,0,0
147300,Adventures Of Sherlock Holmes And Dr. Watson: The Twentieth Century Approaches,1986,0,0,0,0,0,0,0,1,0,1,0,0,0,0,0,0,0,0,0
212715,Shanghai 13,1984,0,0,0,0,1,0,0,0,0,0,0,0,0,0,0,0,0,0,0
184237,Uttama Villain,2015,1,1,0,0,0,0,0,0,0,0,0,0,1,0,0,0,0,0,0
2738,Crimes of the Heart,1986,1,1,0,0,0,0,0,0,0,0,0,0,0,0,0,0,0,0,0
269536,Sörensen's Fear,2020,0,1,0,0,0,0,0,1,0,0,0,0,0,0,0,0,0,0,0
145626,Gold for the Caesars,1963,0,0,0,0,1,0,0,0,0,0,0,1,0,0,0,0,0,0,0
280388,Last Summer,2021,1,0,0,0,0,0,0,0,0,0,0,0,1,0,0,0,0,0,0
220156,All Inclusive,2018,0,0,0,0,0,0,0,0,1,0,0,0,0,0,0,0,0,0,0
287011,Daniel Boone,1936,0,0,0,0,0,1,0,0,0,0,0,0,0,0,0,0,0,0,0
108951,Rain or Shine,1930,1,1,0,0,0,0,0,0,0,0,0,0,1,0,0,0,0,0,0
95784,Intohimon vallassa,1947,1,0,0,0,0,0,0,0,0,0,0,0,1,0,0,0,0,0,0
2852,"Soldier's Story, A",1984,1,0,0,0,0,0,0,0,0,0,0,0,0,0,0,0,0,0,0
76,Screamers,1995,0,0,0,1,1,0,0,0,0,0,1,0,0,0,0,0,0,0,0
193183,Death of a Nation,2018,0,0,0,0,0,0,0,0,1,0,0,0,0,0,0,0,0,0,0
84565,Legend of the Eight Samurai (Satomi hakken-den),1983,1,0,0,0,1,0,0,0,0,0,0,1,0,0,0,1,0,0,0
152834,Sin,2003,0,0,0,1,1,0,0,0,0,0,0,0,1,0,0,0,0,0,0
158290,Kaakha Kaakha,2003,0,0,0,1,1,0,0,1,0,0,0,0,0,0,0,0,0,0,0
4400,Donovan's Brain,1953,0,0,0,0,0,0,0,0,0,0,1,0,0,0,0,0,0,0,0
203180,Ducoboo 2: Crazy Vacation,2012,0,1,0,0,0,0,0,0,0,0,0,0,0,0,0,0,0,0,0
208495,American Son,2019,1,0,0,0,0,0,0,0,0,0,0,0,0,0,0,0,0,0,0
173619,Fugitives,1986,0,1,0,0,0,0,0,1,0,0,0,0,0,0,0,0,0,0,0
151139,Carnival Story,1954,1,0,0,0,0,0,0,0,0,0,0,0,1,0,0,0,0,0,0
159449,African Safari,2013,0,0,0,0,0,0,0,0,1,0,0,0,0,0,0,0,0,0,0
191283,Disgraced,2017,0,0,0,0,0,0,0,0,1,0,0,0,0,0,0,0,0,0,0
280084,Teenage Yakuza,1962,0,0,0,0,1,0,0,1,0,0,0,0,0,0,0,0,0,0,0
144928,El Analfabeto,1961,0,1,0,0,0,0,0,0,0,0,0,0,0,0,0,0,0,0,0
190573,My Little Loves,1974,1,0,0,0,0,0,0,0,0,0,0,0,0,0,0,0,0,0,0
103139,"Mugger, The (El asaltante)",2007,1,0,0,0,0,0,0,0,0,0,0,0,0,0,0,0,0,0,0
151607,Funky Monkey,2004,0,1,0,0,0,0,0,0,0,0,0,0,0,1,0,0,0,0,0
139096,Unmatched,2010,0,0,0,0,0,0,0,0,1,0,0,0,0,0,0,0,0,0,0
243842,Attack from the Sea,1953,1,0,0,0,0,0,1,0,0,0,0,0,0,0,0,0,0,0,0
6650,Kind Hearts and Coronets,1949,1,1,0,0,0,0,0,0,0,0,0,0,0,0,0,0,0,0,0
81758,Faces of Schlock,2005,0,1,1,0,0,0,0,0,0,0,0,0,0,0,0,0,0,0,0
7176,Crimson Gold (Talaye sorgh),2003,1,0,0,0,0,0,0,0,0,0,0,0,0,0,0,0,0,0,0
276423,Jag är med barn,1979,0,1,0,0,0,0,0,0,0,0,0,0,0,0,0,0,0,0,0
2312,Children of a Lesser God,1986,1,0,0,0,0,0,0,0,0,0,0,0,0,0,0,0,0,0,0
108529,Vizontele Tuuba,2004,1,1,0,0,0,0,0,0,0,0,0,0,0,0,0,0,0,0,0
158635,Just Between Us,2010,1,1,0,0,0,0,0,0,0,0,0,0,0,0,0,0,0,0,0
48780,"Prestige, The",2006,1,0,0,1,0,0,0,0,0,1,1,0,0,0,0,0,0,0,0
146210,Blue Mountain State: The Rise of Thadland,2015,0,1,0,0,0,0,0,0,0,0,0,0,0,0,0,0,0,0,0
86355,Atlas Shrugged: Part 1,2011,1,0,0,0,0,0,0,0,0,1,1,0,0,0,0,0,0,0,0
163310,A Visit with Truman Capote,1966,0,0,0,0,0,0,0,0,1,0,0,0,0,0,0,0,0,0,0
155695,Bela Lugosi Meets a Brooklyn Gorilla,1952,0,1,0,0,0,0,0,0,0,0,1,0,0,0,0,0,0,0,0
1688,Anastasia,1997,1,0,0,0,0,0,0,0,0,0,0,1,0,1,1,0,0,1,0
185965,Murder on the Cape,2017,1,0,0,0,0,0,0,0,0,0,0,0,0,0,0,0,0,0,0
139507,Lissi and the Wild Emperor,2007,0,1,0,0,0,0,0,0,0,0,0,0,0,0,1,0,0,0,0
250576,Hot Cross Bunny,1948,0,1,0,0,0,0,0,0,0,0,0,0,0,0,1,0,0,0,0
131852,The Mad Genius,1931,1,0,1,0,0,0,0,0,0,0,0,0,1,0,0,0,0,0,0
101715,Loaded,2008,1,0,0,1,1,0,0,1,0,0,0,0,0,0,0,0,0,0,0
54272,"Simpsons Movie, The",2007,0,1,0,0,0,0,0,0,0,0,0,0,0,0,1,0,0,0,0
258583,La Recta Provincia,2007,1,0,0,0,0,0,0,0,0,0,0,0,0,0,0,0,0,0,0
187143,Hedi,2016,1,0,0,0,0,0,0,0,0,0,0,0,0,0,0,0,0,0,0
157931,La Cage,1975,1,0,0,0,0,0,0,0,0,0,0,0,0,0,0,0,0,0,0
117492,Alien Nation: Body and Soul,1995,0,0,0,0,0,0,0,0,0,0,1,0,0,0,0,0,0,0,0
5072,Metropolis,2001,0,0,0,0,0,0,0,0,0,0,1,0,0,0,1,0,0,0,0
259909,Italian Studies,2021,1,0,0,0,0,0,0,0,0,0,0,0,0,0,0,0,0,0,0
193661,Two Weeks in Hell,2009,0,0,0,0,0,0,0,0,1,0,0,0,0,0,0,0,0,0,0
271777,Anthony,2014,1,1,0,0,0,0,0,0,0,0,0,0,0,0,0,0,0,0,0
167188,The Reunion 2 - The Funeral,2014,0,1,0,0,0,0,0,0,0,0,0,0,0,0,0,0,0,0,0
122088,Water,1985,1,1,0,0,0,0,0,0,0,0,0,1,0,0,0,0,0,0,0
184193,Raees,2017,0,0,0,1,1,0,0,1,0,0,0,0,0,0,0,0,0,0,0
81853,These Are the Damned (a.k.a. The Damned),1963,1,0,0,0,0,0,0,0,0,0,1,0,1,0,0,1,0,0,0
270624,The Painter and the Pointer,1944,0,0,0,0,0,0,0,0,0,0,0,0,0,0,1,0,0,0,0
178125,D@bbe 2,2009,0,0,1,0,0,0,0,0,0,1,0,0,0,0,0,0,0,0,0
204718,The Gatehouse,2016,1,0,1,0,0,0,0,0,0,0,0,1,0,0,0,1,0,0,0
42725,Grandma's Boy,2006,0,1,0,0,0,0,0,0,0,0,0,0,0,0,0,0,0,0,0
287227,Fool's Paradise,2023,0,1,0,0,0,0,0,0,0,0,0,0,0,0,0,0,0,0,0
202503,L.A. Takedown,1989,1,0,0,1,1,0,0,1,0,0,0,0,0,0,0,0,0,0,0
232941,Baby It's You,1983,1,1,0,0,0,0,0,0,0,0,0,0,1,0,0,0,0,0,0
102115,Prinsessa Ruusunen,1949,0,0,0,0,0,0,0,0,0,0,0,0,1,1,0,1,0,0,0
192565,We the Animals,2018,1,0,0,0,0,0,0,0,0,0,0,0,0,0,0,0,0,0,0
157985,Unter Strom,2009,0,1,0,0,0,0,0,0,0,0,0,0,0,0,0,0,0,0,0
140876,Do Lado de Fora,2014,0,1,0,0,0,0,0,0,0,0,0,0,0,0,0,0,0,0,0
177549,Ziegfeld Girl,1941,1,0,0,0,0,0,0,0,0,0,0,0,1,0,0,0,0,0,0
132688,Falling From Grace,1992,1,0,0,0,0,0,0,0,0,0,0,0,1,0,0,0,0,0,0
92427,Woman in Love (Rubbeldiekatz),2011,0,1,0,0,0,0,0,0,0,0,0,0,0,0,0,0,0,0,0
237820,Born a Champion,2021,1,0,0,0,1,0,0,0,0,0,0,0,0,0,0,0,0,0,0
173571,The Second Tragic Fantozzi,1976,0,1,0,0,0,0,0,0,0,0,0,0,0,0,0,0,0,0,0
8427,Americathon,1979,0,1,0,0,0,0,0,0,0,0,1,0,0,0,0,0,0,0,0
60145,"Penalty, The",1920,1,0,1,0,0,0,0,1,0,0,0,0,0,0,0,0,0,0,0
244188,7 Days Out,2018,0,0,0,0,0,0,0,0,1,0,0,0,0,0,0,0,0,0,0
4401,Donovan's Reef,1963,0,1,0,0,1,0,0,0,0,0,0,0,1,0,0,0,0,0,0
124735,Love Bites,1993,0,1,0,0,0,0,0,0,0,0,0,0,1,0,0,0,0,0,0
173629,Appleseed: Ex Machina,2007,0,0,0,1,1,0,0,0,0,0,1,0,0,0,1,0,0,0,0
212801,Fist from Shaolin,1993,0,0,0,0,1,0,0,0,0,0,0,0,0,0,0,0,0,0,0
236359,Serial Cook,2018,1,1,0,0,0,0,0,0,0,0,0,0,0,0,0,0,0,0,0
221184,Fireball 500,1966,1,1,0,0,1,0,0,0,0,0,0,0,0,0,0,0,0,0,0
771,"Life Is Rosy (a.k.a. Life Is Beautiful) (Vie est belle, La)",1987,1,1,0,0,0,0,0,0,0,0,0,0,0,0,0,0,0,0,0
67247,Praying with Lior,2008,0,0,0,0,0,0,0,0,1,0,0,0,0,0,0,0,0,0,0
211067,Os Farofeiros,2018,0,1,0,0,0,0,0,0,0,0,0,0,0,0,0,0,0,0,0
270604,Schönes Schlamassel,2020,0,1,0,0,0,0,0,0,0,0,0,0,1,0,0,0,0,0,0
77332,Don's Plum,2001,1,0,0,0,0,0,0,0,0,0,0,0,0,0,0,0,0,0,0
129223,Tarzan's Savage Fury,1952,0,0,0,0,1,0,0,0,0,0,0,1,0,0,0,0,0,0,0
122563,InSight,2011,0,0,0,1,0,0,0,0,0,1,0,0,0,0,0,0,0,0,0
907,"Gay Divorcee, The",1934,0,1,0,0,0,0,0,0,0,0,0,0,1,0,0,0,0,1,0
131272,Last Flight Out,2004,0,0,0,0,1,0,0,0,0,0,0,0,0,0,0,0,0,0,0
934,Father of the Bride,1950,0,1,0,0,0,0,0,0,0,0,0,0,0,0,0,0,0,0,0
74864,Road Trip: Beer Pong,2009,0,1,0,0,0,0,0,0,0,0,0,0,0,0,0,0,0,0,0
169468,Lure: Teen Fight Club,2010,1,0,0,0,1,0,0,1,0,0,0,0,0,0,0,0,0,0,0
270928,Project Gemini,2022,0,0,0,0,0,0,0,0,0,0,1,0,0,0,0,0,0,0,0
149004,Bolshoi Babylon,2015,0,0,0,0,0,0,0,0,1,0,0,0,0,0,0,0,0,0,0
280352,Unicorn Wars,2022,0,1,1,0,1,0,1,0,0,0,0,0,0,0,1,1,0,0,0
209035,time for sushi,2017,0,1,0,0,0,0,0,0,0,0,0,0,0,0,1,0,0,0,0
5909,Visitor Q (Bizita Q),2001,1,1,1,0,0,0,0,0,0,0,0,0,0,0,0,0,0,0,0
107855,Ditirambo,1969,1,1,0,1,0,0,0,0,0,1,0,0,0,0,0,0,0,0,0
281460,Jerry's Diary,1949,0,1,0,0,0,0,0,0,0,0,0,0,0,0,1,0,0,0,0
105865,"Enemy Within, The (O ehthros mou)",2013,1,0,0,0,0,0,0,0,0,0,0,0,0,0,0,0,0,0,0
76091,Mother (Madeo),2009,1,0,0,1,0,0,0,1,0,1,0,0,0,0,0,0,0,0,0
46965,Snakes on a Plane,2006,0,1,1,1,1,0,0,0,0,0,0,0,0,0,0,0,0,0,0
1877,Little Men,1998,1,0,0,0,0,0,0,0,0,0,0,0,0,0,0,0,0,0,0
118234,"Party Animal, The",1984,0,1,0,0,0,0,0,0,0,0,0,0,0,0,0,0,0,0,0
140830,The Legend Of Secret Pass,2010,0,0,0,0,0,0,0,0,0,0,0,0,0,1,1,1,0,0,0
5590,"Mack, The",1973,0,0,0,0,0,0,0,1,0,0,0,0,0,0,0,0,0,0,0
234352,Close Calls,2017,0,0,1,0,0,0,0,0,0,0,0,0,0,0,0,0,0,0,0
160153,Angels One Five,1952,1,0,0,0,0,0,1,0,0,0,0,0,0,0,0,0,0,0,0
116309,Crime in the Streets,1956,0,0,0,0,0,0,0,1,0,0,0,0,0,0,0,0,0,0,0
196037,Monstrum,2018,0,0,0,0,1,0,0,0,0,0,0,0,0,0,0,1,0,0,0
154965,Mojave Phone Booth,2006,1,0,1,0,0,0,0,0,0,0,0,0,0,0,0,0,0,0,0
5065,"Mothman Prophecies, The",2002,1,0,1,1,0,0,0,0,0,1,0,0,0,0,0,1,0,0,0
256729,This Game's Called Murder,2021,0,1,0,1,0,0,0,0,0,0,0,0,0,0,0,0,0,0,0
283017,The People's Joker,2022,0,1,0,0,0,0,0,0,0,0,0,0,0,0,0,0,0,0,0
240204,Irresistible,2011,1,1,0,0,0,0,0,0,0,0,0,0,0,0,0,0,0,0,0
3096,My Man Godfrey,1957,0,1,0,0,0,0,0,0,0,0,0,0,0,0,0,0,0,0,0
25835,Dead End,1937,1,0,0,0,0,0,0,1,0,0,0,0,0,0,0,0,0,0,1
136650,Balls Out,2014,0,1,0,0,0,0,0,0,0,0,0,0,0,0,0,0,0,0,0
174339,Rose o' Salem Town,1910,1,0,0,0,0,0,0,0,0,0,0,0,0,0,0,0,0,0,0
211171,Glamour & Glory,2012,0,1,0,0,0,0,0,0,0,0,0,0,0,0,0,0,0,0,0
79533,"Bugs Bunny / Road Runner Movie, The (a.k.a. The Great American Chase)",1979,0,1,0,0,0,0,0,0,0,0,0,0,0,1,1,0,0,0,0
216581,40: The Temptation of Christ,2020,1,0,0,0,0,0,0,0,0,0,0,0,0,0,0,0,0,0,0
179093,The Stray,2017,1,0,0,0,0,0,0,0,0,0,0,0,0,1,0,0,0,0,0
259529,Disney Parks Frozen Christmas Celebration,2014,0,0,0,0,0,0,0,0,0,0,0,0,0,1,0,0,0,0,0
141737,Grantham and Rose,2014,1,1,0,0,0,0,0,0,0,0,0,0,0,0,0,0,0,0,0
196745,The Island,2018,1,1,0,0,0,0,0,0,0,1,0,0,0,0,0,0,0,0,0
276859,Jane Shore,1915,1,0,0,0,0,0,0,0,0,0,0,0,0,0,0,0,0,0,0
183547,T.J. Miller: Meticulously Ridiculous,2017,0,1,0,0,0,0,0,0,0,0,0,0,0,0,0,0,0,0,0
187895,Ananda Thandavam,2009,1,0,0,0,0,0,0,0,0,0,0,0,1,1,0,0,0,0,0
203537,Vidas Partidas,2016,1,0,0,0,0,0,0,0,0,0,0,0,0,0,0,0,0,0,0
233071,Concrete Plans,2020,0,0,0,1,0,0,0,0,0,0,0,0,0,0,0,0,0,0,0
173211,Anjelah Johnson: The Homecoming Show,2013,0,1,0,0,0,0,0,0,0,0,0,0,0,0,0,0,0,0,0
122865,The Violent Breed,1984,0,0,0,0,1,0,0,0,0,0,0,0,0,0,0,0,0,0,0
195799,The Trial,2018,0,0,0,0,0,0,0,0,1,0,0,0,0,0,0,0,0,0,0
181799,No Hunting,1955,0,0,0,0,0,0,0,0,0,0,0,0,0,0,1,0,0,0,0
2527,Westworld,1973,0,0,0,1,1,1,0,0,0,0,1,0,0,0,0,0,0,0,0
125287,Heidi,2005,1,0,0,0,0,0,0,0,0,0,0,0,0,1,0,0,0,0,0
97968,Gallowwalkers,2012,0,0,1,0,1,1,0,0,0,0,1,0,0,0,0,0,0,0,0
164149,Theo and Hugo,2016,1,0,0,0,0,0,0,0,0,0,0,0,0,0,0,0,0,0,0
160984,The Son of Joseph,2016,1,1,0,0,0,0,0,0,0,0,0,0,0,0,0,0,0,0,0
97548,Giger's Necronomicon,1975,0,0,0,0,0,0,0,0,1,0,0,0,0,0,0,0,0,0,0
110919,All Hands on Deck,1961,0,1,0,0,0,0,0,0,0,0,0,0,0,0,0,0,0,1,0
2405,"Jewel of the Nile, The",1985,0,1,0,0,1,0,0,0,0,0,0,1,1,0,0,0,0,0,0
155605,Test,2014,1,0,0,0,0,0,0,0,0,0,0,0,0,0,0,0,0,0,0
228651,The Making of Annihilation,2018,0,0,0,0,0,0,0,0,1,0,0,0,0,0,0,0,0,0,0
194380,Subterano,2003,0,0,0,0,0,0,0,0,0,0,1,0,0,0,0,0,0,0,0
163647,Archivo 253,2015,0,0,1,0,0,0,0,0,0,0,0,0,0,0,0,0,0,0,0
259751,Parallel Mothers,2021,1,0,0,0,0,0,0,0,0,0,0,0,0,0,0,0,0,0,0
229061,Skin: A History of Nudity in the Movies,2020,0,0,0,0,0,0,0,0,1,0,0,0,0,0,0,0,0,0,0
158352,I Aim at the Stars,1960,1,0,0,0,0,0,0,0,0,0,0,0,0,0,0,0,0,0,0
4279,True Believer,1989,0,0,0,0,0,0,0,1,0,0,0,0,0,0,0,0,0,0,0
194200,Hell Fest,2018,0,0,1,0,0,0,0,0,0,0,0,0,0,0,0,0,0,0,0
204374,The Olsen Gang's Big Score,1972,0,1,0,0,0,0,0,1,0,0,0,0,0,1,0,0,0,0,0
235765,The Pickup Game,2019,0,0,0,0,0,0,0,0,1,0,0,0,0,0,0,0,0,0,0
106306,Snowball Effect: The Story of 'Clerks',2004,0,0,0,0,0,0,0,0,1,0,0,0,0,0,0,0,0,0,0
181217,Doctor Who: The Return Of Doctor Mysterio,2016,1,0,0,0,0,0,0,0,0,0,1,1,0,1,0,0,0,0,0
262099,Stuck Together,2021,0,1,0,0,0,0,0,0,0,0,0,0,0,0,0,0,0,0,0
156293,The Sultan's Daughter,1943,0,1,0,0,0,0,1,0,0,0,0,0,0,0,0,0,0,0,0
356,Forrest Gump,1994,1,1,0,0,0,0,1,0,0,0,0,0,1,0,0,0,0,0,0
181521,Manchester: 100 Days After The Attack,2017,0,0,0,0,0,0,0,0,1,0,0,0,0,0,0,0,0,0,0
120753,City Cops,1989,0,0,0,1,1,0,0,0,0,0,0,0,0,0,0,0,0,0,0
159409,The Stool Pigeon,2010,1,0,0,1,1,0,0,0,0,0,0,0,0,0,0,0,0,0,0
141106,Losers Take All,2013,0,1,0,0,0,0,0,0,0,0,0,0,0,0,0,0,0,0,0
202952,Deadly Harvest,1977,1,0,0,0,0,0,0,0,0,0,1,0,0,0,0,0,0,0,0
1221,"Godfather: Part II, The",1974,1,0,0,0,0,0,0,1,0,0,0,0,0,0,0,0,0,0,0
115905,Gibraltar,2013,0,0,0,0,0,0,0,1,0,0,0,0,0,0,0,0,0,0,0
199081,Jellyfish,2018,1,0,0,0,0,0,0,0,0,0,0,0,0,0,0,0,0,0,0
156272,Secrets of the Lone Wolf,1941,0,0,0,0,0,0,0,1,0,1,0,0,1,0,0,0,0,0,0
276397,Rocketry: The Nambi Effect,2022,1,0,0,0,0,0,0,0,0,0,0,0,0,0,0,0,0,0,0
136974,Jinn,2014,0,0,0,1,0,0,0,0,0,0,0,0,0,0,0,0,0,0,0
93083,Live Music,2009,0,0,0,0,0,0,0,0,0,0,0,0,0,0,1,0,0,0,0
158064,Vulgar Fractions,2011,0,0,0,0,0,0,0,0,1,0,0,0,0,0,0,0,0,0,0
4691,Def-Con 4,1985,0,0,0,0,1,0,0,0,0,0,1,0,0,0,0,0,0,0,0
2394,"Prince of Egypt, The",1998,0,0,0,0,0,0,0,0,0,0,0,0,0,0,1,0,0,1,0
112185,"Outlaw, The (Lope)",2010,1,0,0,0,0,0,0,0,0,0,0,0,0,0,0,0,0,0,0
142606,A Million,2009,0,0,0,1,0,0,0,0,0,0,0,0,0,0,0,0,0,0,0
221588,The Go-Go's,2020,0,0,0,0,0,0,0,0,1,0,0,0,0,0,0,0,0,0,0
155685,Extended Play,2006,0,1,0,0,0,0,0,0,0,0,0,0,0,0,0,0,0,0,0
168722,Attraction,2017,0,0,0,0,0,0,0,0,0,0,1,0,0,0,0,0,0,0,0
136096,Vacations in Majorca,1960,0,1,0,0,0,0,0,0,0,0,0,0,1,0,0,0,0,0,0
133653,Roald Dahl's Esio Trot,2015,0,1,0,0,0,0,0,0,0,0,0,0,0,0,0,0,0,0,0
213571,It's Easier for a Camel...,2003,1,0,0,0,0,0,0,0,0,0,0,0,0,0,0,0,0,0,0
193663,Camp 14: Total Control Zone,2012,0,0,0,0,0,0,0,0,1,0,0,0,0,0,0,0,0,0,0
195305,Stan & Ollie,2018,1,1,0,0,0,0,0,0,0,0,0,0,0,0,0,0,0,0,0
195283,Caroline,2018,1,0,0,0,0,0,0,0,0,0,0,0,0,0,0,0,0,0,0
141264,Flight Angels,1940,1,0,0,0,0,0,0,0,0,0,0,0,0,0,0,0,0,0,0
265142,Robin Robin,2021,0,0,0,0,0,0,0,0,0,0,0,1,0,1,1,0,0,0,0
106988,Carmina or Blow Up (Carmina o revienta),2012,1,1,0,0,0,0,0,0,0,0,0,0,0,0,0,0,0,0,0
287687,Imani,2023,0,0,0,0,1,0,0,0,0,0,0,0,0,0,0,0,0,0,0
181073,Mariah Carey's All I Want for Christmas Is You,2017,0,0,0,0,0,0,0,0,0,0,0,0,0,1,1,0,0,0,0
138412,Cha cha cha,2013,1,0,0,0,0,0,0,1,0,0,0,0,0,0,0,0,0,0,0
1025,"Sword in the Stone, The",1963,0,0,0,0,0,0,0,0,0,0,0,0,0,1,1,1,0,1,0
271753,Juliet in Paris,1967,0,0,0,0,0,0,0,0,0,0,0,0,0,0,0,1,0,0,0
283329,Baby Blues,2008,1,0,1,1,0,0,0,0,0,0,0,0,0,0,0,0,0,0,0
225970,Mank,2020,1,0,0,0,0,0,0,0,0,0,0,0,0,0,0,0,0,0,0
153106,The Fool of the World and the Flying Ship,1990,0,0,0,0,0,0,0,0,0,0,0,1,0,1,1,1,0,0,0
77613,Johnny Angel,1945,1,0,0,0,0,0,0,1,0,0,0,0,0,0,0,0,0,0,1
195953,Pupendo,2003,1,1,0,0,0,0,0,0,0,0,0,0,0,0,0,0,0,0,0
186283,20 Years Of Madness,2016,0,1,0,0,0,0,0,0,1,0,0,0,0,0,0,0,0,0,0
120889,The Child and the Policeman,1989,0,1,0,0,0,0,0,0,0,0,0,0,0,0,0,0,0,0,0
26813,Calendar,1993,1,0,0,0,0,0,0,0,0,0,0,0,0,0,0,0,0,0,0
245688,Black Holes: The Edge of All We Know,2020,0,0,0,0,0,0,0,0,1,0,0,0,0,0,0,0,0,0,0
274255,Intervenção,2021,0,0,0,0,1,0,0,1,0,0,0,0,0,0,0,0,0,0,0
181841,Donald's Dream Voice,1948,0,0,0,0,0,0,0,0,0,0,0,0,0,0,1,0,0,0,0
124168,Paper Soldiers,2002,0,1,0,0,1,0,0,0,0,0,0,0,0,0,0,0,0,0,0
156427,Sea Raiders,1941,0,0,0,0,1,0,1,0,0,0,0,0,0,0,0,0,0,0,0
211502,Apparition,2019,0,0,1,0,0,0,0,0,0,0,0,0,0,0,0,0,0,0,0
175015,Cat City,2008,0,0,0,1,0,0,0,0,0,0,0,0,0,0,0,0,0,0,0
149788,Crazy Waiting,2008,0,1,0,0,0,0,0,0,0,0,0,0,1,0,0,0,0,0,0
187301,Mississippi Hare,1949,0,1,0,0,0,0,0,0,0,0,0,0,0,0,1,0,0,0,0
93731,"Warm December, A",1973,1,0,0,0,0,0,0,0,0,0,0,0,1,0,0,0,0,0,0
148685,Night Owls,2015,1,1,0,0,0,0,0,0,0,0,0,0,0,0,0,0,0,0,0
160297,Ragin Cajun Redneck Gators,2013,0,0,1,1,0,0,0,0,0,0,1,0,0,0,0,0,0,0,0
5498,Red Beard (Akahige),1965,1,0,0,0,0,0,0,0,0,0,0,0,0,0,0,0,0,0,0
168410,Spring Broke,2016,0,0,0,0,0,0,0,0,1,0,0,0,0,0,0,0,0,0,0
31485,"Professionals, The",1966,0,0,0,0,0,1,0,0,0,0,0,0,0,0,0,0,0,0,0
140990,"Habanera, La",1937,1,0,0,0,0,0,0,0,0,0,0,0,0,0,0,0,0,0,0
122250,In Name Only,1939,1,0,0,0,0,0,0,0,0,0,0,0,1,0,0,0,0,0,0
226584,Being a Human Person,2020,0,0,0,0,0,0,0,0,1,0,0,0,0,0,0,0,0,0,0
131928,Lovelines,1984,0,1,0,0,0,0,0,0,0,0,0,0,0,0,0,0,0,0,0
2563,Dangerous Beauty,1998,1,0,0,0,0,0,0,0,0,0,0,0,0,0,0,0,0,0,0
251294,Night Shift,2021,0,1,0,0,0,0,0,1,0,0,0,0,0,0,0,0,0,0,0
184751,Take Off,2017,1,0,0,1,0,0,1,0,0,0,0,0,0,0,0,0,0,0,0
98623,Winners and Sinners (Qi mou miao ji: Wu fu xing),1983,0,1,0,0,1,0,0,1,0,0,0,0,0,0,0,0,0,0,0
165759,The Mill of Good Luck,1955,1,0,0,0,0,0,0,1,0,0,0,0,0,0,0,0,0,0,0
276879,Historia Roja,2016,1,0,0,0,0,0,1,0,0,0,0,0,0,0,0,0,0,0,0
178947,Mystery Liner,1934,0,0,0,0,0,0,0,0,0,1,0,0,0,0,0,0,0,0,0
278674,Cinema Through the Eye of Magnum,2017,0,0,0,0,0,0,0,0,1,0,0,0,0,0,0,0,0,0,0
137282,The Genius of Marian,2013,0,0,0,0,0,0,0,0,1,0,0,0,0,0,0,0,0,0,0
180559,Winter Brothers,2017,1,0,0,0,0,0,0,0,0,0,0,0,0,0,0,0,0,0,0
35853,Blackout (Contraband),1940,0,0,0,0,0,0,0,0,0,0,0,1,1,0,0,0,0,0,0
84529,Thirty-Five Something (Tout pour plaire),2005,0,1,0,0,0,0,0,0,0,0,0,0,0,0,0,0,0,0,0
72165,Cirque du Freak: The Vampire's Assistant,2009,0,1,1,1,1,0,0,0,0,0,0,1,0,0,0,1,0,0,0
220440,Penguin,2020,0,0,0,1,0,0,0,1,0,1,0,0,0,0,0,0,0,0,0
194801,My Dinner With Hervé,2018,1,0,0,0,0,0,0,0,0,0,0,0,0,0,0,0,0,0,0
147322,You Are My Only Love,1993,1,0,0,0,0,0,0,0,0,0,0,0,1,0,0,0,0,0,0
163006,Hands of Stone,2016,1,0,0,0,0,0,0,0,0,0,0,0,0,0,0,0,0,0,0
289141,Zoey 102,2023,0,1,0,0,0,0,0,0,0,0,0,0,1,0,0,0,0,0,0
59369,Taken,2008,1,0,0,1,1,0,0,1,0,0,0,0,0,0,0,0,0,0,0
135103,"Venice, the Moon and You",1958,0,1,0,0,0,0,0,0,0,0,0,0,0,0,0,0,0,0,0
69483,"Not on Your Life (Verdugo, El) (Executioner, The)",1963,1,1,0,0,0,0,0,0,0,0,0,0,0,0,0,0,0,0,0
26933,Fetishes,1996,0,0,0,0,0,0,0,0,1,0,0,0,0,0,0,0,0,0,0
45837,Let It Be,1970,0,0,0,0,0,0,0,0,1,0,0,0,0,0,0,0,0,0,0
249932,Do You Believe in Angels?,1961,0,1,0,0,0,0,0,0,0,0,0,0,0,0,0,0,0,0,0
196945,And Breathe Normally,2018,1,0,0,0,0,0,0,0,0,0,0,0,0,0,0,0,0,0,0
30977,"Pickle, The",1993,0,1,0,0,0,0,0,0,0,0,0,0,0,0,0,0,0,0,0
143219,Crossbar,1979,1,0,0,0,0,0,0,0,0,0,0,0,0,0,0,0,0,0,0
3748,"Match, The",1999,0,1,0,0,0,0,0,0,0,0,0,0,1,0,0,0,0,0,0
268468,Hot Chocolate Holiday,2021,0,0,0,0,0,0,0,0,0,0,0,0,1,0,0,0,0,0,0
91688,Salvation Boulevard,2011,0,1,0,1,0,0,0,0,0,0,0,0,0,0,0,0,0,0,0
60609,Death Note,2006,1,0,1,0,0,0,0,1,0,1,0,1,0,0,0,0,0,0,0
83777,"Strongest Man in the World, The",1975,0,1,0,0,0,0,0,0,0,0,0,0,0,0,0,1,0,0,0
213397,Promising Young Woman,2020,1,0,0,1,0,0,0,1,0,0,0,0,0,0,0,0,0,0,0
64839,"Wrestler, The",2008,1,0,0,0,0,0,0,0,0,0,0,0,0,0,0,0,0,0,0
275581,Man About Dog,2004,0,1,0,0,0,0,0,0,0,0,0,0,0,0,0,0,0,0,0
77414,"Last Song, The",2010,1,0,0,0,0,0,0,0,0,0,0,0,1,0,0,0,0,0,0
175205,Soundtrack,2017,1,0,0,0,0,0,0,0,0,0,0,0,0,0,0,0,0,0,0
205180,Time Troopers,1985,0,0,0,0,1,0,0,0,0,0,1,0,0,0,0,0,0,0,0
176315,"Suffer, Little Children",1983,0,0,1,0,0,0,0,0,0,0,0,0,0,0,0,0,0,0,0
255443,Sharpe's Peril,2008,1,0,0,0,0,0,1,0,0,0,0,1,0,0,0,0,0,0,0
262705,Lady Into Lassie,1995,1,1,0,0,0,0,0,0,0,0,0,0,1,0,0,0,0,0,0
138012,Turn the Beat Around,2010,1,0,0,0,0,0,0,0,0,0,0,0,0,0,0,0,0,0,0
291489,Big House Bunny,1950,0,1,0,0,0,0,0,0,0,0,0,0,0,1,1,0,0,0,0
251794,The Misfits,2021,0,1,0,0,1,0,0,1,0,0,0,0,0,0,0,0,0,0,0
241084,La Tirana,1958,1,0,0,0,0,0,0,0,0,0,0,0,0,0,0,0,0,0,0
191071,Baba,2002,1,0,0,0,1,0,0,0,0,0,0,0,0,0,0,0,0,0,0
188905,Optocht van voorstanders van het Esperanto,1911,0,0,0,0,0,0,0,0,1,0,0,0,0,0,0,0,0,0,0
687,Country Life,1994,1,0,0,0,0,0,0,0,0,0,0,0,1,0,0,0,0,0,0
92240,Kagi (Odd Obsession),1959,1,0,0,0,0,0,0,0,0,0,0,0,0,0,0,0,0,0,0
202661,Incorrigible,1975,0,1,0,0,0,0,0,1,0,0,0,0,0,0,0,0,0,0,0
199758,Wir hau'n die Pauker in die Pfanne,1970,0,1,0,0,0,0,0,0,0,0,0,0,0,0,0,0,0,0,0
125317,The Colony,1995,0,0,0,1,0,0,0,0,0,0,0,0,0,0,0,0,0,0,0
124539,Gunshy,1998,0,0,0,1,1,0,0,1,0,0,0,0,0,0,0,0,0,0,0
221334,Bavaria - A magical journey,2012,0,0,0,0,0,0,0,0,1,0,0,0,0,0,0,0,0,0,0
7226,No Good Deed (a.k.a. The House on Turk Street),2002,1,0,0,1,0,0,0,1,0,0,0,0,0,0,0,0,0,0,0
287817,Spitfire,1934,1,0,0,0,0,0,0,0,0,0,0,0,0,0,0,0,0,0,0
284603,Sun and Concrete,2023,1,0,0,0,0,0,0,0,0,0,0,0,0,0,0,0,0,0,0
1849,Prince Valiant,1997,0,0,0,0,0,0,0,0,0,0,0,1,0,0,0,0,0,0,0
128506,Rent-a-Cat,2012,1,1,0,0,0,0,0,0,0,0,0,0,0,0,0,0,0,0,0
207149,The Ultimate Legacy,2015,1,1,0,0,0,0,0,0,0,0,0,1,0,0,0,0,0,0,0
68855,Montana,1950,0,0,0,0,1,1,0,0,0,0,0,1,1,0,0,0,0,0,0
280936,Excess Will Save Us,2022,1,1,0,0,0,0,0,0,1,0,0,0,0,0,0,0,0,0,0
268002,The Magician's Cavern,1901,0,1,0,0,0,0,0,0,0,0,0,0,0,0,0,1,0,0,0
1668,One Night Stand,1997,1,0,0,0,0,0,0,0,0,0,0,0,0,0,0,0,0,0,0
164915,A Thief Of Time,2004,0,0,0,0,0,0,0,0,0,1,0,0,0,0,0,0,0,0,0
74261,Cimarron,1960,1,0,0,0,0,1,0,0,0,0,0,0,0,0,0,0,0,0,0
216675,The Last Descent,2016,1,0,0,0,0,0,0,0,0,0,0,0,0,0,0,0,0,0,0
202315,Hard to Die,1993,0,1,0,1,1,0,0,0,0,0,0,0,0,0,0,0,0,0,0
32724,Ghosts... of the Civil Dead,1988,1,0,0,0,0,0,0,1,0,0,0,0,0,0,0,0,0,0,0
257697,The Dwarf,1912,1,0,0,0,0,0,0,0,0,0,0,0,0,0,0,0,0,0,0
221570,Gold Fever in Lapland,1999,1,0,0,0,0,0,0,0,0,0,0,1,0,0,0,0,0,0,0
232911,Drowning Love,2016,1,0,0,0,0,0,0,0,0,0,0,0,1,0,0,0,0,0,0
171193,The Dark Tapes,2017,0,0,1,1,0,0,0,0,0,0,1,0,0,0,0,0,0,0,0
42740,Looking for Comedy in the Muslim World,2005,0,1,0,0,0,0,0,0,0,0,0,0,0,0,0,0,0,0,0
102862,"Human Scale, The",2012,0,0,0,0,0,0,0,0,1,0,0,0,0,0,0,0,0,0,0
240068,Air Collision,2012,0,0,0,1,1,0,0,0,0,0,0,0,0,0,0,0,0,0,0
212321,Starship,2011,0,1,0,1,1,0,0,0,0,0,1,0,0,0,0,0,0,0,0
131872,Dance 'Til Dawn,1988,0,1,0,0,0,0,0,0,0,0,0,0,0,1,0,0,0,0,0
130362,La disubbidienza,1981,1,0,0,0,0,0,0,0,0,0,0,0,0,0,0,0,0,0,0
3395,Nadine,1987,0,1,0,0,0,0,0,0,0,0,0,0,0,0,0,0,0,0,0
189769,Money,2017,0,0,0,1,0,0,0,0,0,0,0,0,0,0,0,0,0,0,0
182821,The Vengeful Beauty,1978,0,0,0,0,1,0,0,0,0,0,0,1,0,0,0,0,0,0,0
1935,How Green Was My Valley,1941,1,0,0,0,0,0,0,0,0,0,0,0,1,0,0,0,0,1,0
49917,When the Levees Broke: A Requiem in Four Acts,2006,0,0,0,0,0,0,0,0,1,0,0,0,0,0,0,0,0,0,0
202171,Bates Motel,1987,1,0,1,0,0,0,0,0,0,0,0,0,0,0,0,0,0,0,0
25869,"47 Ronin, The (Genroku Chûshingura)",1941,1,0,0,0,0,0,0,0,0,0,0,0,0,0,0,0,0,0,0
172471,Bangkok Hilton,1989,1,0,0,0,0,0,0,0,0,0,0,0,0,0,0,0,0,0,0
215705,Last Man Club,2016,1,0,0,0,0,0,0,0,0,0,0,0,0,0,0,0,0,0,0
171225,Sam Was Here,2016,0,0,1,1,0,0,0,0,0,1,0,0,0,0,0,0,0,0,0
96865,Sam Peckinpah: Man of Iron,1993,0,0,0,0,0,0,0,0,1,0,0,0,0,0,0,0,0,0,0
7234,"Strada, La",1954,1,0,0,0,0,0,0,0,0,0,0,0,0,0,0,0,0,0,0
233991,The Bloodhound,2020,0,0,1,0,0,0,0,0,0,1,0,0,0,0,0,0,0,0,0
161902,Terror of Frankenstein,1977,0,0,1,0,0,0,0,0,0,0,1,0,0,0,0,0,0,0,0
285907,Arizona Heat,1988,0,0,0,1,0,0,0,0,0,0,0,0,0,0,0,0,0,0,0
3460,Hillbillys in a Haunted House,1967,0,1,0,0,0,0,0,0,0,0,0,0,0,0,0,0,0,0,0
57432,Timber Falls,2007,0,0,1,1,0,0,0,0,0,0,0,0,0,0,0,0,0,0,0
192181,Daddy Cool,2017,0,1,0,0,0,0,0,0,0,0,0,0,0,0,0,0,0,0,0
163050,Desperate Man Blues,2003,0,0,0,0,0,0,0,0,1,0,0,0,0,0,0,0,0,0,0
274245,The Getaway King,2021,0,1,0,0,1,0,0,1,0,0,0,0,0,0,0,0,0,0,0
163833,The Big Boodle,1957,0,0,0,1,0,0,0,1,0,0,0,0,0,0,0,0,0,0,0
181365,Monty Python: Parrot Sketch Not Included,1989,0,1,0,0,0,0,0,0,0,0,0,0,0,0,0,0,0,0,0
98845,Crooked Arrows,2012,1,0,0,0,0,0,0,0,0,0,0,0,0,0,0,0,0,0,0
210917,Lara,2019,1,1,0,0,0,0,0,0,0,0,0,0,0,0,0,0,0,0,0
114273,Bethlehem,2013,1,0,0,1,0,0,1,0,0,0,0,0,0,0,0,0,0,0,0
210085,Doe,2018,0,0,0,1,0,0,0,0,0,0,0,0,0,0,0,0,0,0,0
240616,Toxic,2008,0,1,0,1,1,0,0,0,0,0,0,0,0,0,0,0,0,0,0
215961,Escape of Mr. McKinley,1975,0,0,0,0,0,0,0,0,0,0,1,0,0,0,0,0,0,0,0
277056,The Birth of Love,1993,1,0,0,0,0,0,0,0,0,0,0,0,0,0,0,0,0,0,0
105717,My Grandfather's People (Dedemin insanlari),2011,1,1,0,0,0,0,0,0,0,0,0,0,0,0,0,0,0,0,0
217681,The Wild Fields,2018,1,1,0,0,0,1,0,0,0,0,0,1,0,0,0,0,0,0,0
3381,Slaves to the Underground,1997,1,1,0,0,0,0,0,0,0,0,0,0,0,0,0,0,0,0,0
48713,Mr. Conservative: Goldwater on Goldwater,2006,0,0,0,0,0,0,0,0,1,0,0,0,0,0,0,0,0,0,0
235967,The Phantom of the Convent,1934,0,0,1,0,0,0,0,0,0,0,0,0,0,0,0,0,0,0,0
129502,Sword of Sherwood Forest,1960,0,0,0,0,0,0,0,0,0,0,0,1,0,0,0,1,0,0,0
194590,Территория Джа,NA,0,1,0,0,0,0,0,0,0,0,1,0,0,0,0,1,0,0,0
159149,Rescued by Rover,1905,1,0,0,0,0,0,0,0,0,0,0,0,0,0,0,0,0,0,0
60284,Gunnin' for That #1 Spot,2008,0,0,0,0,0,0,0,0,1,0,0,0,0,0,0,0,0,0,0
213636,The Man of the Labyrinth,2019,0,0,0,1,0,0,0,0,0,0,0,0,0,0,0,0,0,0,0
165087,Brimstone,2016,0,0,0,1,0,1,0,0,0,1,0,0,0,0,0,0,0,0,0
145212,The Forgotten Ones,2008,1,0,1,0,0,0,0,0,0,0,0,0,0,0,0,0,0,0,0
79980,Children of Invention,2009,1,0,0,0,0,0,0,0,0,0,0,0,0,0,0,0,0,0,0
5296,"Sweetest Thing, The",2002,0,1,0,0,0,0,0,0,0,0,0,0,1,0,0,0,0,0,0
71591,Abbott and Costello Meet Captain Kidd,1952,0,1,0,0,0,0,0,0,0,0,0,1,0,0,0,0,0,1,0
172505,8 First Dates,2012,0,1,0,0,0,0,0,0,0,0,0,0,0,0,0,0,0,0,0
4902,"Devil's Backbone, The (Espinazo del diablo, El)",2001,1,0,1,1,0,0,1,0,0,0,0,0,0,0,0,1,0,0,0
200904,His Prehistoric Past,1914,0,1,0,0,0,0,0,0,0,0,0,0,0,0,0,0,0,0,0
37663,Blue Hill Avenue,2001,1,0,0,0,0,0,0,1,0,0,0,0,0,0,0,0,0,0,0
226398,Fallacy,2014,1,0,0,0,0,0,0,0,0,0,0,0,0,0,0,0,0,0,0
119950,The Magnificent Trio,1966,1,0,0,0,1,0,0,0,0,0,0,0,1,0,0,0,0,0,0
174265,The 'Teddy' Bears,1907,0,1,0,0,0,0,0,0,0,0,0,0,0,0,0,1,0,0,0
4446,Final Fantasy: The Spirits Within,2001,0,0,0,0,0,0,0,0,0,0,1,1,0,0,1,1,0,0,0
272449,Infinite Storm,2022,1,0,0,1,0,0,0,0,0,0,0,0,0,0,0,0,0,0,0
172081,All Inclusive 2,2013,0,1,0,0,0,0,0,0,0,0,0,0,0,0,0,0,0,0,0
197267,Cuibul de viespi,1987,0,1,0,0,0,0,0,0,0,0,0,0,1,0,0,0,0,0,0
277834,South Park: The 25th Anniversary Concert,2022,0,1,0,0,0,0,0,0,0,0,0,0,0,0,1,0,0,0,0
165215,Stalked by My Doctor,2015,0,0,0,1,0,0,0,0,0,0,0,0,0,0,0,0,0,0,0
127102,The First Men in the Moon,2010,0,0,0,0,0,0,0,0,0,0,1,0,0,0,0,0,0,0,0
136818,Silent Retreat,2016,0,0,1,1,0,0,0,0,0,1,0,0,0,0,0,0,0,0,0
85746,Scipio Africanus: The Defeat of Hannibal (Scipione l'africano),1937,1,0,0,0,0,0,1,0,0,0,0,0,0,0,0,0,0,0,0
136158,The Virtuous Bigamist,1956,1,1,0,0,0,0,0,0,0,0,0,0,0,0,0,0,0,0,0
532,Serial Mom,1994,0,1,1,0,0,0,0,1,0,0,0,0,0,0,0,0,0,0,0
244756,The Girl Who Believes in Miracles,2021,1,0,0,0,0,0,0,0,0,0,0,0,0,1,0,0,0,0,0
674,Barbarella,1968,0,1,0,0,0,0,0,0,0,0,1,1,0,0,0,0,0,0,0
212148,Girl Thing,2019,1,0,0,0,0,0,0,0,0,0,0,0,0,0,0,0,0,0,0
198027,The Woman of Everyone,1969,1,1,0,0,0,0,0,0,0,0,0,0,0,0,0,1,0,0,0
200146,Ebba the Movie,1982,0,0,0,0,0,0,0,0,1,0,0,0,0,0,0,0,0,0,0
287219,A Bride from the North,1975,0,1,0,0,0,0,0,0,0,0,0,0,1,0,0,0,0,0,0
135971,Return to Sleepaway Camp,2008,0,0,1,0,0,0,0,0,0,0,0,0,0,0,0,0,0,0,0
214770,Morrhår och ärtor,1986,0,1,0,0,0,0,0,0,0,0,0,0,0,0,0,0,0,0,0
291965,Wish Upon a Wedding,2023,0,1,0,0,0,0,0,0,0,0,0,0,1,0,0,0,0,0,0
131548,Hardbodies,1984,0,1,0,0,0,0,0,0,0,0,0,0,0,0,0,0,0,0,0
113949,Aaron Loves Angela,1975,1,1,0,1,0,0,0,0,0,0,0,0,1,0,0,0,0,0,0
140503,The Biscuit Eater,1972,1,0,0,0,0,0,0,0,0,0,0,0,0,1,0,0,0,0,0
190259,Lily and Jim,1997,0,1,0,0,0,0,0,0,0,0,0,0,0,0,1,0,0,0,0
124003,Easy to Wed,1946,0,1,0,0,0,0,0,0,0,0,0,0,1,0,0,0,0,0,0
166860,"Yes, My Darling Daughter",1939,0,1,0,0,0,0,0,0,0,0,0,0,1,0,0,0,0,0,0
84479,Remember My Name,1978,1,0,0,1,0,0,0,0,0,0,0,0,0,0,0,0,0,0,0
3903,Urbania,2000,1,0,0,0,0,0,0,0,0,0,0,0,0,0,0,0,0,0,0
188475,"Aphrodite, Goddess of Love",1958,1,0,0,0,0,0,0,0,0,0,0,0,0,0,0,0,0,0,0
3731,Cutter's Way,1981,1,0,0,1,0,0,0,0,0,0,0,0,0,0,0,0,0,0,0
153190,The Amazing Mr. Bickford,1987,0,0,0,0,0,0,0,0,0,0,0,0,0,0,1,0,0,0,0
87808,Street Without End (Kagirinaki hodo),1934,1,0,0,0,0,0,0,0,0,0,0,0,0,0,0,0,0,0,0
133837,Alien Origin,2012,0,0,0,1,0,0,0,0,0,0,1,0,0,0,0,1,0,0,0
157034,The Bad Man,1941,0,1,0,0,0,1,0,0,0,0,0,0,0,0,0,0,0,0,0
262615,"Yum, Yum, Yum! A Taste of Cajun and Creole Cooking",1990,0,0,0,0,0,0,0,0,1,0,0,0,0,0,0,0,0,0,0
114044,Honeymoon,2014,0,0,1,0,0,0,0,0,0,0,0,0,0,0,0,0,0,0,0
6623,Passionada,2002,0,1,0,0,0,0,0,0,0,0,0,0,1,0,0,0,0,0,0
3195,Tess of the Storm Country,1922,1,0,0,0,0,0,0,0,0,0,0,0,0,0,0,0,0,0,0
50949,Mafioso,1962,1,1,0,0,0,0,0,1,0,0,0,0,0,0,0,0,0,0,0
154335,Countdown at Kusini,1976,1,0,0,0,0,0,0,0,0,0,0,0,0,0,0,0,0,0,0
140343,Assault at West Point: The Court-Martial of Johnson Whittaker,1994,1,0,0,1,0,0,0,0,0,0,0,0,0,0,0,0,0,0,0
48049,Assassin(s),1997,1,0,0,0,0,0,0,1,0,0,0,0,0,0,0,0,0,0,0
108510,Of Snails and Men (Despre oameni si melci),2012,0,1,0,0,0,0,0,0,0,0,0,0,0,0,0,0,0,0,0
105135,"Pit, The",1981,0,0,1,0,0,0,0,0,0,0,0,0,0,0,0,0,0,0,0
276323,WITCH: We Intend to Cause Havoc,2019,0,0,0,0,0,0,0,0,1,0,0,0,0,0,0,0,0,0,0
291336,The Least of These: A Christmas Story,2018,1,1,0,0,0,0,0,0,0,0,0,0,0,0,0,0,0,0,0
90281,My Joy (Schastye moe),2010,1,0,0,0,0,0,0,0,0,0,0,0,0,0,0,0,0,0,0
283173,Shayda,2023,1,0,0,0,0,0,0,0,0,0,0,0,0,0,0,0,0,0,0
245412,Tentacles,2021,1,0,1,0,0,0,0,0,0,0,0,0,0,0,0,1,0,0,0
287699,Oppenheimer,2023,1,0,0,0,0,0,0,0,0,0,0,0,0,0,0,0,0,0,0
182001,The Plastics Inventor,1944,0,0,0,0,0,0,0,0,0,0,0,0,0,0,1,0,0,0,0
145094,Howl,2015,0,0,1,0,0,0,0,0,0,0,0,0,0,0,0,0,0,0,0
279006,The Other Me,2022,1,0,0,1,0,0,0,0,0,0,0,0,0,0,0,0,0,0,0
272445,Mike Epps: Indiana Mike,2022,0,1,0,0,0,0,0,0,0,0,0,0,0,0,0,0,0,0,0
160102,Scream at the Devil,2015,0,0,0,0,0,0,0,0,0,1,0,0,0,0,0,0,0,0,0
161098,Prince of Broadway,2008,1,1,0,0,0,0,0,0,0,0,0,0,0,0,0,0,0,0,0
54220,"Sterile Cuckoo, The",1969,1,1,0,0,0,0,0,0,0,0,0,0,0,0,0,0,0,0,0
227308,Everything I Like,1993,1,0,0,0,0,0,0,0,0,0,0,0,0,0,0,0,0,0,0
204968,Red Faction: Origins,2011,0,0,0,0,0,0,0,0,0,0,1,0,0,0,0,0,0,0,0
141191,OPA!,2005,0,1,0,0,0,0,0,0,0,0,0,0,1,0,0,0,0,0,0
230709,Wild Mountain Thyme,2020,1,0,0,0,0,0,0,0,0,0,0,0,1,0,0,0,0,0,0
181529,Angels in the Snow,2015,1,0,0,0,0,0,0,0,0,0,0,0,0,1,0,0,0,0,0
198089,The Night Stalker,1987,1,0,0,1,0,0,0,1,0,0,0,0,0,0,0,0,0,0,0
34155,Saraband,2003,1,0,0,0,0,0,0,0,0,0,0,0,0,0,0,0,0,0,0
206091,Little Spirou,2017,0,1,0,0,0,0,0,0,0,0,0,0,0,0,0,0,0,0,0
63280,"Winning of Barbara Worth, The",1926,1,0,0,0,0,1,0,0,0,0,0,0,1,0,0,0,0,0,0
249534,The Beetle,2008,0,0,0,0,0,0,0,0,1,0,0,0,0,0,0,0,0,0,0
150641,Return of the Texan,1952,1,0,0,0,0,1,0,0,0,0,0,0,0,0,0,0,0,0,0
271138,The Territory,2022,0,0,0,0,0,0,0,0,1,0,0,0,0,0,0,0,0,0,0
131462,Thunder at the Border,1966,0,0,0,0,0,1,0,0,0,0,0,1,0,0,0,0,0,0,0
286633,London Can Take It!,1940,0,0,0,0,0,0,1,0,1,0,0,0,0,0,0,0,0,0,0
187073,Ninja in the Dragon's Den,1982,0,1,0,0,1,0,0,0,0,0,0,0,0,0,0,0,0,0,0
145871,The Grasshopper,1967,0,1,0,0,0,0,0,0,0,0,0,0,1,0,0,0,0,0,0
134387,At Ellen’s Age,2011,1,1,0,0,0,0,0,0,0,0,0,0,0,0,0,0,0,0,0
2127,"First Love, Last Rites",1997,1,0,0,0,0,0,0,0,0,0,0,0,1,0,0,0,0,0,0
227304,Eleanor's Secret,2009,0,0,0,0,0,0,0,0,0,0,0,0,0,1,1,0,0,0,0
232447,"Oh, My Son!",1979,1,0,0,0,0,0,0,0,0,0,0,0,0,0,0,0,0,0,0
245868,A Lady to Love,1930,1,0,0,0,0,0,0,0,0,0,0,0,1,0,0,0,0,0,0
150914,Goodbye Gemini,1970,1,0,0,0,0,0,0,0,0,0,0,0,0,0,0,0,0,0,0
234213,Flowers of Taipei: Taiwan New Cinema,2014,0,0,0,0,0,0,0,0,1,0,0,0,0,0,0,0,0,0,0
189721,What Girls are Silent About,2013,0,1,0,0,0,0,0,0,0,0,0,0,0,0,0,0,0,0,0
101214,Genghis Khan,1965,1,0,0,0,0,0,1,0,0,0,0,1,0,0,0,0,0,0,0
195909,Strange Colours,2017,1,0,0,0,0,0,0,0,0,0,0,0,0,0,0,0,0,0,0
39777,Tarzan the Ape Man,1932,0,0,0,0,1,0,0,0,0,0,0,1,0,0,0,0,0,0,0
58365,Chicago 10,2007,0,0,0,0,0,0,0,0,1,0,0,0,0,0,1,0,0,0,0
113232,National Lampoon's Pucked,2006,0,1,0,0,0,0,0,0,0,0,0,0,0,0,0,0,0,0,0
175711,Gangsters and Philantropists,1963,0,1,0,0,1,0,0,1,0,0,0,0,0,0,0,0,0,0,0
248858,Dispatches from Cleveland,2017,0,0,0,0,0,0,0,0,1,0,0,0,0,0,0,0,0,0,0
142552,The Saint of Gamblers,1995,0,1,0,0,1,0,0,0,0,0,0,0,0,0,0,0,0,0,0
46154,"War Within, The",2005,1,0,0,0,0,0,0,0,0,0,0,0,0,0,0,0,0,0,0
3038,"Face in the Crowd, A",1957,1,0,0,0,0,0,0,0,0,0,0,0,0,0,0,0,0,0,0
176507,Love at the Christmas Table,2012,0,1,0,0,0,0,0,0,0,0,0,0,1,0,0,0,0,0,0
6561,"Mouse That Roared, The",1959,0,1,0,0,0,0,1,0,0,0,0,0,0,0,0,0,0,0,0
204272,The Vultures on the Road,1990,0,0,0,1,1,0,0,1,0,0,0,0,0,0,0,0,0,0,0
53189,Eagle vs Shark,2007,0,1,0,0,0,0,0,0,0,0,0,0,0,0,0,0,0,0,0
277468,Yahşi Batı,2009,0,1,0,0,0,1,0,0,0,0,0,1,0,0,0,0,0,0,0
226170,Matchmaker Christmas,2019,0,0,0,0,0,0,0,0,0,0,0,0,1,0,0,0,0,0,0
195165,Holmes and Watson,2018,0,1,0,0,0,0,0,0,0,1,0,1,0,0,0,0,0,0,0
758,"Jar, The (Khomreh)",1992,1,0,0,0,0,0,0,0,0,0,0,0,0,0,0,0,0,0,0
157178,Ardh Satya,1983,1,0,0,0,0,0,0,1,0,0,0,0,0,0,0,0,0,0,0
93420,"Art of Flight, The",2011,0,0,0,0,0,0,0,0,1,0,0,1,0,0,0,0,0,0,0
53859,Goal II: Living the Dream,2007,1,0,0,0,1,0,0,0,0,0,0,0,0,0,0,0,0,0,0
168036,The Good Witch's Gift,2010,1,0,0,0,0,0,0,0,0,0,0,0,0,1,0,1,0,0,0
240934,Shooting 'Panic Room',2004,0,0,0,0,0,0,0,0,1,0,0,0,0,0,0,0,0,0,0
252646,False Positive,2021,0,0,1,0,0,0,0,0,0,0,0,0,0,0,0,0,0,0,0
245600,O Menino da Porteira,2009,1,0,0,0,0,1,0,0,0,0,0,0,0,0,0,0,0,0,0
1961,Rain Man,1988,1,0,0,0,0,0,0,0,0,0,0,0,0,0,0,0,0,0,0
191453,Tik Tik Tik,1981,1,0,0,1,0,0,0,1,0,0,0,0,0,0,0,0,0,0,0
132963,Mr. Superinvisible,1970,0,1,0,0,1,0,0,0,0,0,0,0,0,0,0,0,0,0,0
116853,A Good Marriage,2014,0,0,0,1,0,0,0,0,0,0,0,0,0,0,0,0,0,0,0
107865,"Glass-blower's Children, The (Glasblåsarns barn)",1998,1,0,0,0,0,0,0,0,0,0,0,0,0,1,0,0,0,0,0
186207,The Ashram,2018,0,0,0,1,0,0,0,0,0,0,0,0,0,0,0,1,0,0,0
210705,Automation,2019,0,0,0,0,0,0,0,0,0,0,1,0,0,0,0,0,0,0,0
160551,Black November,2012,1,0,0,0,1,0,0,1,0,0,0,0,0,0,0,0,0,0,0
191791,Forgetting Dad,2008,0,0,0,0,0,0,0,0,1,0,0,0,0,0,0,0,0,0,0
141028,L'infermiera di notte,1979,0,1,0,0,0,0,0,0,0,0,0,0,0,0,0,0,0,0,0
115207,Mount Head (Atama yama),2002,1,1,0,0,0,0,0,0,0,0,0,0,0,0,1,1,0,0,0
283635,Wallander 21 - The Sniper,2009,0,0,0,1,0,0,0,1,0,0,0,0,0,0,0,0,0,0,0
151208,The Kid with X-Ray Eyes,1999,0,1,0,0,0,0,0,0,0,0,0,0,0,1,0,0,0,0,0
7000,Hudson Hawk,1991,0,1,0,0,1,0,0,0,0,0,0,1,0,0,0,0,0,0,0
200030,Dead Souls,2018,0,0,0,0,0,0,0,0,1,0,0,0,0,0,0,0,0,0,0
198509,Sergio Leone - Une Amérique de légende,2018,0,0,0,0,0,0,0,0,1,0,0,0,0,0,0,0,0,0,0
47063,Loch Ness,1996,1,0,0,0,0,0,0,0,0,0,0,0,0,0,0,0,0,0,0
238066,Crocodile 2: Death Swamp,2002,0,0,1,0,0,0,0,0,0,0,0,0,0,0,0,0,0,0,0
136493,Chandni Bar,2001,1,0,0,0,0,0,0,0,0,0,0,0,0,0,0,0,0,0,0
178255,No Subtitles Necessary: Laszlo & Vilmos,2009,0,0,0,0,0,0,0,0,1,0,0,0,0,0,0,0,0,0,0
190499,Buy Me,2017,1,0,0,0,0,0,0,0,0,0,0,0,0,0,0,0,0,0,0
258157,Ride or Die,2021,1,0,0,1,0,0,0,0,0,0,0,0,1,0,0,0,0,0,0
991,Michael Collins,1996,1,0,0,0,0,0,0,0,0,0,0,0,0,0,0,0,0,0,0
183399,"His Majesty, the Scarecrow of Oz",1914,0,1,0,0,0,0,0,0,0,0,0,1,0,1,0,1,0,0,0
6789,"Apartment, The (Appartement, L')",1996,1,0,0,0,0,0,0,0,0,1,0,0,1,0,0,0,0,0,0
145277,Mommy,1995,0,0,1,0,0,0,0,0,0,0,0,0,0,0,0,0,0,0,0
238056,Hans Röckle and the Devil,1974,0,0,0,0,0,0,0,0,0,0,0,0,0,1,0,1,0,0,0
200926,French Cinema Mon Amour,2015,0,0,0,0,0,0,0,0,1,0,0,0,0,0,0,0,0,0,0
135476,Amélie au pays des Bodin's,2010,0,1,0,0,0,0,0,0,0,0,0,0,0,0,0,0,0,0,0
98499,"Fearless Hyena, The (Xiao quan guai zhao)",1979,0,1,0,0,1,0,0,0,0,0,0,0,0,0,0,0,0,0,0
280938,Excess Will Save Us,2019,0,0,0,0,0,0,0,0,1,0,0,0,0,0,0,0,0,0,0
192787,What Keeps You Alive,2018,0,0,0,1,0,0,0,0,0,0,0,0,0,0,0,0,0,0,0
224913,Se son rose,2018,0,1,0,0,0,0,0,0,0,0,0,0,0,0,0,0,0,0,0
286777,BlackBerry,2023,1,1,0,0,0,0,0,0,0,0,0,0,0,0,0,0,0,0,0
209303,Shockwave Countdown To Disaster,2017,0,0,0,0,1,0,0,0,0,0,1,0,0,0,0,0,0,0,0
214354,Devil Hunters,1989,0,0,0,0,1,0,0,0,0,0,0,0,0,0,0,0,0,0,0
198959,Missing,2016,1,0,0,1,0,0,0,0,0,1,0,0,0,0,0,0,0,0,0
136020,Spectre,2015,0,0,0,0,1,0,0,1,0,0,0,1,0,0,0,0,0,0,0
163781,Hail the Judge,1994,0,1,0,0,0,0,0,0,0,0,0,0,0,0,0,0,0,0,0
196733,The Cabin,2018,0,0,0,1,0,0,0,0,0,0,0,0,0,0,0,0,0,0,0
149670,Namastey London,2007,1,0,0,0,0,0,0,0,0,0,0,0,1,0,0,0,0,0,0
226458,Se mi lasci non vale,2016,0,1,0,0,0,0,0,0,0,0,0,0,0,0,0,0,0,0,0
204498,Island of the Dead,2000,0,0,1,1,0,0,0,0,0,0,0,0,0,0,0,0,0,0,0
187665,Tongue in Cheek,1989,0,1,0,0,0,0,0,0,0,0,0,0,0,0,0,0,0,0,0
26072,Murder She Said,1961,1,1,0,0,0,0,0,1,0,1,0,0,0,0,0,0,0,0,0
211107,Finding Father Christmas,2016,1,0,0,0,0,0,0,0,0,0,0,0,0,0,0,0,0,0,0
171725,Moontrap,1989,0,0,1,0,0,0,0,0,0,0,1,0,0,0,0,0,0,0,0
123463,Out of Bounds,1986,0,0,0,1,1,0,0,1,0,0,0,0,0,0,0,0,0,0,0
120390,Natural Selection,2011,1,1,0,0,0,0,0,0,0,0,0,0,0,0,0,0,0,0,0
73139,Out 1: Spectre,1974,1,1,0,1,0,0,0,0,0,0,0,0,0,0,0,0,0,0,0
150862,Evaporating Borders,2014,0,0,0,0,0,0,0,0,1,0,0,0,0,0,0,0,0,0,0
120934,Korengal,2014,0,0,0,0,0,0,1,0,1,0,0,0,0,0,0,0,0,0,0
190765,Sanju,2018,1,1,0,0,0,0,0,0,0,0,0,0,0,0,0,0,0,0,0
90118,"Sheep Has Five Legs, The (Le mouton à cinq pattes)",1954,0,1,0,0,0,0,0,0,0,0,0,0,0,0,0,0,0,0,0
66365,Trancers,1985,0,0,0,0,1,0,0,0,0,0,1,0,0,0,0,0,0,0,0
92738,Beautiful Kate,2009,1,0,0,0,0,0,0,0,0,1,0,0,0,0,0,0,0,0,0
218833,Ouija Shark,2020,0,1,1,0,0,0,0,0,0,0,0,0,0,0,0,0,0,0,0
126140,Love Can Seriously Damage Your Health,1997,0,1,0,0,0,0,0,0,0,0,0,0,1,0,0,0,0,0,0
202289,Space Chicken,2017,0,1,0,0,1,0,0,0,0,0,1,1,0,1,1,0,0,0,0
70377,Where Danger Lives,1950,1,0,0,1,0,0,0,0,0,0,0,0,1,0,0,0,0,0,1
111885,Mad Love (Sappho),1921,1,0,0,0,0,0,0,0,0,0,0,0,1,0,0,0,0,0,0
202679,Secrets of Chatsworth,2013,0,0,0,0,0,0,0,0,1,0,0,0,0,0,0,0,0,0,0
122270,The Suspicions of Mr. Whicher: The Murder at Road Hill House,2011,1,0,0,0,0,0,0,0,0,1,0,0,0,0,0,0,0,0,0
232885,Survive The Hollow Shoals,2018,0,0,1,0,0,0,0,0,0,0,0,0,0,0,0,0,0,0,0
247500,Homunculus,2021,1,0,0,1,0,0,0,0,0,0,0,0,0,0,0,0,0,0,0
191279,G-Funk,2017,0,0,0,0,0,0,0,0,1,0,0,0,0,0,0,0,0,0,0
278464,Something Good — Negro Kiss,1898,0,0,0,0,0,0,0,0,0,0,0,0,1,0,0,0,0,0,0
157417,Laughing Gas,1914,0,1,0,0,0,0,0,0,0,0,0,0,0,0,0,0,0,0,0
200554,Scream Dream,1989,0,1,1,1,0,0,0,0,0,0,0,0,0,0,0,0,0,0,0
2964,Julien Donkey-Boy,1999,1,0,0,0,0,0,0,0,0,0,0,0,0,0,0,0,0,0,0
48901,Corto Maltese in Siberia (Corto Maltese - La cour secrète des Arcanes),2002,1,0,0,0,0,0,1,0,0,0,0,1,1,0,1,0,0,0,0
281276,Darby and the Dead,2022,0,1,0,0,0,0,0,0,0,0,0,0,0,0,0,1,0,0,0
160392,Trenchcoat,1983,0,1,0,0,0,0,0,1,0,1,0,0,0,1,0,0,0,0,0
131660,Bastards,2006,1,0,0,0,1,0,1,0,0,0,0,0,0,0,0,0,0,0,0
285925,Ghosted,2023,0,1,0,0,1,0,0,0,0,0,0,1,1,0,0,0,0,0,0
160472,The Great Alone,2015,1,0,0,0,0,0,0,0,1,0,0,1,0,0,0,0,0,0,0
172527,Hooked on the Game,2009,0,0,0,0,1,0,0,0,0,0,1,0,0,0,0,0,0,0,0
272141,Playground,2021,1,0,0,0,0,0,0,0,0,0,0,0,0,0,0,0,0,0,0
204234,Hallowed Ground,2019,0,0,1,0,0,0,0,0,0,0,0,0,0,0,0,0,0,0,0
26911,Meltdown (Shu dan long wei),1995,0,1,0,0,1,0,0,1,0,0,0,0,0,0,0,0,0,0,0
6255,"Bible, The (a.k.a. Bible... In the Beginning, The)",1966,1,0,0,0,0,0,0,0,0,0,0,0,0,0,0,0,0,0,0
120230,For the Defense,1930,1,0,0,0,0,0,0,0,0,0,0,0,0,0,0,0,0,0,0
192659,Liar's Edge,1992,0,0,0,1,0,0,0,0,0,0,0,0,0,0,0,0,0,0,0
224487,Joshua and the Promised Land,2004,0,0,0,0,0,0,0,0,0,0,0,1,0,1,1,0,0,0,0
136499,Pablo Francisco: They Put it Out There,2011,0,1,0,0,0,0,0,0,0,0,0,0,0,0,0,0,0,0,0
261835,"Poirot: ""The Labours of Hercules""",2013,1,0,0,0,0,0,0,1,0,1,0,0,0,0,0,0,0,0,0
227981,Planet Earth,1974,0,0,0,0,0,0,0,0,0,0,1,0,0,0,0,0,0,0,0
259673,Night of the Hunter,1991,0,0,0,1,0,0,0,0,0,0,0,0,0,0,0,0,0,0,0
221296,Last and First Men,2020,0,0,0,0,0,0,0,0,1,0,0,0,0,0,0,0,0,0,0
277654,Tomorrow's Weather,2003,1,1,0,0,0,0,0,0,0,0,0,0,0,0,0,0,0,0,0
5192,"Island, The",1980,0,0,1,1,0,0,0,0,0,0,0,1,0,0,0,0,0,0,0
245508,The Boys of Paul Street,1969,0,0,0,0,0,0,0,0,0,0,0,0,0,1,0,0,0,0,0
2024,"Rapture, The",1991,1,0,0,0,0,0,0,0,0,1,0,0,0,0,0,0,0,0,0
79363,Music in the Air,1934,0,1,0,0,0,0,0,0,0,0,0,0,1,0,0,0,0,1,0
60393,Transylvania,2006,1,0,0,0,0,0,0,0,0,0,0,0,0,0,0,0,0,0,0
286833,Beautiful Disaster,2023,1,1,0,0,0,0,0,0,0,0,0,0,1,0,0,0,0,0,0
115386,Charlie Chan's Chance,1932,0,0,0,0,0,0,0,0,0,1,0,0,0,0,0,0,0,0,0
281244,Where's Mama?,1960,0,0,0,0,0,0,0,0,0,0,0,0,0,0,1,0,0,0,0
243992,Boo,2005,0,0,1,0,0,0,0,0,0,0,0,0,0,0,0,0,0,0,0
4502,Ernest Saves Christmas,1988,0,1,0,0,0,0,0,0,0,0,0,0,0,1,0,0,0,0,0
164528,A Brand New Life,2009,1,0,0,0,0,0,0,0,0,0,0,0,0,0,0,0,0,0,0
140495,The Shadow Strikes,1937,0,0,0,0,0,0,0,0,0,1,0,0,0,0,0,0,0,0,0
188263,Two Soldiers,1943,1,1,0,0,0,0,1,0,0,0,0,0,1,0,0,0,0,0,0
3051,Anywhere But Here,1999,1,1,0,0,0,0,0,0,0,0,0,0,0,0,0,0,0,0,0
218059,"Hissein Habré, A Chadian Tragedy",2016,0,0,0,0,0,0,0,0,1,0,0,0,0,0,0,0,0,0,0
33397,300 Miles to Heaven (300 Mil do Nieba),1989,1,0,0,0,0,0,0,0,0,0,0,0,0,0,0,0,0,0,0
111560,Affectionately Yours,1941,0,1,0,0,0,0,0,0,0,0,0,0,1,0,0,0,0,0,0
189483,Cannon Fodder,1995,0,0,0,0,0,0,0,0,0,0,0,0,0,0,1,0,0,0,0
205497,Mother Krampus,2017,0,0,1,0,0,0,0,0,0,0,0,0,0,0,0,0,0,0,0
205098,Distances,2018,1,1,0,0,0,0,0,0,0,0,0,0,0,0,0,0,0,0,0
265702,As Gouda as It Gets,2021,0,1,0,0,0,0,0,0,0,0,0,0,1,0,0,0,0,0,0
133065,From Hell to Victory,1979,0,0,0,0,1,0,1,0,0,0,0,0,0,0,0,0,0,0,0
5562,Snipes,2001,1,0,0,1,0,0,0,0,0,0,0,0,0,0,0,0,0,0,0
2110,Dead Men Don't Wear Plaid,1982,0,1,0,1,0,0,0,1,0,0,0,0,0,0,0,0,0,0,0
7745,"Scent of Green Papaya, The (Mùi du du xhan - L'odeur de la papaye verte)",1993,1,0,0,0,0,0,0,0,0,0,0,0,0,0,0,0,0,0,0
172847,Strayed,2009,0,0,0,1,0,0,0,0,0,0,0,0,0,0,0,0,0,0,0
184961,In Search of Dr. Seuss,1994,0,1,0,0,0,0,0,0,0,0,0,0,0,1,1,0,0,0,0
49902,"Decameron, The (Decameron, Il)",1971,1,1,0,0,0,0,0,0,0,0,0,0,0,0,0,0,0,0,0
3624,Shanghai Noon,2000,0,1,0,0,1,1,0,0,0,0,0,1,0,0,0,0,0,0,0
189637,A Single Life,2014,0,0,0,0,0,0,0,0,0,0,0,0,0,0,1,0,0,0,0
210987,Elegy to the Visitor from the Revolution,2011,1,0,0,0,0,0,0,0,0,0,0,0,0,0,0,0,0,0,0
245416,Duck Soup,1927,0,1,0,0,0,0,0,0,0,0,0,0,0,0,0,0,0,0,0
2263,"Seventh Sign, The",1988,1,0,0,1,0,0,0,0,0,0,0,0,0,0,0,1,0,0,0
182751,Wat Mannen Willen,2015,0,1,0,0,0,0,0,0,0,0,0,0,1,0,0,0,0,0,0
192503,Thunder Road,2018,1,1,0,0,0,0,0,0,0,0,0,0,0,0,0,0,0,0,0
6317,Cartouche,1962,1,1,0,0,1,0,0,0,0,0,0,1,0,0,0,0,0,0,0
83227,L.627,1992,1,0,0,1,0,0,0,1,0,0,0,0,0,0,0,0,0,0,0
97177,Colin Quinn: Long Story Short,2011,0,1,0,0,0,0,0,0,0,0,0,0,0,0,0,0,0,0,0
125245,The Great Rupert,1950,0,1,0,0,0,0,0,0,0,0,0,0,0,1,0,0,0,0,0
5407,"Bûche, La",1999,1,1,0,0,0,0,0,0,0,0,0,0,0,0,0,0,0,0,0
175099,Amelia's 25th,2013,0,1,0,0,0,0,0,0,0,0,0,0,1,0,0,0,0,0,0
55681,Valhalla,1986,0,0,0,0,0,0,0,0,0,0,0,1,0,1,1,1,0,0,0
3590,"Lords of Flatbush, The",1974,1,1,0,0,0,0,0,0,0,0,0,0,0,0,0,0,0,0,0
257709,The Old Ways,2020,0,0,1,0,0,0,0,0,0,0,0,0,0,0,0,1,0,0,0
210073,Pay Day,1922,0,1,0,0,0,0,0,0,0,0,0,0,0,0,0,0,0,0,0
171921,Battlefield Death Tales,2012,0,0,1,0,0,0,1,0,0,0,0,0,0,0,0,0,0,0,0
144838,Million Dollar Baby,1941,0,1,0,0,0,0,0,0,0,0,0,0,1,0,0,0,0,0,0
25742,Destiny (a.k.a. Between Two Worlds) (Der müde Tod),1921,0,0,0,0,0,0,0,0,0,0,0,0,0,0,0,1,0,0,0
85056,I Am Number Four,2011,0,0,0,1,1,0,0,0,0,0,1,0,0,0,0,0,1,0,0
44709,Akeelah and the Bee,2006,1,0,0,0,0,0,0,0,0,0,0,0,0,0,0,0,0,0,0
203811,The Tattooed Stranger,1950,1,0,0,0,0,0,0,1,0,0,0,0,0,0,0,0,0,0,0
114396,Cesar Chavez,2014,1,0,0,0,0,0,0,0,0,0,0,0,0,0,0,0,0,0,0
200912,Maigret and the St. Fiacre Case,1959,1,0,0,1,0,0,0,1,0,1,0,0,0,0,0,0,0,0,0
207093,Walt Disney,2015,0,0,0,0,0,0,0,0,1,0,0,0,0,0,0,0,0,0,0
167492,Enter the Battlefield: Life on the Magic - The Gathering Pro Tour,2016,0,0,0,0,0,0,0,0,1,0,0,0,0,0,0,0,0,0,0
73370,"Thorn Birds, The",1983,1,0,0,0,0,0,0,0,0,0,0,0,1,0,0,0,0,0,0
43419,Bandidas,2006,0,1,0,0,1,1,0,1,0,0,0,0,0,0,0,0,0,0,0
82356,Boy Interrupted,2008,0,0,0,0,0,0,0,0,1,0,0,0,0,0,0,0,0,0,0
112330,Bitch Hug (Bitchkram),2012,1,0,0,0,0,0,0,0,0,0,0,0,0,0,0,0,0,0,0
289679,Scenes from Allen's Last Three Days on Earth as a Spirit,1997,0,0,0,0,0,0,0,0,1,0,0,0,0,0,0,0,0,0,0
239578,Braille,2011,0,0,0,0,1,0,0,0,0,0,0,0,0,0,0,0,0,0,0
83531,"Two of Us, The (Le vieil homme et l'enfant)",1967,1,1,0,0,0,0,0,0,0,0,0,0,0,0,0,0,0,0,0
26825,Josh and S.A.M.,1993,1,1,0,0,0,0,0,0,0,0,0,1,0,0,0,0,0,0,0
231251,Amy & Isabelle,2001,1,0,0,0,0,0,0,0,0,0,0,0,0,0,0,0,0,0,0
166988,Overdose,1983,1,0,0,0,0,0,0,0,0,0,0,0,0,0,0,0,0,0,0
270070,Charli XCX: Alone Together,2021,0,0,0,0,0,0,0,0,1,0,0,0,0,0,0,0,0,0,0
180971,The Meateater,1979,0,0,1,0,0,0,0,0,0,0,0,0,0,0,0,0,0,0,0
142731,Stolen Identity,1953,1,0,0,1,1,0,0,1,0,1,0,0,0,0,0,0,0,0,0
59129,Outpost,2008,0,0,1,0,1,0,0,0,0,0,0,0,0,0,0,0,0,0,0
2629,"Love Letter, The",1999,0,1,0,0,0,0,0,0,0,0,0,0,1,0,0,0,0,0,0
187199,Devil You Know,2013,0,0,0,1,0,0,0,0,0,1,0,0,0,0,0,0,0,0,0
1081,Victor/Victoria,1982,0,1,0,0,0,0,0,0,0,0,0,0,1,0,0,0,0,1,0
5861,Tales of Ordinary Madness (Storie di Ordinaria Follia),1981,1,0,0,0,0,0,0,0,0,0,0,0,0,0,0,0,0,0,0
188851,Chandrettan Evideya,2015,1,1,0,0,0,0,0,0,0,0,0,0,0,1,0,0,0,0,0
114072,Cheech and Chong's Animated Movie,2013,0,1,0,0,0,0,0,0,0,0,0,0,0,0,1,0,0,0,0
105448,Eros (Men and Women) (Noite Vazia),1964,1,0,0,0,0,0,0,0,0,0,0,0,0,0,0,0,0,0,0
178343,Mary's Land,2013,1,1,0,0,0,0,0,0,1,1,0,0,0,0,0,0,0,0,0
168506,The Greatest Man in Siam,1944,0,0,0,0,0,0,0,0,0,0,0,0,0,0,1,0,0,0,0
289139,Kaze to Ki no Uta Sanctus: Sei Naru Kana,1987,1,0,0,0,0,0,0,0,0,0,0,0,1,0,1,0,0,0,0
124889,The Adventures of Tom Thumb & Thumbelina,2002,0,0,0,0,0,0,0,0,0,0,0,0,0,0,1,0,0,0,0
478,Jimmy Hollywood,1994,1,1,0,0,0,0,0,1,0,0,0,0,0,0,0,0,0,0,0
226512,The Snake Girl and the Silver-Haired Witch,1968,0,0,1,1,0,0,0,0,0,1,0,0,0,0,0,0,0,0,0
172137,Pioneer Heroes,2015,1,0,0,0,0,0,0,0,0,0,0,0,0,0,0,0,0,0,0
166544,A Kind of Murder,2016,0,0,0,1,0,0,0,0,0,0,0,0,0,0,0,0,0,0,0
151900,Arrowhead,2015,0,0,0,0,1,0,0,0,0,1,1,1,0,0,0,0,0,0,0
155162,Jack and the Beanstalk,1902,0,0,0,0,0,0,0,0,0,0,0,1,0,1,0,1,0,0,0
156210,Sugar,2004,1,0,0,0,0,0,0,0,0,0,0,0,1,0,0,0,0,0,0
176603,The Snowman,2017,0,0,0,1,0,0,0,1,0,0,0,0,0,0,0,0,0,0,0
213606,Brothers in Blood: The Lions of Sabi Sand,2015,0,0,0,0,0,0,0,0,1,0,0,0,0,0,0,0,0,0,0
243232,A Very British Psycho,1997,0,0,0,0,0,0,0,0,1,0,0,0,0,0,0,0,0,0,0
275489,Goopy Geer,1932,0,1,0,0,0,0,0,0,0,0,0,0,0,0,1,0,0,0,0
207365,Guidable - The Real History of Ratos de Porão,2008,0,0,0,0,0,0,0,0,1,0,0,0,0,0,0,0,0,0,0
97540,"Visiteurs du soir, Les (Devil's Envoys, The)",1942,1,0,0,0,0,0,0,0,0,0,0,0,1,0,0,1,0,0,0
285581,The Blackwell Ghost 6,2022,1,0,1,0,0,0,0,0,0,0,0,0,0,0,0,0,0,0,0
281296,The Rust,2021,1,0,0,0,0,0,0,0,0,0,0,0,0,0,0,0,0,0,0
269804,Stolen Glory,1912,0,1,0,0,0,0,0,0,0,0,0,0,0,0,0,0,0,0,0
136455,Iron Man & Captain America: Heroes United,2014,0,0,0,0,1,0,0,0,0,0,0,1,0,0,1,0,0,0,0
246634,Oh My God,2015,0,1,0,0,0,0,0,0,0,0,0,0,0,0,0,0,0,0,0
157170,Eat My Dust,1976,0,0,0,0,1,0,0,0,0,0,0,0,0,0,0,0,0,0,0
6652,Joe Kidd,1972,0,0,0,0,0,1,0,0,0,0,0,0,0,0,0,0,0,0,0
277432,The Chaos Class Welcome,2004,0,1,0,0,0,0,0,0,0,0,0,0,0,0,0,0,0,0,0
289519,Kamikazen (Ultima notte a Milano),1988,0,1,0,0,0,0,0,0,0,0,0,0,0,0,0,0,0,0,0
232593,Christmas on the Vine,2020,0,0,0,0,0,0,0,0,0,0,0,0,1,0,0,0,0,0,0
62644,"Wave, The (Welle, Die)",2008,1,0,0,0,0,0,0,0,0,0,0,0,0,0,0,0,0,0,0
1026,So Dear to My Heart,1949,1,0,0,0,0,0,0,0,0,0,0,0,0,1,0,0,0,0,0
199892,The Three Heroes: The Heiress to the Throne,2018,0,0,0,0,0,0,0,0,0,0,0,0,0,1,1,0,0,0,0
286753,Cold War,1951,0,0,0,0,0,0,0,0,0,0,0,0,0,0,1,0,0,0,0
150425,Lana: Queen of the Amazons,1964,0,0,0,0,0,0,0,0,0,0,0,1,0,0,0,0,0,0,0
87053,Zoo in Budapest,1933,1,0,0,0,0,0,0,0,0,0,0,0,1,0,0,0,0,0,0
4495,Crossing Delancey,1988,0,1,0,0,0,0,0,0,0,0,0,0,1,0,0,0,0,0,0
155525,All the Love You Cannes!,2002,0,0,0,0,0,0,0,0,1,0,0,0,0,0,0,0,0,0,0
134095,My Love,2006,1,0,0,0,0,0,0,0,0,0,0,0,0,0,1,0,0,0,0
71178,Street of Shame (Akasen chitai),1956,1,0,0,0,0,0,0,0,0,0,0,0,0,0,0,0,0,0,0
146437,San Francisco 2.0,2015,0,0,0,0,0,0,0,0,1,0,0,0,0,0,0,0,0,0,0
291495,Carry on Jatta 3,2023,1,1,0,0,0,0,0,0,0,0,0,0,0,0,0,0,0,0,0
235927,One Life at a Time,2020,1,0,0,0,0,0,0,0,0,0,0,0,0,0,0,0,0,0,0
8971,Veer Zaara,2004,1,0,0,0,0,0,0,0,0,0,0,0,1,0,0,0,0,1,0
202819,The Merry Wives of Windsor,1982,0,1,0,0,0,0,0,0,0,0,0,0,0,0,0,0,0,0,0
179623,Die zertanzten Schuhe,2011,0,0,0,0,0,0,0,0,0,0,0,0,0,1,0,1,0,0,0
128723,James Dean,2001,1,0,0,0,0,0,0,0,0,0,0,0,0,0,0,0,0,0,0
225884,Slow Video,2014,1,1,0,0,0,0,0,0,0,0,0,0,0,0,0,0,0,0,0
139064,Gang of Four,1989,1,0,0,0,0,0,0,0,0,1,0,1,0,0,0,0,0,0,0
163601,The Work and the Glory II: American Zion,2005,1,0,0,0,0,0,0,0,0,0,0,0,0,0,0,0,0,0,0
289071,Curtain Call,1940,0,1,0,0,0,0,0,0,0,0,0,0,0,0,0,0,0,0,0
206710,Spider in the Web,2019,0,0,0,1,0,0,0,0,0,0,0,0,0,0,0,0,0,0,0
198171,Celluloid,2014,1,0,0,1,0,0,0,0,0,0,0,0,0,0,0,0,0,0,0
189017,Stone,1974,0,0,0,1,1,0,0,1,0,0,0,0,0,0,0,0,0,0,0
156615,Silent Retreat,2013,0,0,1,1,0,0,0,0,0,1,0,0,0,0,0,0,0,0,0
277856,See How They Run,2022,0,1,0,0,0,0,0,1,0,1,0,0,0,0,0,0,0,0,0
244414,Never Ever,2016,1,0,0,0,0,0,0,0,0,0,0,0,0,0,0,0,0,0,0
52108,It's Impossible to Learn to Plow by Reading Books,1988,1,0,0,0,0,0,0,0,0,0,0,0,0,0,0,0,0,0,0
261437,About an Age,2018,1,0,0,0,0,0,0,0,0,0,0,0,0,0,0,0,0,0,0
281792,Canvas,2021,0,0,1,0,0,0,0,0,0,0,0,0,0,0,1,0,0,0,0
157198,Macross Frontier: The Wings of Goodbye,2011,0,0,0,0,1,0,0,0,0,0,0,0,1,0,1,0,0,0,0
141793,Women of the World,1963,0,0,0,0,0,0,0,0,1,0,0,0,0,0,0,0,0,0,0
73914,Sometimes a Great Notion,1970,1,0,0,0,1,0,0,0,0,0,0,1,0,0,0,0,0,0,0
83430,Fool N Final,2007,0,1,0,0,1,0,0,0,0,0,0,0,1,0,0,0,0,0,0
268928,Ratboy,1986,1,1,0,0,0,0,0,1,0,0,0,0,0,0,0,0,0,0,0
276531,Take the Night,2022,0,0,0,1,0,0,0,1,0,0,0,0,0,0,0,0,0,0,0
158761,Super Juice Me!,2014,0,0,0,0,0,0,0,0,1,0,0,0,0,0,0,0,0,0,0
282119,Kalev,2022,1,0,0,0,0,0,0,0,0,0,0,0,0,0,0,0,0,0,0
245288,Sometime Other Than Now,2021,1,0,0,0,0,0,0,0,0,0,0,0,0,0,0,0,0,0,0
53123,Once,2006,1,0,0,0,0,0,0,0,0,0,0,0,1,0,0,0,0,1,0
163352,Variety Girl,1947,0,1,0,0,0,0,0,0,0,0,0,0,0,0,0,0,0,0,0
124083,Honolulu,1939,0,1,0,0,0,0,0,0,0,0,0,0,1,0,0,0,0,0,0
85275,Uncounted: The New Math of American Elections,2008,0,0,0,0,0,0,0,0,1,0,0,0,0,0,0,0,0,0,0
211127,The Ninth Precinct,2019,0,0,0,1,0,0,0,1,0,0,0,0,0,0,0,1,0,0,0
220598,Kathy Griffin: Everybody Can Suck It,2007,0,1,0,0,0,0,0,0,0,0,0,0,0,0,0,0,0,0,0
173139,The Bad Batch,2017,0,0,1,1,0,0,0,0,0,0,0,0,1,0,0,0,0,0,0
144962,Phantom Boy,2015,0,0,0,0,0,0,0,0,0,0,0,1,0,1,1,0,0,0,0
5353,Butterflies Are Free,1972,1,1,0,0,0,0,0,0,0,0,0,0,0,0,0,0,0,0,0
120118,The Forest,2012,1,0,0,0,0,0,0,0,0,0,0,0,0,0,0,1,0,0,0
272491,General Report,1977,0,0,0,0,0,0,0,0,1,0,0,0,0,0,0,0,0,0,0
86880,Pirates of the Caribbean: On Stranger Tides,2011,0,0,0,0,1,0,0,0,0,0,0,1,0,0,0,1,1,0,0
120952,Filly Brown,2012,1,0,0,0,0,0,0,0,0,0,0,0,0,0,0,0,0,0,0
251996,Possibly in Michigan,1983,0,0,1,0,0,0,0,0,0,0,0,0,0,0,0,0,0,0,0
257703,Nineties,1992,0,1,0,0,0,0,0,0,0,0,0,0,0,0,0,0,0,0,0
198819,Friends: Naki on Monster Island,2011,0,1,0,0,0,0,0,0,0,0,0,0,0,1,1,0,0,0,0
46065,Ice Bound,2003,1,0,0,0,0,0,0,0,0,0,0,0,0,0,0,0,0,0,0
124727,Just for Kicks,2005,0,0,0,0,0,0,0,0,1,0,0,0,0,0,0,0,0,0,0
119948,Let's Kill Ward's Wife,2014,0,1,0,0,0,0,0,0,0,0,0,0,0,0,0,0,0,0,0
205935,Girl Slaves of Morgana Le Fay,1971,1,0,0,0,0,0,0,0,0,0,0,0,0,0,0,1,0,0,0
126779,Grandmother,2010,1,0,0,0,0,0,0,0,0,0,0,0,0,0,0,0,0,0,0
281290,A Big Fat Family Christmas,2022,1,1,0,0,0,0,0,0,0,0,0,0,1,0,0,0,0,0,0
171347,The Sisters,2005,1,0,1,0,0,0,0,0,0,0,0,0,0,0,0,0,0,0,0
224591,Last Shot,2020,1,0,0,0,0,0,0,0,0,0,0,0,0,0,0,0,0,0,0
190583,Goa,2010,0,1,0,0,0,0,0,0,0,0,0,0,1,0,0,0,0,0,0
4530,Permanent Record,1988,1,0,0,0,0,0,0,0,0,0,0,0,0,0,0,0,0,0,0
127323,Vice,2015,0,0,0,1,1,0,0,0,0,0,1,1,0,0,0,0,0,0,0
214900,Theatre of War,2018,0,0,0,0,0,0,0,0,1,0,0,0,0,0,0,0,0,0,0
3932,"Invisible Man, The",1933,0,0,1,0,0,0,0,0,0,0,1,0,0,0,0,0,0,0,0
244530,Pagglait,2021,1,1,0,0,0,0,0,0,0,0,0,0,0,0,0,0,0,0,0
106057,Wind with the Gone (El viento se llevó lo qué),1998,1,1,0,0,0,0,0,0,0,0,0,0,0,0,0,0,0,0,0
260009,Incision,2020,0,0,1,0,0,0,0,0,0,0,0,0,0,0,0,0,0,0,0
167886,The Phantom,1943,0,0,0,0,1,0,0,0,0,0,0,0,0,0,0,0,0,0,0
60032,Hounddog,2007,1,0,0,0,0,0,0,0,0,0,0,0,0,0,0,0,0,0,0
238824,Backyard Blockbusters,2012,0,0,0,0,0,0,0,0,1,0,0,0,0,0,0,0,0,0,0
208441,Pig Hag,2019,1,0,0,0,0,0,0,0,0,0,0,0,0,0,0,0,0,0,0
174051,Photographer,2015,1,1,0,0,0,0,0,0,0,0,0,0,0,0,0,0,0,0,0
186239,Road Movie,1974,1,0,0,0,0,0,0,0,0,0,0,0,0,0,0,0,0,0,0
1186,"Sex, Lies, and Videotape",1989,1,0,0,0,0,0,0,0,0,0,0,0,0,0,0,0,0,0,0
132796,San Andreas,2015,1,0,0,1,1,0,0,0,0,0,0,0,0,0,0,0,0,0,0
208643,William,2019,1,0,0,0,0,0,0,0,0,0,1,0,0,0,0,0,0,0,0
175423,Sunstroke,2014,1,0,0,0,0,0,0,0,0,0,0,0,0,0,0,0,0,0,0
162956,Kiss Kiss (Bang Bang),2001,0,0,0,0,1,0,0,1,0,0,0,0,0,0,0,0,0,0,0
179263,Fidgety Bram,2012,0,1,0,0,0,0,0,0,0,0,0,0,0,1,0,0,0,0,0
6349,Breakin',1984,1,0,0,0,0,0,0,0,0,0,0,0,0,0,0,0,0,1,0
261039,"Barbie: Big City, Big Dreams",2021,0,0,0,0,0,0,0,0,0,0,0,0,0,1,1,0,0,0,0
280472,Mili,2022,0,0,0,1,0,0,0,0,0,0,0,0,0,0,0,0,0,0,0
6042,Blind Spot: Hitler's Secretary (Im toten Winkel - Hitlers Sekretärin),2002,0,0,0,0,0,0,0,0,1,0,0,0,0,0,0,0,0,0,0
158330,The Secret Diaries of Miss Anne Lister,2010,1,0,0,0,0,0,0,0,0,0,0,0,0,1,0,0,0,0,0
188087,Nepoddayushchiyesya,1959,0,1,0,0,0,0,0,0,0,0,0,0,0,0,0,0,0,0,0
152731,Los Hermanos Del Hierro,1961,1,0,0,0,0,1,0,0,0,0,0,1,0,0,0,0,0,0,0
99607,Immaculate Conception of Little Dizzle,2009,0,1,0,0,0,0,0,0,0,0,0,0,0,0,0,0,0,0,0
159032,Noon Sunday,1970,1,0,0,0,0,0,0,0,0,0,0,0,0,0,0,0,0,0,0
271783,Wanderers of the Desert,1984,1,0,0,0,0,0,0,0,0,0,0,0,0,0,0,0,0,0,0
49200,"Foreign Affair, A",1948,1,1,0,0,0,0,0,0,0,0,0,0,1,0,0,0,0,0,0
174115,Jupiter's Thunderballs,1903,0,1,0,0,0,0,0,0,0,0,0,0,0,0,0,1,0,0,0
262369,Attica,2021,0,0,0,0,0,0,0,0,1,0,0,0,0,0,0,0,0,0,0
110752,Mondo Hollywood,1967,0,0,0,0,0,0,0,0,1,0,0,0,0,0,0,0,0,0,0
167972,The Secret of Arkandias,2014,0,1,0,0,0,0,0,0,0,0,0,1,0,0,0,1,0,0,0
140910,Nene,1977,1,0,0,0,0,0,0,0,0,0,0,0,0,0,0,0,0,0,0
236371,Ursa Minor Blue,1993,0,0,0,0,0,0,0,0,0,0,0,1,0,0,1,1,0,0,0
129512,Teen Spirit,2007,0,1,0,0,0,0,0,0,0,0,0,0,0,0,0,0,0,0,0
268918,Ghetto Swedish,2015,1,0,0,0,0,0,0,0,0,0,0,0,0,0,0,0,0,0,0
248242,Anuradha,1960,1,0,0,0,0,0,0,0,0,0,0,0,1,1,0,0,0,0,0
181067,"¡Bruja, más que bruja!",1976,1,1,0,0,0,0,0,1,0,0,0,0,1,0,0,0,0,0,0
203633,The Bribe,2018,0,1,0,0,0,0,0,1,0,0,0,0,0,0,0,0,0,0,0
113394,"Pretty One, The",2013,1,1,0,0,0,0,0,0,0,0,0,0,0,0,0,0,0,0,0
128596,Let My Puppets Come,1976,0,1,0,0,0,0,0,0,0,0,0,0,0,0,0,0,0,0,0
157891,Lust for a Vampire,1971,0,0,1,0,0,0,0,0,0,0,0,0,0,0,0,0,0,0,0
245692,Demons from Her Past,2007,1,0,0,0,0,0,0,1,0,1,0,0,0,0,0,0,0,0,0
201114,The House on Tombstone Hill,1989,0,0,1,0,0,0,0,0,0,0,0,0,0,0,0,0,0,0,0
220886,Rosie,2013,1,0,0,0,0,0,0,0,0,0,0,0,0,0,0,0,0,0,0
207505,Nightmares,1979,1,0,0,0,0,0,0,0,0,0,0,0,0,0,0,0,0,0,0
283427,Mira,2022,1,0,0,0,0,0,0,0,0,0,1,1,0,1,0,0,0,0,0
263287,"If I Can’t Have Love, I Want Power",2021,0,0,0,0,0,0,0,0,0,0,0,0,0,0,0,1,0,0,0
268992,"Next Stop, Christmas",2021,1,0,0,0,0,0,0,0,0,0,0,0,1,0,0,1,0,0,0
6188,Old School,2003,0,1,0,0,0,0,0,0,0,0,0,0,0,0,0,0,0,0,0
5633,Heaven,2002,1,0,0,0,0,0,0,0,0,0,0,0,0,0,0,0,0,0,0
27740,Blind Shaft (Mang jing),2003,1,0,0,0,0,0,0,0,0,0,0,0,0,0,0,0,0,0,0
251582,All-American Murder,1991,0,0,0,1,0,0,0,0,0,1,0,0,1,0,0,0,0,0,0
170807,Dance to Death,2017,0,0,0,0,1,0,0,0,0,0,0,0,0,0,0,1,0,0,0
278412,Aadi,2002,1,0,0,0,1,0,0,0,0,0,0,0,0,0,0,0,0,0,0
281036,Anjelah Johnson: Mahalo & Goodnight,2017,0,1,0,0,0,0,0,0,0,0,0,0,0,0,0,0,0,0,0
205679,Our Homeland,2012,1,0,0,0,0,0,0,0,0,0,0,0,0,0,0,0,0,0,0
280376,Milano '83,1983,0,0,0,0,0,0,0,0,1,0,0,0,0,0,0,0,0,0,0
250362,Censor,2021,0,0,1,0,0,0,0,0,0,0,0,0,0,0,0,0,0,0,0
48381,"Assault, The (Aanslag, De)",1986,1,0,0,0,0,0,1,0,0,0,0,0,1,0,0,0,0,0,0
8463,Johnny Belinda,1948,1,0,0,0,0,0,0,0,0,0,0,0,0,0,0,0,0,0,0
203595,Gaijin: A Brazilian Odyssey,1980,1,0,0,0,0,0,0,0,0,0,0,0,0,0,0,0,0,0,0
258235,All of Us,2020,1,1,0,0,0,0,0,0,0,0,0,0,0,0,0,0,0,0,0
4459,Alaska: Spirit of the Wild,1997,0,0,0,0,0,0,0,0,1,0,0,0,0,0,0,0,1,0,0
3957,Billy Jack,1971,1,0,0,0,1,0,0,0,0,0,0,0,0,0,0,0,0,0,0
41912,Slim Susie (Smala Sussie),2003,0,1,0,0,0,0,0,1,0,1,0,0,0,0,0,0,0,0,0
216999,The Elephant and the Butterfly,2017,1,0,0,0,0,0,0,0,0,0,0,0,0,1,0,0,0,0,0
287347,The Weavers: Wasn't That a Time,1982,0,0,0,0,0,0,0,0,1,0,0,0,0,0,0,0,0,0,0
136952,Monster Brawl,2011,0,1,1,0,0,0,0,0,0,0,0,0,0,0,0,0,0,0,0
5208,"Ninth Configuration, The (a.k.a. Twinkle, Twinkle, Killer Kane)",1980,1,0,0,0,0,0,1,0,0,0,0,0,0,0,0,0,0,0,0
213533,The Burnt Orange Heresy,2020,1,0,0,1,0,0,0,0,0,1,0,0,0,0,0,0,0,0,0
220900,Body Electric,2017,1,0,0,0,0,0,0,0,0,0,0,0,0,0,0,0,0,0,0
205585,It's a Fairy!,2016,0,1,0,0,0,0,0,0,0,0,0,0,0,0,0,0,0,0,0
212014,Chasing Happiness,2019,0,0,0,0,0,0,0,0,1,0,0,0,0,0,0,0,0,0,0
98162,Babbitt,1934,1,0,0,0,0,0,0,0,0,0,0,0,0,0,0,0,0,0,0
206447,Classic Albums: Lou Reed - Transformer,2001,0,0,0,0,0,0,0,0,1,0,0,0,0,0,0,0,0,0,0
25741,"Phantom Carriage, The (Körkarlen)",1921,1,0,0,0,0,0,0,0,0,0,0,0,0,0,0,0,0,0,0
186463,Home of the Giants,2007,1,0,0,0,0,0,0,1,0,0,0,0,0,0,0,0,0,0,0
220584,Kathy Griffin: Straight to Hell,2007,0,1,0,0,0,0,0,0,0,0,0,0,0,0,0,0,0,0,0
170887,Scoop!,2016,0,0,0,0,0,0,0,0,0,1,0,0,0,0,0,0,0,0,0
1066,Shall We Dance,1937,0,1,0,0,0,0,0,0,0,0,0,0,1,0,0,0,0,1,0
221380,Campus Confidential,2005,0,1,0,0,0,0,0,0,0,0,0,0,0,1,0,0,0,0,0
8612,Lassie Come Home,1943,1,0,0,0,0,0,0,0,0,0,0,1,0,1,0,0,0,0,0
270430,The Golden Chance,1915,1,0,0,0,0,0,0,0,0,0,0,0,0,0,0,0,0,0,0
130048,Dracula in Pakistan,1967,1,0,1,0,0,0,0,1,0,0,0,0,0,0,0,0,0,0,0
199097,Amphetamine,2010,1,0,0,0,0,0,0,0,0,0,0,0,0,0,0,0,0,0,0
114400,Chain Lightning,1950,1,0,0,0,1,0,0,0,0,0,0,0,0,0,0,0,0,0,0
189643,The Cakemaker,2017,1,0,0,0,0,0,0,0,0,0,0,0,0,0,0,0,0,0,0
136760,Sherman's Way,2008,0,1,0,0,0,0,0,0,1,0,0,0,0,0,0,0,0,0,0
269496,What Makes Women Laugh?,1997,0,1,0,0,0,0,0,0,0,0,0,0,1,0,0,0,0,0,0
215159,Dark Light,2019,0,0,1,1,0,0,0,0,0,0,1,0,0,0,0,0,0,0,0
288917,Dr Jason Leong: Ride with Caution,2023,0,1,0,0,0,0,0,0,0,0,0,0,0,0,0,0,0,0,0
119303,The Walking Stick,1970,1,0,0,0,0,0,0,1,0,0,0,0,1,0,0,0,0,0,0
174835,Grimm,2003,1,1,0,0,0,0,0,0,0,0,0,1,0,0,0,0,0,0,0
262999,Spaceship To The Unknown,1966,0,0,0,0,0,0,0,0,0,0,1,0,0,0,0,0,0,0,0
34416,Let's Get Lost,1988,0,0,0,0,0,0,0,0,1,0,0,0,0,0,0,0,0,1,0
3028,"Taming of the Shrew, The",1967,0,1,0,0,0,0,0,0,0,0,0,0,0,0,0,0,0,0,0
102245,Small Apartments,2012,1,1,0,0,0,0,0,1,0,0,0,0,0,0,0,0,0,0,0
80354,Men in the City (Männerherzen),2009,0,1,0,0,0,0,0,0,0,0,0,0,0,0,0,0,0,0,0
289171,Reinventing Elvis: The 68' Comeback,2023,0,0,0,0,0,0,0,0,1,0,0,0,0,0,0,0,0,0,0
199840,Genesis,1968,0,1,0,0,0,0,0,0,0,0,0,0,0,0,1,0,0,0,0
267652,Cross Country Christmas,2020,0,0,0,0,0,0,0,0,0,0,0,0,1,0,0,0,0,0,0
2756,Wanted: Dead or Alive,1987,0,0,0,0,1,0,0,0,0,0,0,0,0,0,0,0,0,0,0
7644,Divorce Iranian Style,1998,0,0,0,0,0,0,0,0,1,0,0,0,0,0,0,0,0,0,0
7407,Africa Screams,1949,0,1,0,0,0,0,0,0,0,0,0,1,0,0,0,0,0,0,0
179517,The Horse Dancer,2017,0,0,0,0,0,0,0,0,0,0,0,0,1,0,0,0,0,0,0
148087,The Life and Times of Grizzly Adams,1974,0,0,0,0,0,1,0,0,0,0,0,1,0,1,0,0,0,0,0
156204,Side Show,1931,0,1,0,0,0,0,0,0,0,0,0,0,0,0,0,0,0,0,0
112697,After Tonight,1933,1,0,0,0,0,0,1,0,0,0,0,0,1,0,0,0,0,0,0
60684,Watchmen,2009,1,0,0,1,1,0,0,0,0,1,1,0,0,0,0,0,1,0,0
170957,Cars 3,2017,0,1,0,0,0,0,0,0,0,0,0,1,0,0,1,0,0,0,0
252882,Middle Class Melodies,2020,1,1,0,0,0,0,0,0,0,0,0,0,1,0,0,0,0,0,0
84252,Back Street,1961,1,0,0,0,0,0,0,0,0,0,0,0,0,0,0,0,0,0,0
103661,United,2011,1,0,0,0,0,0,0,0,0,0,0,0,0,0,0,0,0,0,0
114535,Rovaniemen markkinoilla,1951,0,1,0,0,0,0,0,0,0,0,0,0,0,0,0,0,0,1,0
262,"Little Princess, A",1995,1,0,0,0,0,0,0,0,0,0,0,0,0,1,0,0,0,0,0
255863,Standoff,2020,0,0,0,0,0,0,0,1,0,0,0,0,0,0,0,0,0,0,0
91191,À l'aventure,2008,1,0,0,0,0,0,0,0,0,0,0,0,0,0,0,0,0,0,0
243414,My Dad's a Soccer Mom,2014,1,1,0,0,0,0,0,0,0,0,0,0,0,1,0,0,0,0,0
123359,My Way,2012,1,0,0,0,0,0,0,0,0,0,0,0,0,0,0,0,0,0,0
169010,The Swimmers,2014,0,0,1,0,0,0,0,0,0,0,0,0,0,0,0,0,0,0,0
1307,When Harry Met Sally...,1989,0,1,0,0,0,0,0,0,0,0,0,0,1,0,0,0,0,0,0
216953,The Devil's Business,2012,0,0,1,0,0,0,0,0,0,0,0,0,0,0,0,0,0,0,0
211570,Chiara e Francesco,2007,0,0,0,0,0,0,0,0,1,0,0,0,0,0,0,0,0,0,0
146680,Deadbeat at Dawn,1988,0,0,0,1,1,0,0,1,0,0,0,0,0,0,0,0,0,0,0
7311,"Goodbye, Mr. Chips",1939,1,0,0,0,0,0,0,0,0,0,0,0,1,0,0,0,0,0,0
152039,The Image Revolution,2013,0,0,0,0,0,0,0,0,1,0,0,0,0,0,0,0,0,0,0
194833,Effedia - Sulla mia cattiva strada,2008,0,0,0,0,0,0,0,0,1,0,0,0,0,0,0,0,0,0,0
5,Father of the Bride Part II,1995,0,1,0,0,0,0,0,0,0,0,0,0,0,0,0,0,0,0,0
217661,Backstabbed,2016,0,0,0,1,0,0,0,0,0,0,0,0,0,0,0,0,0,0,0
177947,Tattoo,1966,1,0,0,1,0,0,0,0,0,0,0,0,0,0,0,0,0,0,0
223832,Saving Flora,2018,1,0,0,0,0,0,0,0,0,0,0,1,0,1,0,0,0,0,0
153080,Dopo quella notte,2010,1,0,0,0,0,0,0,0,0,0,0,0,0,0,0,0,0,0,0
94041,Appropriate Adult,2011,1,0,0,0,0,0,0,0,0,0,0,0,0,0,0,0,0,0,0
211568,Nuts for love,2000,1,0,0,0,0,0,0,0,0,0,0,0,1,0,0,0,0,0,0
5176,Luminarias,2000,0,1,0,0,0,0,0,0,0,0,0,0,1,0,0,0,0,0,0
113659,Assassination,1967,1,0,0,1,0,0,0,0,0,0,0,0,0,0,0,0,0,0,0
86856,To the Shores of Tripoli,1942,1,0,0,0,0,0,1,0,0,0,0,0,1,0,0,0,0,0,0
51088,Reno 911!: Miami,2007,0,1,0,0,0,0,0,0,0,0,0,0,0,0,0,0,0,0,0
169036,Peter and the Farm,2016,0,0,0,0,0,0,0,0,1,0,0,0,0,0,0,0,0,0,0
732,Original Gangstas,1996,0,0,0,0,0,0,0,1,0,0,0,0,0,0,0,0,0,0,0
47477,Good News,1947,0,1,0,0,0,0,0,0,0,0,0,0,1,0,0,0,0,1,0
3101,Fatal Attraction,1987,1,0,0,1,0,0,0,0,0,0,0,0,0,0,0,0,0,0,0
184599,The Houses October Built 2,2017,0,0,1,0,0,0,0,0,0,0,0,0,0,0,0,0,0,0,0
168782,Onus,2016,1,0,0,1,0,0,0,0,0,1,0,0,0,0,0,0,0,0,0
208223,Escher: Journey into Infinity,2018,0,0,0,0,0,0,0,0,1,0,0,0,0,0,0,0,0,0,0
143785,Sesso E Volentieri,1982,0,1,0,0,0,0,0,0,0,0,0,0,0,0,0,0,0,0,0
243734,Before Your Time,2017,0,0,0,0,0,0,0,0,0,0,0,0,0,1,0,0,0,0,0
280566,Frank and Penelope,2022,0,0,1,1,0,0,0,1,0,0,0,0,0,0,0,0,0,0,0
287591,You Hurt My Feelings,2023,1,1,0,0,0,0,0,0,0,0,0,0,0,0,0,0,0,0,0
246648,Notes on an American Film Director at Work,2008,0,0,0,0,0,0,0,0,1,0,0,0,0,0,0,0,0,0,0
167334,Barry,2016,1,0,0,0,0,0,0,0,0,0,0,0,0,0,0,0,0,0,0
129824,Buffalo Rider,1978,0,0,0,0,0,1,0,0,0,0,0,1,0,0,0,0,0,0,0
27530,My Wife Is a Gangster (Jopog manura),2001,0,1,0,0,1,0,0,0,0,0,0,0,1,0,0,0,0,0,0
548,Terminal Velocity,1994,0,0,0,1,1,0,0,0,0,1,0,0,0,0,0,0,0,0,0
204736,The Bloody Brood,1959,1,0,0,1,0,0,0,1,0,0,0,0,0,0,0,0,0,0,0
174889,"Accidental Courtesy: Daryl Davis, Race & America",2016,0,0,0,0,0,0,0,0,1,0,0,0,0,0,0,0,0,0,0
127068,The Castle of Fu Manchu,1969,0,0,1,0,1,0,0,1,0,0,0,0,0,0,0,0,0,0,0
179367,The Attacks Of 26-11,2013,1,0,0,0,0,0,1,1,0,0,0,0,0,0,0,0,0,0,0
140890,Holiday,2014,1,0,0,0,0,0,0,0,0,0,0,0,0,0,0,0,0,0,0
166189,The Standoff,2016,0,1,0,0,0,0,0,0,0,0,0,0,0,0,0,0,0,0,0
131828,Doug Benson: Doug Dynasty,2014,0,1,0,0,0,0,0,0,0,0,0,0,0,0,0,0,0,0,0
201240,The Brink,2019,0,0,0,0,0,0,0,0,1,0,0,0,0,0,0,0,0,0,0
180725,Laughing Gravy,1931,0,1,0,0,0,0,0,0,0,0,0,0,0,0,0,0,0,0,0
166954,Under the Sea 3D,2009,0,0,0,0,0,0,0,0,1,0,0,0,0,0,0,0,0,0,0
140451,Black Scorpion,1995,0,0,0,0,1,0,0,0,0,0,1,0,0,0,0,0,0,0,0
4650,Relentless,1989,0,0,0,1,0,0,0,0,0,0,0,0,0,0,0,0,0,0,0
260187,Wedding Every Weekend,2020,0,1,0,0,0,0,0,0,0,0,0,0,1,0,0,0,0,0,0
189563,Birth of Civilization,2007,0,0,0,0,0,0,0,0,1,0,0,0,0,0,0,0,0,0,0
285911,Nezouh,2023,1,0,0,0,0,0,0,0,0,0,0,0,0,0,0,0,0,0,0
249860,"Magdalena, Possessed by the Devil",1974,0,0,1,0,0,0,0,0,0,0,0,0,0,0,0,0,0,0,0
153234,Toy Reanimator,2002,0,0,0,0,0,0,0,0,0,0,1,0,0,0,0,1,0,0,0
68028,What Doesn't Kill You,2008,1,0,0,0,0,0,0,1,0,0,0,0,0,0,0,0,0,0,0
91309,Applause (Applaus),2009,1,0,0,0,0,0,0,0,0,0,0,0,0,0,0,0,0,0,0
279852,I Love My Mum,2019,0,1,0,0,0,0,0,0,0,0,0,0,0,0,0,0,0,0,0
135627,Debug,2014,0,0,1,0,0,0,0,0,0,0,1,0,0,0,0,0,0,0,0
159395,Atlantic Rhapsody,1990,1,1,0,0,0,0,0,0,0,0,0,0,0,0,0,0,0,0,0
25994,Salt of the Earth,1954,1,0,0,0,0,0,0,0,0,0,0,0,0,0,0,0,0,0,0
158599,Ivko's Feast,2005,0,1,0,0,0,0,0,0,0,0,0,0,0,0,0,0,0,0,0
2511,"Long Goodbye, The",1973,0,0,0,0,0,0,0,1,0,0,0,0,0,0,0,0,0,0,1
196921,Alien Boy: The Life and Death of James Chasse,2013,0,0,0,0,0,0,0,0,1,0,0,0,0,0,0,0,0,0,0
169574,Lisa Lampanelli: Back to the Drawing Board,2015,0,1,0,0,0,0,0,0,0,0,0,0,0,0,0,0,0,0,0
284999,Freibad,2022,0,1,0,0,0,0,0,0,0,0,0,0,0,0,0,0,0,0,0
3270,"Cutting Edge, The",1992,1,1,0,0,0,0,0,0,0,0,0,0,1,0,0,0,0,0,0
239494,King Dick,1973,0,0,0,0,0,0,0,0,0,0,0,0,0,0,1,0,0,0,0
116513,'Master Harold' ... And the Boys,2010,1,0,0,0,0,0,0,0,0,0,0,0,0,0,0,0,0,0,0
185635,My Enemy's Enemy,2007,0,0,0,0,0,0,0,0,1,0,0,0,0,0,0,0,0,0,0
155822,The Taiwan Oyster,2012,1,0,0,0,0,0,0,0,0,0,0,0,0,0,0,0,0,0,0
117662,Easy Living,1949,1,0,0,0,0,0,0,0,0,0,0,0,0,0,0,0,0,0,0
196223,Hellboy,2019,0,0,0,0,1,0,0,0,0,0,0,1,0,0,0,1,0,0,0
188179,My Perfect Romance,2018,0,0,0,0,0,0,0,0,0,0,0,0,1,0,0,0,0,0,0
111852,Generation Iron,2013,0,0,0,0,0,0,0,0,1,0,0,0,0,0,0,0,0,0,0
219408,The Devil and the Statue,1901,1,0,1,0,0,0,0,0,0,0,0,0,1,0,0,1,0,0,0
202489,Wings of Life,2011,0,0,0,0,0,0,0,0,1,0,0,0,0,0,0,0,0,0,0
212989,#Iamhere,2020,0,1,0,0,0,0,0,0,0,0,0,0,1,0,0,0,0,0,0
283537,Beck 35 - Flesh & Blood,2018,1,0,0,1,0,0,0,1,0,1,0,0,0,0,0,0,0,0,0
187951,Father of Lights,2012,0,0,0,0,0,0,0,0,1,0,0,0,0,0,0,0,0,0,0
57970,U2 3D,2007,0,0,0,0,0,0,0,0,1,0,0,0,0,0,0,0,1,0,0
170735,X: The Unheard Music,1986,0,0,0,0,0,0,0,0,1,0,0,0,0,0,0,0,0,0,0
78629,"Man There Was, A (Terje Vigen)",1917,1,0,0,0,0,0,0,0,0,0,0,0,0,0,0,0,0,0,0
215033,"Come Here, Mukhtar!",1964,1,0,0,0,0,0,0,0,0,1,0,0,0,0,0,0,0,0,0
204692,In the Tall Grass,NA,1,0,1,1,0,0,0,0,0,0,0,0,0,0,0,0,0,0,0
8502,Show Boat,1951,1,0,0,0,0,0,0,0,0,0,0,0,1,0,0,0,0,1,0
99899,Marked for Murder,1993,1,0,0,0,1,0,0,0,0,0,0,0,0,0,0,0,0,0,0
70964,Witch Hunt,2008,0,0,0,0,0,0,0,0,1,0,0,0,0,0,0,0,0,0,0
258037,Oh My Ghost 3,2012,0,1,0,0,0,0,0,0,0,0,0,0,0,0,0,0,0,0,0
244676,The Party Is Over,2018,1,0,0,0,0,0,0,0,0,0,0,0,0,0,0,0,0,0,0
253488,Game of Four,2007,0,1,0,0,0,0,0,0,0,0,0,0,0,0,0,0,0,0,0
175679,My Sister's Quinceanera,2013,1,0,0,0,0,0,0,0,0,0,0,0,0,0,0,0,0,0,0
2050,Herbie Goes Bananas,1980,0,1,0,0,0,0,0,0,0,0,0,1,0,1,0,0,0,0,0
171507,Unspeakable Horrors: The Plan 9 Conspiracy,NA,0,1,0,0,0,0,0,0,1,0,0,0,0,0,0,0,0,0,0
4059,"Amati Girls, The",2000,1,0,0,0,0,0,0,0,0,0,0,0,0,0,0,0,0,0,0
157561,Thani Oruvan,2015,0,0,0,1,1,0,0,0,0,0,0,0,0,0,0,0,0,0,0
221232,The Grizzlies,2020,1,0,0,0,0,0,0,0,0,0,0,0,0,0,0,0,0,0,0
148095,Premam,2015,0,1,0,0,0,0,0,0,0,0,0,0,1,0,0,0,0,0,0
189109,Pandas,2018,0,0,0,0,0,0,0,0,1,0,0,0,0,0,0,0,0,0,0
3481,High Fidelity,2000,1,1,0,0,0,0,0,0,0,0,0,0,1,0,0,0,0,0,0
187527,All the President's Men Revisited,2013,0,0,0,0,0,0,0,0,1,0,0,0,0,0,0,0,0,0,0
159592,The Labyrinth of Love,1993,1,0,0,0,0,0,0,0,0,0,0,0,0,0,0,0,0,0,0
268556,Time for Them to Come Home for Christmas,2021,0,1,0,0,0,0,0,0,0,0,0,0,1,0,0,0,0,0,0
125373,Love on the Side,2004,0,1,0,0,0,0,0,0,0,0,0,0,1,0,0,0,0,0,0
85894,Johnny in the Clouds,1945,1,0,0,0,0,0,1,0,0,0,0,0,1,0,0,0,0,0,0
127080,The Diary of Preston Plummer,2012,1,0,0,0,0,0,0,0,0,0,0,0,1,0,0,0,0,0,0
280934,By Candlelight,1933,0,1,0,0,0,0,0,0,0,0,0,0,1,0,0,0,0,0,0
203278,Plus One,2019,0,1,0,0,0,0,0,0,0,0,0,0,1,0,0,0,0,0,0
131904,Surf II,1984,0,1,0,0,0,0,0,0,0,0,0,0,0,0,0,0,0,0,0
218817,A Soldier's Love Story,2010,0,0,0,0,0,0,0,0,0,0,0,0,1,0,0,0,0,0,0
108536,Medora,2013,0,0,0,0,0,0,0,0,1,0,0,0,0,0,0,0,0,0,0
185205,Free to Be… You and Me,1974,0,0,0,0,0,0,0,0,0,0,0,0,0,1,1,0,0,0,0
230119,Cranston Academy: Monster Zone,2020,0,0,0,0,0,0,0,0,0,0,0,0,0,0,1,0,0,0,0
255281,Pororoca,2018,1,0,0,0,0,0,0,0,0,0,0,0,0,0,0,0,0,0,0
2512,"Ballad of Narayama, The (Narayama bushiko)",1983,1,0,0,0,0,0,0,0,0,0,0,0,0,0,0,0,0,0,0
186889,The Nouba of the Women of Mount Chenoa,1978,1,0,0,0,0,0,0,0,0,0,0,0,0,0,0,0,0,0,0
201436,What We Left Behind: Looking Back at Star Trek: Deep Space Nine,2018,0,0,0,0,0,0,0,0,1,0,0,0,0,0,0,0,0,0,0
131062,20 Years After,2008,1,0,0,0,0,0,0,0,0,0,1,0,0,0,0,1,0,0,0
191381,The Sand Storm,2014,1,0,0,0,0,0,0,0,0,0,1,0,0,0,0,0,0,0,0
135919,Bhoothnath Returns,2014,1,1,1,0,0,0,0,0,0,0,0,0,0,0,0,1,0,0,0
138184,Treehouse,2014,0,0,1,1,0,0,0,0,0,1,0,0,0,0,0,0,0,0,0
3899,Circus,2000,1,0,0,1,0,0,0,1,0,0,0,0,0,0,0,0,0,0,0
121491,Off Beat,2004,1,0,0,0,0,0,0,0,0,0,0,0,1,0,0,0,0,0,0
226672,Archenemy,2020,0,0,0,0,1,0,0,0,0,0,0,1,0,0,0,0,0,0,0
174877,Color of the Ocean,2012,1,0,0,0,0,0,0,0,0,0,0,0,0,0,0,0,0,0,0
260385,Chompy & The Girls,2021,0,1,1,0,0,0,0,0,0,0,0,0,0,0,0,0,0,0,0
214560,The Immortal,2019,0,0,0,0,1,0,0,1,0,0,0,0,0,0,0,0,0,0,0
144210,Just Eat It: A Food Waste Story,2014,0,0,0,0,0,0,0,0,1,0,0,0,0,0,0,0,0,0,0
6523,Mr. Baseball,1992,0,1,0,0,0,0,0,0,0,0,0,0,1,0,0,0,0,0,0
250920,Going to America,2015,1,1,0,0,0,0,0,0,0,0,0,0,0,0,0,0,0,0,0
184349,Elsa & Fred,2005,1,1,0,0,0,0,0,0,0,0,0,0,1,0,0,0,0,0,0
86233,New Kids Turbo,2010,0,1,0,0,1,0,0,0,0,0,0,0,0,0,0,0,0,0,0
283495,Beck 11 - The Cartel,2001,1,0,0,1,0,0,0,1,0,1,0,0,0,0,0,0,0,0,0
286625,The All-Around Reduced Personality: Outtakes,1978,1,0,0,0,0,0,0,0,1,0,0,0,0,0,0,0,0,0,0
202021,Hell's Half Acre,1954,1,0,0,1,0,0,0,0,0,1,0,0,0,0,0,0,0,0,0
123735,Vito,2011,0,0,0,0,0,0,0,0,1,0,0,0,0,0,0,0,0,0,0
256297,This Little Love of Mine,2021,0,1,0,0,0,0,0,0,0,0,0,0,1,0,0,0,0,0,0
202359,Homecoming: A Film by Beyoncé,2019,0,0,0,0,0,0,0,0,1,0,0,0,0,0,0,0,0,0,0
163334,Star Spangled Rhythm,1942,0,1,0,0,0,0,0,0,0,0,0,0,0,0,0,0,0,0,0
282575,Jaya Jaya Jaya Jaya Hey,2022,1,1,0,0,0,0,0,0,0,0,0,0,0,1,0,0,0,0,0
106686,José and Pilar (José e Pilar),2010,0,0,0,0,0,0,0,0,1,0,0,0,0,0,0,0,0,0,0
5982,Esther Kahn,2000,1,0,0,0,0,0,0,0,0,0,0,0,0,0,0,0,0,0,0
190165,Severus Snape and the Marauders,2016,1,0,0,0,0,0,0,0,0,1,0,1,0,0,0,1,0,0,0
90106,Pigskin Parade,1936,0,0,0,0,0,0,0,0,0,0,0,0,0,0,0,0,0,1,0
186163,The Adventures of Jinbao,2012,0,0,0,0,0,0,0,0,0,0,0,0,0,0,1,0,0,0,0
188389,Aditya 369,1991,0,0,0,0,0,0,0,0,0,0,1,0,0,0,0,0,0,0,0
215889,Mr. Local,2019,0,1,0,0,1,0,0,0,0,0,0,0,1,0,0,0,0,0,0
118466,"Kingdom of Dreams and Madness, The",2013,0,0,0,0,0,0,0,0,1,0,0,0,0,0,1,0,0,0,0
204704,Ready or Not,2019,0,1,1,1,0,0,0,0,0,0,0,0,0,0,0,0,0,0,0
161422,Alias John Preston,1955,0,0,1,0,0,0,0,0,0,1,0,0,0,0,0,0,0,0,0
5370,Big Bad Mama II,1987,0,1,0,0,1,0,0,0,0,0,0,0,0,0,0,0,0,0,0
254480,Journey to the Center of the Earth,2008,0,0,0,0,1,0,0,0,0,0,1,1,0,1,0,0,0,0,0
146850,Desire,1946,1,0,0,0,0,0,0,0,0,0,0,0,0,0,0,0,0,0,0
104721,"Motivation, The",2013,0,0,0,0,0,0,0,0,1,0,0,0,0,0,0,0,0,0,0
69493,Tu£sday,2008,0,0,0,1,1,0,0,1,0,1,0,0,0,0,0,0,0,0,0
197721,Orange Mittai,2015,1,1,0,0,0,0,0,0,0,0,0,0,0,0,0,0,0,0,0
27889,Hell's Gate 11:11,2004,0,0,1,1,0,0,0,0,0,0,0,0,0,0,0,0,0,0,0
217218,The Source of Shadows,2020,0,0,1,0,0,0,0,0,0,0,0,0,0,0,0,0,0,0,0
215877,Guimba the Tyrant,1996,1,1,0,0,0,0,0,0,0,0,0,0,0,0,0,0,0,0,0
39414,Shopgirl,2005,1,1,0,0,0,0,0,0,0,0,0,0,1,0,0,0,0,0,0
172091,8 New Dates,2015,0,1,0,0,0,0,0,0,0,0,0,0,1,0,0,0,0,0,0
216921,Das Wunder von Wörgl,2018,1,0,0,0,0,0,0,0,1,0,0,0,0,0,0,0,0,0,0
291200,The Wedding Veil Unveiled,2022,0,1,0,0,0,0,0,0,0,0,0,0,1,0,0,0,0,0,0
241450,"Gon, The Little Fox",2019,0,0,0,0,0,0,0,0,0,0,0,0,0,0,1,0,0,0,0
255493,Earth,2019,0,0,0,0,0,0,0,0,1,0,0,0,0,0,0,0,0,0,0
288201,The First Day of my Life,2023,1,0,0,0,0,0,0,0,0,0,0,0,0,0,0,0,0,0,0
150479,The Battle of Sutjeska,1973,0,0,0,0,0,0,1,0,0,0,0,0,0,0,0,0,0,0,0
281032,More Than Ever,2022,1,0,0,0,0,0,0,0,0,0,0,0,0,0,0,0,0,0,0
216661,Skinheads USA: Soldiers of the Race War,1993,0,0,0,0,0,0,0,0,1,0,0,0,0,0,0,0,0,0,0
154065,Dad's Army,2016,0,1,0,0,0,0,0,0,0,0,0,0,0,0,0,0,0,0,0
3001,"Suburbans, The",1999,1,0,0,0,0,0,0,0,0,0,0,0,0,0,0,0,0,0,0
128999,Mafia Killer,1973,1,0,0,0,0,0,0,1,0,0,0,0,0,0,0,0,0,0,0
102171,Late Autumn (Man-choo),2010,1,0,0,0,0,0,0,0,0,0,0,0,1,0,0,0,0,0,0
94312,"Catechism Cataclysm, The",2011,0,1,0,0,0,0,0,0,0,0,0,0,0,0,0,0,0,0,0
269266,Fishing Boats,1958,0,0,0,0,0,0,0,0,1,0,0,0,0,0,0,0,0,0,0
200788,Αιγαίο SOS,2018,0,1,0,0,1,0,0,0,0,0,0,0,0,0,0,0,0,0,0
90011,Wrestling (Bræðrabylta),2007,1,0,0,0,0,0,0,0,0,0,0,0,1,0,0,0,0,0,0
214810,Barbie: Star Light Adventure,2016,0,0,0,0,0,0,0,0,0,0,0,0,0,1,1,0,0,0,0
264412,The Perfect Vagina,2008,0,0,0,0,0,0,0,0,1,0,0,0,0,0,0,0,0,0,0
41569,King Kong,2005,1,0,0,1,1,0,0,0,0,0,0,1,0,0,0,1,0,0,0
125623,That Night's Wife,1930,1,0,0,0,0,0,0,0,0,0,0,0,0,0,0,0,0,0,0
114617,Murph: The Protector,2013,0,0,0,0,0,0,1,0,1,0,0,0,0,0,0,0,0,0,0
175837,Tragedy in a Temporary Town,1956,1,0,0,0,0,0,0,0,0,0,0,0,0,0,0,0,0,0,0
3741,Badlands,1973,1,0,0,1,0,0,0,1,0,0,0,0,0,0,0,0,0,0,0
258551,The 21st Century Race For Space,2017,0,0,0,0,0,0,0,0,1,0,0,0,0,0,0,0,0,0,0
141440,Flowers,2014,1,0,0,0,0,0,0,0,0,0,0,0,0,0,0,0,0,0,0
194108,Replay,2001,1,0,0,0,0,0,0,0,0,0,0,0,1,0,0,0,0,0,0
178417,A Lustful Man,1961,1,1,0,0,0,0,0,0,0,0,0,0,0,0,0,0,0,0,0
37949,Kwik Stop,2001,1,1,0,0,0,0,0,0,0,0,0,0,1,0,0,0,0,0,0
250168,Little Rural Riding Hood,1949,0,1,0,0,0,0,0,0,0,0,0,0,0,0,1,0,0,0,0
175687,Blood Hunters,2016,0,0,1,1,0,0,0,0,0,0,0,0,0,0,0,0,0,0,0
116734,7eventy 5ive,2007,0,0,1,1,0,0,0,0,0,0,0,0,0,0,0,0,0,0,0
1604,Money Talks,1997,0,1,0,0,1,0,0,0,0,0,0,0,0,0,0,0,0,0,0
79617,She-Wolf of London,1946,1,0,1,0,1,0,0,0,0,1,0,0,0,0,0,0,0,0,0
180677,Child of Satan,2016,1,0,1,1,1,0,0,0,0,1,0,0,0,0,0,0,0,0,0
5112,Last Orders,2001,1,0,0,0,0,0,0,0,0,0,0,0,0,0,0,0,0,0,0
66344,"Last Movie, The",1971,1,0,0,0,0,0,0,0,0,0,0,0,0,0,0,0,0,0,0
159237,There Should Be Rules,2015,1,0,0,0,0,0,0,0,0,0,0,0,0,0,0,0,0,0,0
32381,Bells Are Ringing,1960,0,1,0,0,0,0,0,0,0,0,0,0,1,0,0,0,0,1,0
223187,Ben Platt: Live from Radio City Music Hall,2020,0,0,0,0,0,0,0,0,1,0,0,0,0,0,0,0,0,0,0
191489,Peppermint,2018,0,0,0,1,1,0,0,1,0,0,0,0,0,0,0,0,0,0,0
94902,Ten North Frederick,1958,1,0,0,0,0,0,0,0,0,0,0,0,1,0,0,0,0,0,0
236899,The Young Observant,2020,0,0,0,0,0,0,0,0,1,0,0,0,0,0,0,0,0,0,0
121432,The Man Who Shook the Hand of Vicente Fernandez,2012,1,1,0,0,0,1,0,0,0,0,0,0,0,0,0,0,0,0,0
162564,Who Killed Aunt Maggie?,1940,0,0,0,0,0,0,0,0,0,1,0,0,0,0,0,0,0,0,0
191947,Let's Go with Pancho Villa,1936,1,0,0,0,0,0,1,0,0,0,0,0,0,0,0,0,0,0,0
6297,Holes,2003,0,1,0,0,0,0,0,0,0,1,0,1,0,1,0,0,0,0,0
63119,Filth and Wisdom,2008,1,1,0,0,0,0,0,0,0,0,0,0,1,0,0,0,0,1,0
2525,Alligator,1980,0,0,1,0,1,0,0,0,0,0,1,0,0,0,0,0,0,0,0
82005,"Extra Man, The",2010,0,1,0,0,0,0,0,0,0,0,0,0,0,0,0,0,0,0,0
225097,Sleepy Hollow High,2000,0,0,1,0,0,0,0,0,0,0,0,0,0,0,0,0,0,0,0
60124,Turn the River,2007,1,0,0,0,0,0,0,0,0,0,0,0,0,0,0,0,0,0,0
282695,There's Something Wrong with the Children,2023,0,0,1,0,0,0,0,0,0,0,0,0,0,0,0,0,0,0,0
177257,Poison for the Fairies,1984,1,0,1,1,0,0,0,0,0,0,0,0,0,0,0,1,0,0,0
197145,The Lost Strait,2018,0,0,0,0,0,0,1,0,0,0,0,0,0,0,0,0,0,0,0
115678,"Like Sunday, Like Rain",2014,1,0,0,0,0,0,0,0,0,0,0,0,1,0,0,0,0,0,0
182813,Saving Capitalism,2017,0,0,0,0,0,0,0,0,1,0,0,0,0,0,0,0,0,0,0
145823,Land of Death,2004,0,0,1,1,1,0,0,0,0,0,0,0,0,0,0,0,0,0,0
187993,The Old New Year,1981,0,1,0,0,0,0,0,0,0,0,0,0,0,0,0,0,0,0,0
149681,Horror High,1974,0,0,1,0,0,0,0,0,0,0,1,0,0,0,0,0,0,0,0
223123,Just Retired,2019,0,1,0,0,0,0,0,0,0,0,0,0,0,0,0,0,0,0,0
258915,Happier Than Ever: A Love Letter to Los Angeles,2021,0,0,0,0,0,0,0,0,1,0,0,0,0,0,1,0,0,0,0
205843,The Call of the Wild,2007,0,0,0,0,0,0,0,0,1,0,0,0,0,0,0,0,0,0,0
223996,Fatima,2020,1,0,0,0,0,0,0,0,0,0,0,0,0,1,0,0,0,0,0
6504,Gasoline (Benzina),2001,0,0,0,0,0,0,0,1,0,0,0,0,0,0,0,0,0,0,0
149154,Uuno Turhapuro – This Is My Life,2004,0,1,0,0,0,0,0,0,0,0,0,0,0,0,0,0,0,0,0
174689,My Friends Need Killing,1976,1,0,1,0,0,0,0,1,0,0,0,0,0,0,0,0,0,0,0
36392,Supercross,2005,0,0,0,0,1,0,0,0,0,0,0,0,0,0,0,0,0,0,0
131646,Casomai,2002,0,1,0,0,0,0,0,0,0,0,0,0,1,0,0,0,0,0,0
161322,The Sporting Club,1971,0,1,0,0,0,0,0,0,0,0,0,0,0,0,0,0,0,0,0
7074,"Navigator, The",1924,0,1,0,0,0,0,0,0,0,0,0,0,0,0,0,0,0,0,0
91591,Macon County Line,1974,1,0,0,0,1,0,0,0,0,0,0,0,0,0,0,0,0,0,0
214550,David Lynch Cooks Quinoa,2007,0,0,0,0,0,0,0,0,1,0,0,0,0,0,0,0,0,0,0
170749,The Wild Women of Wongo,1958,0,1,0,0,0,0,0,0,0,0,0,1,0,0,0,1,0,0,0
208791,Last Screening,2011,1,0,1,0,0,0,0,0,0,0,0,0,0,0,0,0,0,0,0
115176,Toute la mémoire du monde,1956,0,0,0,0,0,0,0,0,1,0,0,0,0,0,0,0,0,0,0
7243,Intolerance: Love's Struggle Throughout the Ages,1916,1,0,0,0,0,0,0,0,0,0,0,0,0,0,0,0,0,0,0
121731,The Shanghai Chest,1948,0,1,0,1,0,0,0,1,0,1,0,0,0,0,0,0,0,0,0
263193,Isolation,2021,0,0,1,0,0,0,0,0,0,0,0,0,0,0,0,0,0,0,0
158009,New Year Sacrifice,1956,1,0,0,0,0,0,0,0,0,0,0,0,0,0,0,0,0,0,0
115439,10 minutes (10 minuta),2002,1,0,0,0,0,0,1,0,0,0,0,0,0,0,0,0,0,0,0
207,"Walk in the Clouds, A",1995,1,0,0,0,0,0,0,0,0,0,0,0,1,0,0,0,0,0,0
109713,Star Wars: Threads of Destiny,2014,0,0,0,0,1,0,0,0,0,0,1,1,0,0,0,0,0,0,0
120272,Get Crazy,1983,0,1,0,0,0,0,0,0,0,0,0,0,0,0,0,0,0,0,0
122723,The Man Who Came Back,2008,1,0,0,1,1,1,0,0,1,0,0,1,0,0,0,0,0,0,0
273133,Hustle,2022,1,1,0,0,0,0,0,0,0,0,0,0,0,0,0,0,0,0,0
196205,HERRliche Zeiten,2018,0,1,0,0,0,0,0,0,0,0,0,0,0,0,0,0,0,0,0
198785,Sarkar,2018,1,0,0,0,1,0,0,0,0,0,0,0,0,0,0,0,0,0,0
209373,Nowhere to Land,2000,0,0,0,1,0,0,0,0,0,0,0,0,0,0,0,0,0,0,0
287857,Melchior the Apothecary: The Executioner's Daughter,2023,1,0,0,1,0,0,0,1,0,0,0,0,0,0,0,0,0,0,0
134708,Comedy Central Roast of Donald Trump,2011,0,1,0,0,0,0,0,0,0,0,0,0,0,0,0,0,0,0,0
3433,Death Wish 4: The Crackdown,1987,1,0,0,0,1,0,0,0,0,0,0,0,0,0,0,0,0,0,0
194332,Muchas gracias de nada,1980,0,1,0,0,0,0,0,0,0,0,0,0,0,0,0,0,0,0,0
175209,Bromance,2016,1,1,0,0,0,0,0,0,0,0,0,0,1,0,0,0,0,0,0
229577,Spy Cat,2019,0,1,0,0,0,0,0,0,0,0,0,1,0,1,1,0,0,0,0
157915,Old Shatterhand,1964,0,0,0,0,0,1,0,0,0,0,0,1,0,0,0,0,0,0,0
181431,Simba,1955,1,0,0,0,0,0,0,0,0,0,0,0,1,0,0,0,0,0,0
3637,Vagabond (Sans toit ni loi),1985,1,0,0,0,0,0,0,0,0,0,0,0,0,0,0,0,0,0,0
134248,Hot Girls Wanted,2015,0,0,0,0,0,0,0,0,1,0,0,0,0,0,0,0,0,0,0
89066,Guilty Pleasures,2010,0,0,0,0,0,0,0,0,1,0,0,0,0,0,0,0,0,0,0
286489,Alter Ego,2016,1,0,0,0,0,0,0,0,0,0,0,0,0,0,0,1,0,0,0
138160,Crackie,2009,1,0,0,0,0,0,0,0,0,0,0,0,0,0,0,0,0,0,0
968,Night of the Living Dead,1968,0,0,1,1,0,0,0,0,0,0,1,0,0,0,0,0,0,0,0
131404,Sweepstakes Winner,1939,0,1,0,0,0,0,0,0,0,0,0,0,0,0,0,0,0,0,0
8581,Pirates of Silicon Valley,1999,1,0,0,0,0,0,0,0,1,0,0,0,0,0,0,0,0,0,0
280030,Skandal! Bringing Down Wirecard,2022,0,0,0,0,0,0,0,0,1,0,0,0,0,0,0,0,0,0,0
1233,"Boot, Das (Boat, The)",1981,1,0,0,0,1,0,1,0,0,0,0,0,0,0,0,0,0,0,0
133355,Notebooks on Cities and Clothes,1989,0,0,0,0,0,0,0,0,1,0,0,0,0,0,0,0,0,0,0
6998,House of Cards,1993,1,0,0,0,0,0,0,0,0,0,0,0,0,0,0,0,0,0,0
258763,Unforgiven: The Boys Who Killed A Child,2001,0,0,0,0,0,0,0,0,1,0,0,0,0,0,0,0,0,0,0
235781,Darling Nikki,2019,1,0,0,0,0,0,0,0,0,0,0,0,0,0,0,0,0,0,0
146790,La rivincita di Natale,2004,1,1,0,0,0,0,0,0,0,0,0,0,0,0,0,0,0,0,0
226966,Wings: Sky Force Heroes,2014,0,1,0,0,0,0,0,0,0,0,0,1,0,0,1,0,0,0,0
149757,The Frog Prince,NA,0,0,0,0,0,0,0,0,0,0,0,0,0,1,0,0,0,0,0
90488,"Perfect Couple, A",1979,0,1,0,0,0,0,0,0,0,0,0,0,1,0,0,0,0,0,0
248876,Senior Entourage,2021,0,1,0,0,0,0,0,0,0,0,0,0,0,0,0,0,0,0,0
3940,Slumber Party Massacre III,1990,0,0,1,0,0,0,0,0,0,0,0,0,0,0,0,0,0,0,0
175135,Wild Rose,1932,0,0,0,0,0,0,0,0,0,0,0,0,1,0,0,0,0,0,0
153668,Innocent Sorcerers,1960,1,0,0,0,0,0,0,0,0,0,0,0,1,0,0,0,0,0,0
54878,"Professional Gun, A (Mercenary, The) (Mercenario, Il)",1968,0,1,0,0,0,1,0,0,0,0,0,0,0,0,0,0,0,0,0
156680,Killing Them Safely,2015,0,0,0,0,0,0,0,0,1,0,0,0,0,0,0,0,0,0,0
144860,Fred Rogers: America's Favorite Neighbor,2004,0,0,0,0,0,0,0,0,1,0,0,0,0,1,0,0,0,0,0
176081,The Twin Swords,1965,0,0,0,0,1,0,0,0,0,0,0,0,0,0,0,0,0,0,0
26685,"Garden, The",1990,1,0,0,0,0,0,0,0,0,0,0,0,0,0,0,0,0,0,0
238062,Call of the Blonde Goddess,1977,1,0,0,0,0,0,0,1,0,0,0,0,0,0,0,0,0,0,0
183441,İftarlık Gazoz,2016,1,1,0,0,0,0,0,0,0,0,0,0,0,0,0,0,0,0,0
85316,Winnie the Pooh and Tigger Too,1974,0,0,0,0,0,0,0,0,0,0,0,0,0,1,1,0,0,0,0
282745,Scarlet,2023,1,0,0,0,0,0,0,0,0,0,0,0,0,0,0,0,0,0,0
170070,Unutursam Fısılda,2014,1,0,0,0,0,0,0,0,0,0,0,0,0,0,0,0,0,0,0
214999,Inside the Rain,2020,1,1,0,0,0,0,0,0,0,0,0,0,1,0,0,0,0,0,0
134306,What a Carve Up!,1961,0,1,1,1,0,0,0,0,0,1,0,0,0,0,0,0,0,0,0
88744,Rise of the Planet of the Apes,2011,1,0,0,1,1,0,0,0,0,0,1,0,0,0,0,0,0,0,0
144430,Crying Fist,2005,1,0,0,0,0,0,0,0,0,0,0,0,0,0,0,0,0,0,0
100490,Living Free,1972,1,0,0,0,0,0,0,0,0,0,0,1,0,1,0,0,0,0,0
3583,Black Tights (1-2-3-4 ou Les Collants noirs),1960,1,0,0,0,0,0,0,0,0,0,0,0,0,0,0,0,0,1,0
206262,Eye for an Eye,2019,0,0,0,1,0,0,0,0,0,0,0,0,0,0,0,0,0,0,0
99636,English Vinglish,2012,1,1,0,0,0,0,0,0,0,0,0,0,0,0,0,0,0,0,0
286313,Taulant Wants a Sister,1984,1,0,0,0,0,0,0,0,0,0,0,0,0,1,0,0,0,0,0
235299,A Nameless Band,1982,0,1,0,0,0,0,0,0,0,0,0,0,0,0,0,0,0,0,0
221050,Albert Fish: In Sin He Found Salvation,2007,0,0,0,0,0,0,0,1,1,0,0,0,0,0,0,0,0,0,0
120829,Scattered Clouds (Midaregumo),1967,1,0,0,0,0,0,0,0,0,0,0,0,0,0,0,0,0,0,0
203671,Nowhere,2019,1,0,0,1,0,0,0,0,0,0,0,0,0,0,0,0,0,0,0
176615,Bluebeard,2017,0,0,0,1,0,0,0,0,0,0,0,0,0,0,0,0,0,0,0
125559,Lucky Country,2009,1,0,0,1,0,0,0,0,0,0,0,1,0,0,0,0,0,0,0
168920,Postcard,2010,1,0,0,0,0,0,1,0,0,0,0,0,1,0,0,0,0,0,0
135250,Johnny Kapahala - Back on Board,2007,1,1,0,0,0,0,0,0,0,0,0,0,0,1,0,0,0,0,0
250130,Batty Baseball,1944,0,1,0,0,0,0,0,0,0,0,0,0,0,1,1,0,0,0,0
262821,Creature of the Walking Dead,1965,0,0,1,0,0,0,0,0,0,0,1,0,0,0,0,0,0,0,0
191073,Valli,1993,1,0,0,0,0,0,0,0,0,0,0,0,0,0,0,0,0,0,0
224164,The Door,2014,0,0,1,0,0,0,0,0,0,0,0,0,0,0,0,0,0,0,0
178975,Guinea Pig: Android of Notre Dame,1989,0,0,1,0,0,0,0,0,0,0,0,0,0,0,0,0,0,0,0
141501,Starve,2014,0,0,1,1,0,0,0,0,0,0,0,0,0,0,0,0,0,0,0
61493,Flash Point (a.k.a. Flashpoint) (Dou fo sin),2007,0,0,0,0,1,0,0,0,0,0,0,0,0,0,0,0,0,0,0
126729,Blood and Lace,1971,0,0,1,0,0,0,0,0,0,0,0,0,0,0,0,0,0,0,0
213161,Toby Tyler,1960,1,0,0,0,0,0,0,0,0,0,0,0,0,1,0,0,0,0,0
250542,Your Turn,2019,0,0,0,0,0,0,0,0,1,0,0,0,0,0,0,0,0,0,0
177483,The Strange Thing About the Johnsons,2011,1,1,0,0,0,0,0,0,0,0,0,0,0,0,0,0,0,0,0
25830,Show Boat,1936,1,1,0,0,0,0,0,0,0,0,0,0,1,0,0,0,0,1,0
280234,"The Nuns, the Priests, and the Bombs",2018,0,0,0,0,0,0,0,0,1,0,0,0,0,0,0,0,0,0,0
3110,Country,1984,1,0,0,0,0,0,0,0,0,0,0,0,0,0,0,0,0,0,0
148890,Johan Falk: The Outlaws,2009,0,0,0,1,1,0,0,0,0,0,0,0,0,0,0,0,0,0,0
6518,Flight of the Intruder,1991,0,0,0,0,1,0,1,0,0,0,0,0,0,0,0,0,0,0,0
185317,The Empty Hands,2017,1,0,0,0,0,0,0,0,0,0,0,0,0,0,0,0,0,0,0
183597,Please Stand By,2017,1,1,0,0,0,0,0,0,0,0,0,0,0,0,0,0,0,0,0
266128,Boys On Film 21: Beautiful Secret,2021,1,1,0,0,0,0,0,0,0,0,0,0,1,0,0,0,0,0,0
3052,Dogma,1999,0,1,0,0,0,0,0,0,0,0,0,1,0,0,0,1,0,0,0
166578,Kimmy Dora,2009,1,1,0,0,0,0,0,0,0,0,0,0,1,0,0,0,0,0,0
138890,The Magician,1926,1,0,0,0,0,0,0,0,0,0,0,0,1,0,0,0,0,0,0
107404,"Executioner, The (Massacre Mafia Style)",1978,1,0,0,1,0,0,0,1,0,0,0,0,0,0,0,0,0,0,0
220580,Kathy Griffin: Allegedly,2004,0,1,0,0,0,0,0,0,0,0,0,0,0,0,0,0,0,0,0
243432,World Cup Heist,2020,1,0,0,0,0,0,0,0,0,0,0,0,0,0,0,0,0,0,0
80210,"End of Poverty, The",2008,0,0,0,0,0,0,0,0,1,0,0,0,0,0,0,0,0,0,0
536,"Simple Twist of Fate, A",1994,1,0,0,0,0,0,0,0,0,0,0,0,0,0,0,0,0,0,0
211305,Mega Scorpions,2003,0,1,1,0,1,0,0,0,0,0,1,0,0,0,0,0,0,0,0
229479,Here Now,2015,0,1,0,0,0,0,0,0,0,0,0,0,0,0,0,0,0,0,0
92963,Bustin' Down the Door,2009,0,0,0,0,0,0,0,0,1,0,0,0,0,0,0,0,0,0,0
204662,Gude Crest: The Emblem of Gude,1990,0,0,0,0,0,0,0,0,0,0,0,1,0,0,1,1,0,0,0
209665,A Christmas in Vermont,2016,0,1,0,0,0,0,0,0,0,0,0,0,0,0,0,0,0,0,0
106351,Apache Territory,1958,0,0,0,0,1,1,0,0,0,0,0,0,0,0,0,0,0,0,0
162138,Charge!,1973,0,0,0,0,0,1,0,0,0,0,0,0,0,0,0,0,0,0,0
88748,"Magnificent Yankee, The",1950,1,0,0,0,0,0,0,0,0,0,0,0,0,0,0,0,0,0,0
288993,Little Dixie,2023,1,0,0,1,1,0,0,1,0,0,0,0,0,0,0,0,0,0,0
180495,Rojo y Negro,1942,1,0,0,0,0,0,0,0,0,0,0,0,0,0,0,0,0,0,0
162144,Late Extra,1935,1,0,0,0,0,0,0,1,0,0,0,0,0,0,0,0,0,0,0
269672,The Falls,2021,1,0,0,0,0,0,0,0,0,0,0,0,0,0,0,0,0,0,0
1752,Hard Rain,1998,0,0,0,1,1,0,0,1,0,0,0,0,0,0,0,0,0,0,0
238474,Keeping Fit,1942,0,0,0,0,0,0,1,0,0,0,0,0,0,1,0,0,0,0,0
199259,Graveyard Disturbance,1987,0,0,1,0,0,0,0,0,0,0,0,0,0,0,0,0,0,0,0
271018,Nature's Half Acre,1951,0,0,0,0,0,0,0,0,1,0,0,0,0,0,0,0,0,0,0
211608,I Want to Deliver Your Voice,2017,1,0,0,0,0,0,0,0,0,0,0,0,0,0,1,1,0,0,0
5931,Britannia Hospital,1982,1,1,0,0,0,0,0,0,0,0,0,0,0,0,0,0,0,0,0
191851,Invasion!,2016,0,0,0,0,0,0,0,0,0,0,0,0,0,0,1,0,0,0,0
187277,Dead of Night,1977,0,0,1,1,0,0,0,0,0,1,1,0,0,0,0,0,0,0,0
142262,Naked You Die,1968,0,0,0,0,0,0,0,0,0,1,0,0,0,0,0,0,0,0,0
2446,In Dreams,1999,0,0,1,1,0,0,0,0,0,0,0,0,0,0,0,0,0,0,0
181019,The Goldwyn Follies,1938,0,0,0,0,0,0,0,0,0,0,0,0,1,0,0,0,0,0,0
4410,Something Wild,1986,1,1,0,0,0,0,0,1,0,0,0,0,0,0,0,0,0,0,0
127252,The Veil of Twilight,2014,0,0,0,0,0,0,0,1,0,1,0,0,0,0,0,1,0,0,0
138090,House of the Sleeping Beauties,2006,1,0,0,1,0,0,0,0,0,0,0,0,0,0,0,0,0,0,0
223298,Clarita,2019,0,0,1,0,0,0,0,0,0,0,0,0,0,0,0,0,0,0,0
183769,People Get Eaten,2015,1,1,0,0,0,0,0,0,0,0,0,0,0,0,0,0,0,0,0
218851,Valentine in the Vineyard,2019,0,0,0,0,0,0,0,0,0,0,0,0,1,0,0,0,0,0,0
182565,Aspirational,2014,0,1,0,0,0,0,0,0,0,0,0,0,0,0,0,0,0,0,0
91970,The Man Next Door,2009,1,1,0,0,0,0,0,0,0,0,0,0,0,0,0,0,0,0,0
130073,Cinderella,2015,1,0,0,0,0,0,0,0,0,0,0,0,1,1,0,1,0,0,0
225850,Seven Women for Satan,1976,0,0,1,0,0,0,0,0,0,0,0,0,0,0,0,0,0,0,0
6028,"Easy Come, Easy Go",1967,0,0,0,0,0,0,0,0,0,0,0,1,0,0,0,0,0,1,0
132216,The Last Mile,1959,1,0,0,1,0,0,0,1,0,0,0,0,0,0,0,0,0,0,0
191085,"Check It Out, Yo!",2006,1,0,0,0,0,0,0,0,0,0,0,0,0,0,0,0,0,0,0
140257,L'Art de séduire,2011,0,1,0,0,0,0,0,0,0,0,0,0,1,0,0,0,0,0,0
200480,La barraca,1945,1,0,0,0,0,0,0,0,0,0,0,0,0,0,0,0,0,0,0
96594,Flowing (Nagareru),1956,1,0,0,0,0,0,0,0,0,0,0,0,0,0,0,0,0,0,0
287049,"And the King Said, What a Fantastic Machine",2023,0,0,0,0,0,0,0,0,1,0,0,0,0,0,0,0,0,0,0
172033,Fallen Angel,2003,1,0,0,0,0,0,0,0,0,0,0,0,1,0,0,0,0,0,0
81983,Bread and Alley (Nan va Koutcheh),1970,1,0,0,0,0,0,0,0,0,0,0,0,0,0,0,0,0,0,0
115348,"Wise Kids, The",2011,1,0,0,0,0,0,0,0,0,0,0,0,0,0,0,0,0,0,0
4677,Turner & Hooch,1989,0,1,0,0,0,0,0,1,0,0,0,0,0,0,0,0,0,0,0
213507,Bandits of Orgosolo,1961,1,0,0,0,0,0,0,0,0,0,0,0,0,0,0,0,0,0,0
280796,Sam & Kate,2022,1,1,0,0,0,0,0,0,0,0,0,0,1,0,0,0,0,0,0
237936,Dollar,1938,0,1,0,0,0,0,0,0,0,0,0,0,0,0,0,0,0,0,0
107565,"Fuck You, Goethe (Fack Ju Göhte)",2013,0,1,0,0,0,0,0,0,0,0,0,0,0,0,0,0,0,0,0
26156,Dragon Gate Inn (Dragon Inn) (Long men kezhan),1967,0,0,0,0,1,0,0,0,0,0,0,1,0,0,0,0,0,0,0
132344,Holiday in the Sun,2001,0,1,0,0,1,0,0,0,0,0,0,1,0,1,0,0,0,0,0
221888,The Bambi Effect,2011,1,0,0,0,0,0,0,0,0,0,0,0,0,0,0,0,0,0,0
121442,Whispering Smith,1948,0,0,0,0,0,1,0,0,0,0,0,0,0,0,0,0,0,0,0
276403,Chickenhare and the Hamster of Darkness,2022,0,1,0,0,0,0,0,0,0,0,0,1,0,1,1,1,0,0,0
84300,"Whisperers, The",1967,1,0,0,1,0,0,0,0,0,0,0,0,0,0,0,0,0,0,0
26481,First Name: Carmen (Prénom Carmen),1983,1,0,0,0,0,0,0,1,0,0,0,0,1,0,0,0,0,0,0
209159,Window of the Soul,2001,0,0,0,0,0,0,0,0,1,0,0,0,0,0,0,0,0,0,0
268486,The Clue to Love,2021,0,1,0,0,0,0,0,0,0,0,0,0,1,1,0,0,0,0,0
196543,Илья Муромец и Соловей Разбойник,1978,0,0,0,0,0,0,0,0,0,0,0,0,0,0,1,0,0,0,0
32777,Major Barbara,1941,0,1,0,0,0,0,0,0,0,0,0,0,0,0,0,0,0,0,0
195333,Tiger Boy,2012,1,0,0,0,0,0,0,0,0,0,0,0,0,0,0,0,0,0,0
133311,The 'Socalled' Movie,2010,0,0,0,0,0,0,0,0,1,0,0,0,0,0,0,0,0,0,0
154628,On the Bowery,1957,0,0,0,0,0,0,0,0,1,0,0,0,0,0,0,0,0,0,0
93201,"Ice Rink, The (La patinoire)",1998,0,1,0,0,0,0,0,0,0,0,0,0,1,0,0,0,0,0,0
156832,Gentlemen Marry Brunettes,1955,0,1,0,0,0,0,0,0,0,0,0,0,0,0,0,0,0,0,0
54020,McQ,1974,1,0,0,0,1,0,0,1,0,0,0,0,0,0,0,0,0,0,0
230123,A Godwink Christmas,2018,0,0,0,0,0,0,0,0,0,0,0,0,1,1,0,0,0,0,0
31359,Moolaadé,2004,1,0,0,0,0,0,0,0,0,0,0,0,0,0,0,0,0,0,0
143561,Swat: Unit 887,2015,0,0,0,1,1,0,0,0,0,0,0,0,0,0,0,0,0,0,0
138034,The Border,2007,1,0,0,0,0,0,0,0,0,0,0,0,0,0,0,0,0,0,0
278616,God's Creatures,2022,1,0,0,0,0,0,0,0,0,0,0,0,0,0,0,0,0,0,0
40457,"House That Dripped Blood, The",1971,0,0,1,0,0,0,0,0,0,1,0,0,0,0,0,0,0,0,0
254456,Imagine,1972,0,0,0,0,0,0,0,0,1,0,0,0,0,0,0,0,0,0,0
117300,Demoted,2011,0,1,0,0,0,0,0,0,0,0,0,0,0,0,0,0,0,0,0
138520,Bad vs Worse,2012,1,0,1,1,0,0,0,0,0,0,0,0,0,0,0,0,0,0,0
286801,Peter Pan & Wendy,2023,0,0,0,0,0,0,0,0,0,0,0,1,0,1,0,1,0,0,0
251422,P!NK: All I Know So Far,2021,0,0,0,0,0,0,0,0,1,0,0,0,0,0,0,0,0,0,0
56693,Close My Eyes,1991,1,0,0,0,0,0,0,0,0,0,0,0,1,0,0,0,0,0,0
64338,Gypsy,1993,1,1,0,0,0,0,0,0,0,0,0,0,0,0,0,0,0,1,0
111538,"Wicked, Wicked",1973,0,0,1,1,0,0,0,0,0,1,0,0,0,0,0,0,0,0,0
168870,Lucky and Zorba,1998,0,0,0,0,0,0,0,0,0,0,0,0,0,0,1,0,0,0,0
48575,Brute Force,1947,1,0,0,1,0,0,0,0,0,0,0,0,0,0,0,0,0,0,1
182303,Hittin' the Trail for Hallelujah Land,1931,0,1,0,0,0,0,0,0,0,0,0,0,0,0,1,0,0,0,0
195011,The King of Ads,1991,0,0,0,0,0,0,0,0,1,0,0,0,0,0,0,0,0,0,0
144250,Mediastan,2013,0,0,0,0,0,0,0,0,1,0,0,0,0,0,0,0,0,0,0
140944,Taras Bulba,2009,1,0,0,0,1,0,1,0,0,0,0,0,0,0,0,0,0,0,0
122928,Manolito Four Eyes,1999,0,1,0,0,0,0,0,0,0,0,0,0,0,0,0,0,0,0,0
277888,Squeal,2022,0,1,1,0,0,0,0,0,0,0,0,0,0,0,0,1,0,0,0
104563,Too Hot to Handle,1938,0,1,0,0,0,0,0,0,0,0,0,1,1,0,0,0,0,0,0
190407,Maestro,2005,0,0,0,0,0,0,0,0,0,0,0,0,0,0,1,0,0,0,0
165445,King of the Roaring 20's: The Story of Arnold Rothstein,1961,1,0,0,0,0,0,0,1,0,0,0,0,0,0,0,0,0,0,0
26010,Carousel,1956,0,0,0,0,0,0,0,0,0,0,0,0,1,0,0,0,0,1,0
142697,Ghoul,2012,0,0,0,1,0,0,0,0,0,0,0,0,0,0,0,0,0,0,0
276573,Beggars in Ermine,1934,1,0,0,0,0,0,0,0,0,0,0,0,0,0,0,0,0,0,0
280700,The Box,2018,0,0,1,0,0,0,0,0,0,0,0,0,0,0,0,0,0,0,0
130706,Last Rites,1980,0,0,1,0,0,0,0,0,0,0,0,0,0,0,0,0,0,0,0
5218,Ice Age,2002,0,1,0,0,0,0,0,0,0,0,0,1,0,1,1,0,0,0,0
72678,"Région centrale, La",1971,1,0,0,0,0,0,0,0,0,0,0,0,0,0,0,0,0,0,0
43699,"Wind, The",1928,1,0,0,0,0,1,0,0,0,0,0,0,0,0,0,0,0,0,0
200972,Bonne chance,1935,0,1,0,0,0,0,0,0,0,0,0,0,1,0,0,0,0,0,0
177211,God of Gamblers' Return,1994,0,1,0,0,1,0,0,0,0,0,0,0,0,0,0,0,0,0,0
219057,Fat Girls,2006,1,1,0,0,0,0,0,0,0,0,0,0,0,0,0,0,0,0,0
171325,Santo vs. the Zombies,1961,0,0,1,0,1,0,0,0,0,1,0,1,0,0,0,0,0,0,0
187215,The Seagull,2018,1,0,0,0,0,0,0,0,0,0,0,0,0,0,0,0,0,0,0
169754,Wolves,2017,1,0,0,0,0,0,0,0,0,0,0,0,0,0,0,0,0,0,0
93656,Last Exit,2003,1,0,0,1,0,0,0,1,0,0,0,0,0,0,0,0,0,0,0
132642,Target Earth,1954,0,0,0,0,0,0,0,0,0,0,1,0,0,0,0,0,0,0,0
98840,Audition (Konkurs),1964,0,0,0,0,0,0,0,0,1,0,0,0,0,0,0,0,0,0,0
208809,National Geographic: Incredible Human Machine,2007,0,0,0,0,0,0,0,0,1,0,0,0,0,0,0,0,0,0,0
161700,Dogpound Shuffle,1975,1,0,0,0,0,0,0,0,0,0,0,0,0,0,0,0,0,0,0
213590,Hero,2019,0,1,0,1,1,0,0,1,0,0,0,0,0,0,0,0,0,0,0
196695,All the Creatures Were Stirring,2018,0,0,1,0,0,0,0,0,0,0,0,0,0,0,0,0,0,0,0
124931,Return from the Ashes,1965,1,0,0,0,0,0,0,0,0,0,0,0,0,0,0,0,0,0,0
122470,Inside Out,2011,1,0,0,0,0,0,0,1,0,0,0,0,0,0,0,0,0,0,0
175093,The Dark Side of Love,2012,1,0,0,0,0,0,0,0,0,0,0,0,0,0,0,0,0,0,0
194949,X - The eXploited,2018,0,0,0,0,0,0,0,1,0,0,0,0,0,0,0,0,0,0,0
108756,Adam and Eve (Adão e Eva),1995,1,0,0,0,0,0,0,0,0,0,0,0,0,0,0,0,0,0,0
37727,Flightplan,2005,1,0,0,1,1,0,0,0,0,0,0,0,0,0,0,0,0,0,0
179745,Wolfguy - Enraged Lycanthrope,1975,0,0,1,0,1,0,0,0,0,0,0,0,0,0,0,0,0,0,0
157613,Citizen Tania,1989,1,0,0,0,0,0,0,1,0,0,0,0,0,0,0,0,0,0,0
164913,American Mystery! Coyote Waits,2003,1,0,0,1,0,0,0,0,0,1,0,0,0,0,0,0,0,0,0
211702,Seven Keys to Baldpate,1935,0,1,0,1,0,0,0,0,0,1,0,0,1,0,0,0,0,0,0
99305,Kumaré,2011,0,0,0,0,0,0,0,0,1,0,0,0,0,0,0,0,0,0,0
121459,Wrong Side of Town,2010,0,0,0,0,1,0,0,1,0,0,0,0,0,0,0,0,0,0,0
189415,Últimos días de la víctima,1982,0,0,0,1,0,0,0,1,0,0,0,0,0,0,0,0,0,0,0
616,"Aristocats, The",1970,0,0,0,0,0,0,0,0,0,0,0,0,0,1,1,0,0,0,0
130448,Poltergeist,2015,0,0,1,1,0,0,0,0,0,0,0,0,0,0,0,0,0,0,0
198825,Deadly Switch,2019,0,0,0,1,0,0,0,0,0,0,0,0,0,0,0,0,0,0,0
243142,The Devil Below,2021,0,0,1,1,0,0,0,0,0,0,0,0,0,0,0,0,0,0,0
145491,Our Lips Are Sealed,2000,1,1,0,0,0,0,0,0,0,0,0,0,0,1,0,0,0,0,0
129221,Impulse,1954,1,0,0,0,0,0,0,1,0,0,0,0,0,0,0,0,0,0,0
227877,Zola,2020,1,0,0,0,0,0,0,0,0,0,0,0,0,0,0,0,0,0,0
278360,Who Invited Them,2022,0,1,1,0,0,0,0,0,0,0,0,0,0,0,0,0,0,0,0
220564,Sabse Bada Khiladi,1995,1,0,0,0,1,0,0,1,0,0,0,0,0,0,0,0,0,0,0
199333,Balloon,2018,0,0,0,1,0,0,0,0,0,0,0,0,0,0,0,0,0,0,0
6505,Ed and His Dead Mother,1993,0,1,1,0,0,0,0,0,0,0,0,0,0,0,0,0,0,0,0
53996,Transformers,2007,0,0,0,1,1,0,0,0,0,0,1,0,0,0,0,0,1,0,0
166217,Christmas with Holly,2012,1,0,0,0,0,0,0,0,0,0,0,0,0,1,0,0,0,0,0
155139,Happy,2006,1,0,0,0,0,0,0,0,0,0,0,0,1,0,0,0,0,0,0
162824,People in the Sun,2011,1,1,0,0,0,0,0,0,0,0,0,0,0,0,0,0,0,0,0
165801,The Cheaters,1945,1,1,0,0,0,0,0,0,0,0,0,0,0,0,0,0,0,0,0
264828,Portuguese Vacation,1963,1,0,0,0,0,0,0,0,0,0,0,0,0,0,0,0,0,0,0
153134,Revue,2008,0,0,0,0,0,0,0,0,1,0,0,0,0,0,0,0,0,0,0
273051,La brigade,2022,0,1,0,0,0,0,0,0,0,0,0,0,0,0,0,0,0,0,0
167246,The IRA Informant,1997,0,0,0,1,1,0,1,0,0,0,0,0,0,0,0,0,0,0,0
26996,Safe House,1998,0,0,0,1,0,0,0,0,0,0,0,0,0,0,0,0,0,0,0
134661,The Cry of the Owl,1987,1,0,0,0,0,0,0,0,0,0,0,0,1,0,0,0,0,0,0
172225,Puck Hogs,2009,0,1,0,0,0,0,0,0,0,0,0,0,0,0,0,0,0,0,0
282447,Persona 3 the Movie: #3 Falling Down,2015,0,0,0,0,1,0,0,0,0,0,0,0,0,0,1,1,0,0,0
202059,Locked Up,2017,1,0,0,1,0,0,0,1,0,0,0,0,0,0,0,0,0,0,0
141197,Corleone,1978,0,0,0,1,0,0,0,1,0,0,0,0,0,0,0,0,0,0,0
188759,Vishwa Vikhyatharaya Payyanma,2017,0,1,0,0,0,0,0,0,0,0,0,0,0,0,0,0,0,0,0
158994,Something for the Birds,1952,0,1,0,0,0,0,0,0,0,0,0,0,0,0,0,0,0,0,0
195315,Le Grand Bain,2018,1,1,0,0,0,0,0,0,0,0,0,0,0,0,0,0,0,0,0
4050,"St. Francisville Experiment, The",2000,0,0,1,1,0,0,0,0,0,0,0,0,0,0,0,0,0,0,0
33928,Trekkies 2,2004,0,0,0,0,0,0,0,0,1,0,1,0,0,0,0,0,0,0,0
122595,The Deep Six,1958,1,0,0,0,0,0,1,0,0,0,0,0,0,0,0,0,0,0,0
161504,Wyrd Sisters,1997,0,0,0,0,0,0,0,0,0,0,0,0,0,0,1,1,0,0,0
128021,Living in a Big Way,1947,0,1,0,0,0,0,0,0,0,0,0,0,0,0,0,0,0,0,0
65181,Nobel Son,2007,1,1,0,1,0,0,0,1,0,0,0,0,0,0,0,0,0,0,0
197841,Mysteries of Love,2002,0,0,0,0,0,0,0,0,1,0,0,0,0,0,0,0,0,0,0
285927,Family Time,2023,1,1,0,0,0,0,0,0,0,0,0,0,0,0,0,0,0,0,0
273441,Battle: Freestyle,2022,1,0,0,0,0,0,0,0,0,0,0,0,1,0,0,0,0,0,0
239002,Trance,2020,1,0,0,0,0,0,0,0,0,0,0,0,0,0,0,0,0,0,0
168474,Ukonvaaja,2016,0,0,0,0,0,0,0,0,1,0,0,0,0,0,0,0,0,0,0
188305,"Don't Worry, He Won't Get Far on Foot",2018,1,1,0,0,0,0,0,0,0,0,0,0,0,0,0,0,0,0,0
207786,The Massie Affair,2018,0,0,0,0,0,0,0,0,1,0,0,0,0,0,0,0,0,0,0
141363,Chop,2011,0,1,1,1,0,0,0,0,0,0,0,0,0,0,0,0,0,0,0
283057,Mother and Son,2022,1,0,0,0,0,0,0,0,0,0,0,0,0,0,0,0,0,0,0
131626,Lily & Kat,2015,1,1,0,0,0,0,0,0,0,0,0,0,0,0,0,0,0,0,0
121419,Mardi Gras: Spring Break,2011,0,1,0,0,0,0,0,0,0,0,0,0,0,0,0,0,0,0,0
286129,Borrowed,2022,1,0,0,0,0,0,0,0,0,0,0,0,0,0,0,0,0,0,0
45192,"Nibelungen: Siegfried, Die",1924,1,0,0,0,0,0,0,0,0,0,0,1,0,0,0,1,0,0,0
5482,"Country Bears, The",2002,0,1,0,0,0,0,0,0,0,0,0,0,0,1,0,0,0,0,0
8858,"Apple, The",1980,0,0,0,0,0,0,0,0,0,0,1,0,0,0,0,0,0,1,0
197037,Fidaa,2017,1,1,0,0,0,0,0,0,0,0,0,0,1,0,0,0,0,0,0
124809,The Man in the Net,1959,1,0,0,1,0,0,0,0,0,1,0,0,0,0,0,0,0,0,0
6487,"Heart of Me, The",2002,1,0,0,0,0,0,0,0,0,0,0,0,1,0,0,0,0,0,0
196427,The Party's Just Beginning,2018,1,1,0,0,0,0,0,0,0,0,0,0,0,0,0,0,0,0,0
242100,Hate by Dani Rovira,2021,0,1,0,0,0,0,0,0,0,0,0,0,0,0,0,0,0,0,0
124811,The Power and the Glory,1933,1,0,0,0,0,0,0,0,0,0,0,0,0,0,0,0,0,0,0
182633,Kilukkam,1991,0,1,0,0,0,0,0,0,0,0,0,0,0,1,0,0,0,0,0
61628,Sunflower (Xiang ri kui),2005,1,0,0,0,0,0,0,0,0,0,0,0,0,0,0,0,0,0,0
276009,Collision,2022,0,0,0,1,0,0,0,1,0,0,0,0,0,0,0,0,0,0,0
943,"Ghost and Mrs. Muir, The",1947,1,0,0,0,0,0,0,0,0,0,0,0,1,0,0,1,0,0,0
175745,"Jean Ziegler, l'optimisme de la volonté",2016,0,0,0,0,0,0,0,0,1,0,0,0,0,0,0,0,0,0,0
2414,Young Sherlock Holmes,1985,0,0,0,1,1,0,0,0,0,1,0,1,0,1,0,1,0,0,0
132705,Kidnapped,1938,1,0,0,0,0,0,0,0,0,0,0,1,0,0,0,0,0,0,0
1733,Afterglow,1997,1,0,0,0,0,0,0,0,0,0,0,0,1,0,0,0,0,0,0
239990,McHale's Navy,1964,0,1,0,0,0,0,0,0,0,0,0,0,0,0,0,0,0,0,0
279306,The Greatest Beer Run Ever,2022,1,1,0,0,0,0,1,0,0,0,0,0,0,0,0,0,0,0,0
221022,Fresh Meat,2012,0,1,1,0,0,0,0,0,0,0,0,0,0,0,0,0,0,0,0
41714,Dona Flor and Her Two Husbands (Dona Flor e Seus Dois Maridos),1976,0,1,0,0,0,0,0,0,0,0,0,0,0,0,0,0,0,0,0
229701,Lapsis,2020,0,0,0,0,0,0,0,0,0,0,1,0,0,0,0,0,0,0,0
26049,Fires on the Plain (Nobi),1959,1,0,0,0,0,0,1,0,0,0,0,0,0,0,0,0,0,0,0
64519,Boomerang,1947,1,0,0,0,0,0,0,1,0,0,0,0,0,0,0,0,0,0,1
228165,Blood Monkey,2007,0,0,1,1,1,0,0,0,0,0,0,1,0,0,0,0,0,0,0
191975,1809-1810: mientras llega el día,1809,1,0,0,0,0,0,0,0,0,0,0,0,0,0,0,0,0,0,0
264958,One Ephemeral Mission,1993,0,0,0,0,0,0,0,0,0,0,0,0,0,0,1,0,0,0,0
2262,About Last Night...,1986,1,1,0,0,0,0,0,0,0,0,0,0,1,0,0,0,0,0,0
72512,Efectos secundarios,2006,0,1,0,0,0,0,0,0,0,0,0,0,0,0,0,0,0,0,0
133883,Suzanne,2013,1,0,0,0,0,0,0,0,0,0,0,0,0,0,0,0,0,0,0
192231,Malibu Spring Break,2003,0,1,0,0,0,0,0,0,0,0,0,0,0,0,0,0,0,0,0
149640,The Condemned of Altona,1962,1,0,0,0,0,0,0,0,0,0,0,0,0,0,0,0,0,0,0
144660,Gloria,2014,1,0,0,0,0,0,0,0,0,0,0,0,0,0,0,0,0,0,0
141666,Ga-ga: Glory to the Heroes,1986,0,0,1,0,0,0,0,0,0,0,1,0,0,0,0,0,0,0,0
142881,Candlestick,2014,0,0,0,1,0,0,0,0,0,1,0,0,0,0,0,0,0,0,0
226938,Attacking the Darkness,2015,0,1,0,0,0,0,0,0,1,0,0,0,0,0,0,0,0,0,0
155358,Camino,2016,0,0,0,1,1,0,0,0,0,0,0,1,0,0,0,0,0,0,0
178413,Land of Oblivion,2011,1,0,0,0,0,0,0,0,0,0,0,0,0,0,0,0,0,0,0
152455,The Cook,1972,1,1,0,0,0,0,0,0,0,0,0,0,0,1,0,0,0,0,0
87520,Transformers: Dark of the Moon,2011,0,0,0,0,1,0,1,0,0,0,1,1,0,0,0,0,1,0,0
116253,IMAX: Coral Reef Adventure,2003,0,0,0,0,0,0,0,0,1,0,0,0,0,1,0,0,1,0,0
2077,"Journey of Natty Gann, The",1985,0,0,0,0,0,0,0,0,0,0,0,1,0,1,0,0,0,0,0
112995,Sorrow and Joy (Sorg og glæde),2013,1,0,0,0,0,0,0,0,0,0,0,0,0,0,0,0,0,0,0
216394,Desire,1937,0,1,0,0,0,0,0,0,0,0,0,0,0,0,0,0,0,0,0
3442,Band of the Hand,1986,1,0,0,0,1,0,0,1,0,0,0,0,0,0,0,0,0,0,0
178839,Crooked House,2017,0,0,0,0,0,0,0,0,0,1,0,0,0,0,0,0,0,0,0
183823,09:06,2009,1,0,0,1,0,0,0,0,0,0,0,0,0,0,0,0,0,0,0
120224,Fools for Scandal,1938,0,1,0,0,0,0,0,0,0,0,0,0,1,0,0,0,0,0,0
171933,Shark Killer,2015,0,0,0,0,1,0,0,0,0,0,0,0,0,0,0,0,0,0,0
165357,The Telephone Book,1971,1,1,0,0,0,0,0,0,0,0,0,0,1,0,0,0,0,0,0
206753,American Exorcist,2017,0,0,1,0,0,0,0,0,0,0,0,0,0,0,0,0,0,0,0
250828,The Vanishing Lion,2003,0,0,0,0,0,0,0,0,0,0,0,0,1,0,0,1,0,0,0
202639,How to Rip Whale Tooth,1977,0,1,0,0,0,0,0,0,0,0,0,0,0,1,0,0,0,0,0
164135,Bangkok Traffic Love Story,2009,0,1,0,0,0,0,0,0,0,0,0,0,1,0,0,0,0,0,0
275093,Cypress Hill: Insane in the Brain,2022,0,0,0,0,0,0,0,0,1,0,0,0,0,0,0,0,0,0,0
232897,Deadly Embrace,1989,1,0,0,1,0,0,0,0,0,0,0,0,0,0,0,0,0,0,0
66051,"Badlanders, The",1958,0,0,0,0,0,1,0,0,0,0,0,0,1,0,0,0,0,0,0
127174,What is This Film Called Love?,2012,0,0,0,0,0,0,0,0,1,0,0,0,0,0,0,0,0,0,0
2941,South Pacific,1958,0,0,0,0,0,0,1,0,0,0,0,0,1,0,0,0,0,1,0
172921,Zombie vs. Ninja,1989,0,1,1,0,1,0,0,0,0,0,0,0,0,0,0,0,0,0,0
209983,Christmas in Homestead,2016,0,0,0,0,0,0,0,0,0,0,0,0,1,0,0,0,0,0,0
102604,"Jeffrey Dahmer Files, The",2012,0,0,0,0,0,0,0,1,1,0,0,0,0,0,0,0,0,0,0
115715,Learning to Ride,2014,1,0,0,0,0,0,0,0,0,0,0,0,1,0,0,0,0,0,0
230877,You've Been Trumped Too,2016,0,0,0,0,0,0,0,0,1,0,0,0,0,0,0,0,0,0,0
283735,Ivalu,2022,1,0,0,0,0,0,0,0,0,0,0,0,0,0,0,0,0,0,0
7484,Gimme Shelter,1970,0,0,0,0,0,0,0,0,1,0,0,0,0,0,0,0,0,0,0
270918,Silence Has No Wings,1966,1,0,0,0,0,0,0,0,0,0,0,0,0,0,0,0,0,0,0
202103,I Am Mother,2019,0,0,0,1,0,0,0,0,0,0,1,0,0,0,0,0,0,0,0
103483,V/H/S/2,2013,0,0,1,1,0,0,0,0,0,0,0,0,0,0,0,0,0,0,0
122791,Duchess and the Dirtwater Fox,1976,0,1,0,0,0,1,0,0,0,0,0,0,0,0,0,0,0,0,0
99659,"Sea of Grass, The",1947,1,0,0,0,0,1,0,0,0,0,0,0,0,0,0,0,0,0,0
137062,Naruto Shippuden the Movie: Road to Ninja,2012,0,0,0,0,1,0,0,0,0,0,0,1,0,0,1,1,0,0,0
189671,Big Red,1962,1,0,0,0,1,0,0,0,0,0,0,1,0,1,0,0,0,0,0
173537,977,2006,1,0,0,0,0,0,0,0,0,0,1,0,0,0,0,0,0,0,0
153863,O Diabo a Quatro,2005,1,0,0,0,0,0,0,0,0,0,0,0,0,1,0,0,0,0,0
201486,Family,2018,0,1,0,0,0,0,0,0,0,0,0,0,0,0,0,0,0,0,0
203827,Getting Over,2018,0,0,0,0,0,0,0,0,1,0,0,0,0,0,0,0,0,0,0
213111,Dragon Quest: Your Story,2019,0,1,0,0,1,0,0,0,0,0,0,1,0,1,1,1,0,0,0
141958,A Little Thing Called Love,2010,0,1,0,0,0,0,0,0,0,0,0,0,1,0,0,0,0,0,0
4104,Ernest Goes to Camp,1987,0,1,0,0,0,0,0,0,0,0,0,0,0,0,0,0,0,0,0
279092,Low Life,2022,1,0,0,1,0,0,0,1,0,0,0,0,0,0,0,0,0,0,0
195895,Alarm,2009,0,0,0,0,0,0,0,0,0,0,0,0,0,0,1,0,0,0,0
174085,Fast and Furry-Ous,1949,0,1,0,0,0,0,0,0,0,0,0,0,0,1,1,0,0,0,0
274533,"Love, Classified",2022,0,1,0,0,0,0,0,0,0,0,0,0,1,0,0,0,0,0,0
79109,Captains of the Clouds,1942,1,0,0,0,1,0,1,0,0,0,0,0,0,0,0,0,0,0,0
89104,Puzzlehead,2005,1,0,0,0,0,0,0,0,0,0,1,0,0,0,0,0,0,0,0
202753,The Big Apartment,2006,0,1,0,0,0,0,0,0,0,0,0,0,0,0,0,0,0,0,0
136078,The Boom,1963,0,1,0,0,0,0,0,0,0,0,0,0,0,0,0,0,0,0,0
187537,Sensitivity Training,2016,0,1,0,0,0,0,0,0,0,0,0,0,0,0,0,0,0,0,0
158159,The Nostalgist,2014,0,0,0,0,1,0,0,0,0,0,1,1,0,0,0,1,0,0,0
127258,The Passerby,1982,1,0,0,0,0,0,0,0,0,0,0,0,0,0,0,0,0,0,0
141670,Shield of Straw,2013,0,0,0,1,0,0,0,0,0,0,0,0,0,0,0,0,0,0,0
289911,Sunday Afternoon,1999,0,1,0,0,0,0,0,0,0,0,0,0,0,0,0,0,0,0,0
88140,Captain America: The First Avenger,2011,0,0,0,1,1,0,1,0,0,0,1,1,0,0,0,0,0,0,0
289839,My Name Is Alfred Hitchcock,2023,0,0,0,0,0,0,0,0,1,0,0,0,0,0,0,0,0,0,0
158619,The Faith of Anna Waters,2016,1,0,1,1,0,0,0,0,0,1,0,0,0,0,0,0,0,0,0
167010,The Cannibal Man,1973,1,0,1,1,0,0,0,0,0,0,0,0,0,0,0,0,0,0,0
189081,Le repas des fauves,1964,1,0,0,0,0,0,0,0,0,0,0,0,0,0,0,0,0,0,0
145200,Pluto's Judgement Day,1935,0,0,0,0,0,0,0,0,0,0,0,0,0,0,1,0,0,0,0
234669,Mesa of Lost Women,1953,0,0,1,0,0,0,0,0,0,0,1,0,0,0,0,0,0,0,0
131437,Moby Dick,2011,0,0,1,1,1,0,0,0,0,0,0,0,0,0,0,0,0,0,0
139817,Doors Open,2012,1,0,0,0,0,0,0,1,0,0,0,0,0,0,0,0,0,0,0
3989,One Day in September,1999,0,0,0,0,0,0,0,0,1,0,0,0,0,0,0,0,0,0,0
187237,The Broken Land,1962,0,0,0,0,0,1,0,0,0,0,0,0,0,0,0,0,0,0,0
266552,The Great Yokai War,1968,0,0,1,0,0,0,0,0,0,0,0,0,0,0,0,0,0,0,0
27604,Suicide Club (Jisatsu saakuru),2001,0,0,1,1,0,0,0,0,0,1,0,0,0,0,0,0,0,0,0
187577,The Death & Life of John F. Donovan,NA,1,0,0,0,0,0,0,0,0,0,0,0,0,0,0,0,0,0,0
121967,Tender Scoundrel,1966,0,1,0,0,0,0,0,1,0,0,0,0,0,0,0,0,0,0,0
282321,Ode to Joy,2006,1,0,0,0,0,0,0,0,0,0,0,0,0,0,0,0,0,0,0
171243,Malibu Express,1985,0,1,0,0,1,0,0,1,0,0,0,1,0,0,0,0,0,0,0
27724,Hitler: The Rise of Evil,2003,1,0,0,0,0,0,0,0,0,0,0,0,0,0,0,0,0,0,0
78698,Mercy Streets,2000,1,0,0,0,1,0,0,1,0,0,0,0,0,0,0,0,0,0,0
95223,4.3.2.1,2010,0,0,0,1,0,0,0,1,0,0,0,0,0,0,0,0,0,0,0
197929,Histoire(s) du Cinéma: A New Wave,1998,0,0,0,0,0,0,0,0,1,0,0,0,0,0,0,0,0,0,0
26496,One Deadly Summer (L'été meurtrier),1983,1,1,0,0,0,0,0,0,0,1,0,0,0,0,0,0,0,0,0
228939,Dudes!,2001,0,1,0,0,0,0,0,0,0,0,0,0,0,0,0,0,0,0,0
223486,Stage Mother,2020,1,1,0,0,0,0,0,0,0,0,0,0,0,0,0,0,0,0,0
141145,A Ticket to Tomahawk,1950,0,1,0,0,0,1,0,0,0,0,0,0,0,0,0,0,0,0,0
289749,The Arc of Oblivion,2023,0,0,0,0,0,0,0,0,1,0,0,0,0,0,0,0,0,0,0
286553,Murder in the Front Row: The San Francisco Bay Area Thrash Metal Story,2019,0,0,0,0,0,0,0,0,1,0,0,0,0,0,0,0,0,0,0
190055,Love Struck,2014,1,1,0,0,0,0,0,0,0,0,0,0,1,0,0,0,0,0,0
234536,Meander,2020,1,0,1,0,0,0,0,0,0,0,1,0,0,0,0,0,0,0,0
167950,Bloodfist 2050,2050,0,0,0,0,1,0,0,0,0,0,0,0,0,0,0,0,0,0,0
113466,Far Out Isn't Far Enough: The Tomi Ungerer Story,2012,0,0,0,0,0,0,0,0,1,0,0,0,0,0,0,0,0,0,0
207399,Metamorphosis,2018,0,0,0,0,0,0,0,0,1,0,0,0,0,0,0,0,0,0,0
79191,Roadracers,1994,1,0,0,0,0,0,0,0,0,0,0,0,0,0,0,0,0,0,0
116030,Children of the Corn 666: Isaac's Return,1999,0,0,1,0,0,0,0,0,0,1,0,0,0,0,0,0,0,0,0
166717,Wolfskinder,2013,1,0,0,0,0,0,1,0,0,0,0,0,0,0,0,0,0,0,0
91391,HealtH,1980,0,1,0,0,0,0,0,0,0,0,0,0,0,0,0,0,0,0,0
120266,Framed,1947,1,0,0,0,0,0,0,1,0,0,0,0,0,0,0,0,0,0,1
81147,Barefoot Gen 2 (Hadashi no Gen II),1986,1,0,0,0,0,0,1,0,0,0,0,0,0,0,1,0,0,0,0
196957,Stronger Than The World: The Story of José Aldo,2016,1,0,0,0,0,0,0,0,0,0,0,0,0,0,0,0,0,0,0
6173,Into the West,1992,0,0,0,0,0,0,0,0,0,0,0,1,0,1,0,0,0,0,0
133757,The Happening,1967,0,1,0,0,0,0,0,0,0,0,0,0,0,0,0,0,0,0,0
288441,Surrounded,2023,1,0,0,0,1,1,0,0,0,0,0,0,0,0,0,0,0,0,0
71888,See You in the Morning,1989,1,0,0,0,0,0,0,0,0,0,0,0,1,0,0,0,0,0,0
153512,Riuscirà l'avvocato Franco Benenato a sconfiggere il suo acerrimo nemico il pretore Ciccio De Ingras?,1971,0,1,0,0,0,0,0,0,0,0,0,0,0,0,0,0,0,0,0
86593,African Cats,2011,0,0,0,0,0,0,0,0,1,0,0,1,0,0,0,0,0,0,0
74332,Me and Him (Ich und Er),1988,0,1,0,0,0,0,0,0,0,0,0,0,0,0,0,0,0,0,0
205873,Cinderella,1922,0,0,0,0,0,0,0,0,0,0,0,0,0,1,1,1,0,0,0
175223,Encounter with Fritz Lang,1964,0,0,0,0,0,0,0,0,1,0,0,0,0,0,0,0,0,0,0
280198,Shtemp,1991,0,0,0,0,1,0,0,0,0,0,0,0,0,0,0,0,0,0,0
115611,Felix the Cat: The Movie,1988,0,0,0,0,0,0,0,0,0,0,1,1,0,1,1,1,0,1,0
263757,Zero to Hero,2021,1,0,0,0,0,0,0,0,0,0,0,0,0,0,0,0,0,0,0
213748,Victor,2009,0,1,0,0,0,0,0,0,0,0,0,0,0,0,0,0,0,0,0
8382,Hello Again,1987,0,1,0,0,0,0,0,0,0,0,0,0,0,0,0,0,0,0,0
195651,Balançoires,1896,0,0,0,0,0,0,0,0,1,0,0,0,0,0,0,0,0,0,0
148198,Eagles Over London,1969,1,0,0,0,1,0,0,0,0,0,0,0,0,0,0,0,0,0,0
85538,That Evening Sun,2009,1,0,0,0,0,0,0,0,0,0,0,0,0,0,0,0,0,0,0
233705,Truth or Dare,1997,1,0,0,0,0,0,0,0,0,0,0,0,0,1,0,0,0,0,0
6436,This Boy's Life,1993,1,0,0,0,0,0,0,0,0,0,0,0,0,0,0,0,0,0,0
30952,Last Train from Gun Hill,1959,1,0,0,0,0,1,0,0,0,0,0,0,0,0,0,0,0,0,0
179897,The Little Match Girl,1928,1,0,0,0,0,0,0,0,0,0,0,0,0,0,0,1,0,0,0
96283,Diary of a Wimpy Kid: Dog Days,2012,0,1,0,0,0,0,0,0,0,0,0,0,0,1,0,0,0,0,0
130071,Nymph,2014,0,0,1,0,0,0,0,0,0,0,0,0,0,0,0,1,0,0,0
80617,Cats & Dogs: The Revenge of Kitty Galore,2010,0,1,0,0,1,0,0,0,0,0,0,0,0,1,0,0,0,0,0
101962,Wolf Children (Okami kodomo no ame to yuki),2012,0,0,0,0,0,0,0,0,0,0,0,0,0,0,1,1,0,0,0
135829,Dhoom 2,2006,1,0,0,1,1,0,0,1,0,0,0,0,0,0,0,0,0,0,0
223696,It's Still Your Bed,2019,1,0,0,0,0,0,0,0,0,0,0,0,1,0,0,0,0,0,0
137072,Born Bad,2011,1,0,0,1,0,0,0,0,0,0,0,0,0,0,0,0,0,0,0
144800,City Beneath the Sea,1953,0,0,0,0,1,0,0,0,0,0,0,1,0,0,0,0,0,0,0
121326,The Blood of Fu Manchu,1968,0,0,1,0,0,0,0,1,0,0,0,1,0,0,0,0,0,0,0
229699,Fireball: Visitors From Darker Worlds,2020,0,0,0,0,0,0,0,0,1,0,0,0,0,0,0,0,0,0,0
265510,The Downfall of Santa Claus,2018,0,0,0,0,0,0,0,0,0,0,0,0,0,0,1,0,0,0,0
188765,Polish Legends: Operacja Bazyliszek,2016,0,0,0,0,0,0,0,0,0,0,1,0,0,0,0,0,0,0,0
275325,Yamabuki,2022,1,0,0,0,0,0,0,0,0,0,0,0,0,0,0,0,0,0,0
222723,Winnetou: The Secret of the Silver Lake,2016,0,0,0,0,0,1,0,0,0,0,0,1,0,0,0,0,0,0,0
278192,Queen of Glory,2022,1,1,0,0,0,0,0,0,0,0,0,0,0,0,0,0,0,0,0
269440,Incoherence,1994,1,1,0,0,0,0,0,0,0,0,0,0,0,0,0,0,0,0,0
173421,Texas Rising,2015,1,0,0,0,0,1,0,0,0,0,0,0,0,0,0,0,0,0,0
191315,Mirapakay,2011,1,0,0,0,1,0,0,0,0,0,0,0,1,0,0,0,0,0,0
95875,Total Recall,2012,0,0,0,1,1,0,0,0,0,0,1,0,0,0,0,0,0,0,0
206054,Baby Wants a Bottleship,1942,0,0,0,0,0,0,0,0,0,0,0,0,0,0,1,0,0,0,0
134831,Paranormal Whacktivity,2013,0,1,1,0,0,0,0,0,0,0,0,0,0,0,0,0,0,0,0
202966,Torment,1986,0,0,1,1,0,0,0,1,0,1,0,0,0,0,0,0,0,0,0
282973,Safe Place,2022,1,0,0,1,0,0,0,0,0,0,0,0,0,0,0,0,0,0,0
180619,Diaz: Don't Clean Up This Blood,2012,1,0,0,0,0,0,0,0,0,0,0,0,0,0,0,0,0,0,0
217729,The Rolling Stones: Bridges to Babylon Tour '97-98,1997,0,0,0,0,0,0,0,0,1,0,0,0,0,0,0,0,0,0,0
160720,Exhibit A,2007,0,0,0,1,0,0,0,0,0,0,0,0,0,0,0,0,0,0,0
211406,Ni une ni deux,2019,0,1,0,0,0,0,0,0,0,0,0,0,0,0,0,0,0,0,0
212401,Inherit the Viper,2020,1,0,0,1,0,0,0,1,0,0,0,0,0,0,0,0,0,0,0
207648,Claire Darling,2019,1,0,0,0,0,0,0,0,0,0,0,0,0,0,0,0,0,0,0
188033,"Encore, Once More Encore!",1992,1,1,0,0,0,0,0,0,0,0,0,0,1,0,0,0,0,0,0
213780,I Want You,2007,0,1,0,0,0,0,0,0,0,0,0,0,1,0,0,0,0,0,0
266018,These Foolish Things,2006,1,1,0,0,0,0,0,0,0,0,0,0,1,0,0,0,0,0,0
281606,Bob the Drag Queen: Live at Caroline's,2020,0,1,0,0,0,0,0,0,0,0,0,0,0,0,0,0,0,0,0
135807,The Invincible Armour,1977,0,0,0,1,1,0,0,0,0,0,0,0,0,0,0,0,0,0,0
68337,Moving Midway,2007,0,0,0,0,0,0,0,0,1,0,0,0,0,0,0,0,0,0,0
129725,A Gunfight,1971,0,0,0,0,0,1,0,0,0,0,0,0,0,0,0,0,0,0,0
124302,Kermit's Swamp Years,2002,0,1,0,0,0,0,0,0,0,0,0,0,0,1,0,1,0,0,0
222310,Fearless,2020,0,1,0,0,0,0,0,0,0,0,0,0,0,0,1,0,0,0,0
260767,Kampung Latah Kena Kuarantin,2021,0,1,0,0,0,0,0,0,0,0,0,0,0,0,0,0,0,0,0
131932,Modern Girls,1986,0,1,0,0,0,0,0,0,0,0,0,0,1,0,0,0,0,0,0
4817,Born Romantic,2000,1,1,0,0,0,0,0,0,0,0,0,0,1,0,0,0,0,0,0
128938,Signpost to Murder,1964,0,0,0,1,0,0,0,1,0,0,0,0,0,0,0,0,0,0,0
6183,Pillow Talk,1959,0,1,0,0,0,0,0,0,0,0,0,0,1,0,0,0,0,1,0
144628,Seeds of Time,2015,0,0,0,0,0,0,0,0,1,0,0,0,0,0,0,0,0,0,0
143367,Silence,2016,1,0,0,1,0,0,0,0,0,0,0,0,0,0,0,0,0,0,0
109935,The Artist and the Model,2012,1,0,0,0,0,0,0,0,0,0,0,0,0,0,0,0,0,0,0
163318,Wondrous Boccaccio,2015,1,1,0,0,0,0,0,0,0,0,0,0,0,0,0,0,0,0,0
170963,A Beginner's Guide to Snuff,2016,0,1,1,1,0,0,0,0,0,0,0,0,0,0,0,0,0,0,0
278432,The Fire Within: A Requiem for Katia and Maurice Krafft,2022,0,0,0,0,0,0,0,0,1,0,0,0,0,0,0,0,0,0,0
269552,The Triumph of Sherlock Holmes,1935,0,0,0,1,0,0,0,1,0,1,0,0,0,0,0,0,0,0,0
8381,For Me and My Gal,1942,1,0,0,0,0,0,0,0,0,0,0,0,1,0,0,0,0,1,0
169138,Love & Loathing & Lulu & Ayano,2010,1,0,0,0,0,0,0,0,0,0,0,0,0,0,0,0,0,0,0
287665,Tin & Tina,2023,0,0,1,1,0,0,0,0,0,1,0,0,0,0,0,0,0,0,0
250932,Audrey's Rain,2003,1,0,0,0,0,0,0,0,0,0,0,0,0,0,0,0,0,0,0
282911,Elvis Gratton 2: Miracle à Memphis,1999,0,1,0,0,0,0,0,0,0,0,0,0,0,0,0,0,0,0,0
137529,The Female Bunch,1971,1,0,0,0,1,1,0,1,0,0,0,0,0,0,0,0,0,0,0
130388,Black Field,2009,1,0,0,0,0,0,0,0,0,0,0,0,1,0,0,0,0,0,0
290133,Commitment Phobia,2021,0,1,0,0,0,0,0,0,0,0,0,0,1,0,0,0,0,0,0
143984,Jet Attack,1958,1,0,0,0,0,0,1,0,0,0,0,0,0,0,0,0,0,0,0
1938,"Lost Weekend, The",1945,1,0,0,0,0,0,0,0,0,0,0,0,0,0,0,0,0,0,0
175707,A German Life,2016,0,0,0,0,0,0,0,0,1,0,0,0,0,0,0,0,0,0,0
157355,Frank and the Wondercat,2015,0,0,0,0,0,0,0,0,1,0,0,0,0,0,0,0,0,0,0
235151,Modern Times: The Way of All Flesh,1997,0,0,0,0,0,0,0,0,1,0,0,0,0,0,0,0,0,0,0
190797,Rated 'R': Republicans in Hollywood,2004,0,0,0,0,0,0,0,0,1,0,0,0,0,0,0,0,0,0,0
216342,Three Sad Tigers,1968,1,0,0,0,0,0,0,0,0,0,0,0,0,0,0,0,0,0,0
224146,Home by Spring,2018,1,0,0,0,0,0,0,0,0,0,0,0,1,0,0,0,0,0,0
92029,Westbound,1959,0,0,0,0,0,1,0,0,0,0,0,0,0,0,0,0,0,0,0
163112,Winnie the Pooh Goes Visiting,1971,0,0,0,0,0,0,0,0,0,0,0,0,0,0,1,0,0,0,0
237382,The Libertine,1968,1,1,0,0,0,0,0,0,0,0,0,0,0,0,0,0,0,0,0
209589,Iliza Shlesinger: Unveiled,2019,0,1,0,0,0,0,0,0,0,0,0,0,0,0,0,0,0,0,0
256601,Splatter Disco,2007,0,1,1,0,0,0,0,0,0,0,0,0,0,0,0,0,0,0,0
164001,Warkop DKI Reborn: Jangkrik Boss!,2016,0,1,0,0,0,0,0,0,0,0,0,0,0,0,0,0,0,0,0
249180,Violet Evergarden: The Movie,2020,1,0,0,0,0,0,0,0,0,0,0,0,1,0,1,1,0,0,0
142370,We Are the Freaks,2014,0,1,0,0,0,0,0,0,0,0,0,0,0,0,0,0,0,0,0
213263,Above the Clouds,2018,1,1,0,0,0,0,0,0,0,0,0,0,0,0,0,0,0,0,0
195719,Core of the World,2018,1,0,0,0,0,0,0,0,0,0,0,0,0,0,0,0,0,0,0
185727,The silence,2015,1,0,0,0,0,0,0,0,0,0,0,0,0,0,0,0,0,0,0
78101,Life After Tomorrow,2006,0,0,0,0,0,0,0,0,1,0,0,0,0,0,0,0,0,0,0
102672,New York: A Documentary Film,1999,0,0,0,0,0,0,0,0,1,0,0,0,0,0,0,0,0,0,0
90947,"Oslo, August 31st (Oslo, 31. august)",2011,1,0,0,0,0,0,0,0,0,0,0,0,0,0,0,0,0,0,0
6458,"Blue Max, The",1966,1,0,0,0,0,0,1,0,0,0,0,1,0,0,0,0,0,0,0
287149,Moomin and Midsummer Madness,2008,0,0,0,0,0,0,0,0,0,0,0,0,0,1,1,0,0,0,0
89490,Straw Dogs,2011,0,0,0,1,0,0,0,0,0,0,0,0,0,0,0,0,0,0,0
58033,Already Dead,2007,0,0,0,1,1,0,0,0,0,0,0,0,0,0,0,1,0,0,0
93287,"Big Year, The",2011,0,1,0,0,0,0,0,0,0,0,0,0,0,0,0,0,0,0,0
142276,War Between the Planets,1966,0,0,0,0,0,0,0,0,0,0,1,0,0,0,0,0,0,0,0
260983,Rickover: The Birth of Nuclear Power,2014,0,0,0,0,0,0,0,0,1,0,0,0,0,0,0,0,0,0,0
176201,Šíleně smutná princezna,1968,0,1,0,0,0,0,0,0,0,0,0,0,0,1,0,0,0,0,0
234482,Fierce,2020,0,1,0,0,0,0,0,0,0,0,0,0,0,0,0,0,0,0,0
156501,Triple Trouble,1950,1,1,0,0,1,0,0,1,0,0,0,0,0,0,0,0,0,0,0
177561,Do It Like An Hombre,2017,0,1,0,0,0,0,0,0,0,0,0,0,0,0,0,0,0,0,0
230151,Barbra: The Music ... The Mem'ries ... The Magic!,2017,0,0,0,0,0,0,0,0,1,0,0,0,0,0,0,0,0,0,0
216019,Smoke Jumpers,1996,1,0,0,0,1,0,0,0,0,0,0,0,0,0,0,0,0,0,0
275247,The Buddhist Fist,1980,0,0,0,0,1,0,0,0,0,0,0,0,0,0,0,0,0,0,0
115256,Charlie Chan in City in Darkness,1939,1,0,0,1,0,0,0,0,0,1,0,0,0,0,0,0,0,0,0
191167,Love Strikes!,2011,0,1,0,0,0,0,0,0,0,0,0,0,1,0,0,0,0,0,0
109979,Blonde Inspiration,1941,1,1,0,0,0,0,0,0,0,0,0,0,1,0,0,0,0,0,0
3742,Battleship Potemkin,1925,1,0,0,0,0,0,1,0,0,0,0,0,0,0,0,0,0,0,0
163194,Davy Crockett and the River Pirates,1956,0,0,0,0,1,0,0,0,0,0,0,1,0,1,0,0,0,0,0
98593,Other Worlds (D'autres mondes),2004,0,0,0,0,0,0,0,0,1,0,0,0,0,0,0,0,0,0,0
211143,Citizen Boilesen,2009,0,0,0,0,0,0,0,0,1,0,0,0,0,0,0,0,0,0,0
123781,Nothing Too Good for a Cowboy,1998,1,0,0,0,1,1,0,0,0,0,0,0,1,0,0,0,0,0,0
160018,Comment c'est loin,2015,0,1,0,0,0,0,0,0,0,0,0,0,0,0,0,0,0,0,0
2559,"King and I, The",1999,0,0,0,0,0,0,0,0,0,0,0,0,0,1,1,0,0,0,0
289143,Passport to Destiny,1944,0,1,0,0,0,0,1,0,0,0,0,0,0,0,0,0,0,0,0
176531,Keep Smiling,2013,1,1,0,0,0,0,0,0,0,0,0,0,0,0,0,0,0,0,0
78278,No One Knows About Persian Cats (Kasi az gorbehaye irani khabar nadareh),2009,1,0,0,0,0,0,0,0,0,0,0,0,0,0,0,0,0,0,0
222224,Who's Got the Black Box?,1967,0,0,0,1,0,0,0,0,0,0,0,0,0,0,0,0,0,0,0
211335,Josh Kirby... Time Warrior: Eggs from 70 Million B.C.,1995,0,0,0,0,0,0,0,0,0,0,0,0,0,1,0,0,0,0,0
170175,Happy Ever After,1954,0,1,0,0,0,0,0,0,0,0,0,0,0,0,0,0,0,0,0
133415,Alexia,2013,0,0,1,1,0,0,0,0,0,0,0,0,0,0,0,0,0,0,0
167118,Sugar Mountain,2016,1,0,0,1,0,0,0,0,0,0,0,0,0,0,0,0,0,0,0
1369,I Can't Sleep (J'ai pas sommeil),1994,1,0,0,1,0,0,0,0,0,0,0,0,0,0,0,0,0,0,0
191141,The Honey Killer,2018,1,1,0,0,0,0,0,0,0,0,0,0,0,0,0,0,0,0,0
277308,Nightflyers,1987,0,0,1,0,0,0,0,0,0,0,1,0,0,0,0,0,0,0,0
130103,Blue Collar Comedy Tour: One for the Road,2006,0,1,0,0,0,0,0,0,0,0,0,0,0,0,0,0,0,0,0
167928,Demon of Paradise,1987,0,0,1,1,0,0,0,0,0,0,0,0,0,0,0,0,0,0,0
124579,Three Daring Daughters,1948,0,0,0,0,0,0,0,0,0,0,0,0,1,0,0,0,0,0,0
1742,Caught Up,1998,0,0,0,0,0,0,0,1,0,0,0,0,0,0,0,0,0,0,0
266472,The Robbery,2017,0,1,0,0,1,0,0,0,0,0,0,0,0,0,0,0,0,0,0
195587,Dangerous Encounters of the First Kind,1980,0,0,0,1,1,0,0,1,0,0,0,0,0,0,0,0,0,0,0
4200,Double Impact,1991,0,0,0,0,1,0,0,0,0,0,0,0,0,0,0,0,0,0,0
194720,When the Clouds Roll By,1919,0,1,0,0,1,0,0,0,0,0,0,0,1,0,0,0,0,0,0
286357,Evil Dead Rise,2023,0,0,1,1,0,0,0,0,0,0,0,0,0,0,0,0,0,0,0
137415,Acceptable Risk,2001,1,0,0,1,0,0,0,0,0,0,1,0,0,0,0,0,0,0,0
175577,Rory Scovel Tries Stand-Up for the First Time,2017,0,1,0,0,0,0,0,0,0,0,0,0,0,0,0,0,0,0,0
26476,Merry Christmas Mr. Lawrence,1983,1,0,0,0,0,0,1,0,0,0,0,0,0,0,0,0,0,0,0
56651,Seduced and Abandoned (Sedotta e abbandonata),1964,1,1,0,0,0,0,0,0,0,0,0,0,0,0,0,0,0,0,0
278152,God's Little Village,2009,0,1,0,0,0,0,0,0,0,0,0,0,0,0,0,0,0,0,0
3620,"Myth of Fingerprints, The",1997,1,1,0,0,0,0,0,0,0,0,0,0,0,0,0,0,0,0,0
253742,Rival,2020,1,0,0,0,0,0,0,0,0,0,0,0,0,0,0,0,0,0,0
153808,Boris Without Beatrice,2016,1,0,0,0,0,0,0,0,0,0,0,0,0,0,0,0,0,0,0
169910,Bill Maher: Be More Cynical,2000,0,1,0,0,0,0,0,0,0,0,0,0,0,0,0,0,0,0,0
272623,Northern Quality,2022,0,1,0,0,0,0,0,0,0,0,0,0,0,0,0,0,0,0,0
168422,Breakdown,2016,0,0,0,1,0,0,0,0,0,0,0,0,0,0,0,0,0,0,0
1499,Anaconda,1997,0,0,0,1,1,0,0,0,0,0,0,1,0,0,0,0,0,0,0
169112,Love Me Not,2006,1,0,0,0,0,0,0,0,0,0,0,0,0,0,0,0,0,0,0
116321,Cry 'Havoc',1943,1,0,0,0,0,0,1,0,0,0,0,0,0,0,0,0,0,0,0
137755,An American Terror,2013,1,0,1,0,0,0,0,0,0,0,0,0,0,0,0,0,0,0,0
161342,The Man with the Carnation,1980,1,0,0,0,0,0,0,0,0,0,0,0,0,0,0,0,0,0,0
37683,Chapter Two,1979,1,1,0,0,0,0,0,0,0,0,0,0,1,0,0,0,0,0,0
281138,18 Bronze Girls of Shaolin,1983,0,1,0,0,1,0,0,0,0,0,0,1,0,0,0,0,0,0,0
281180,Touch 3 Don't Pass Me By,1987,1,0,0,0,0,0,0,0,0,0,0,0,1,0,1,0,0,0,0
119051,Crime at the Chinese Restaurant,1981,0,1,0,1,0,0,0,0,0,1,0,0,0,0,0,0,0,0,0
194478,TED: The Future We Will Create,2007,0,0,0,0,0,0,0,0,1,0,0,0,0,0,0,0,0,0,0
225219,Henpecked,1983,0,1,0,0,0,0,0,0,0,0,0,0,0,0,0,0,0,0,0
80137,If God Is Willing and da Creek Don't Rise,2010,0,0,0,0,0,0,0,0,1,0,0,0,0,0,0,0,0,0,0
128661,The Man Who Wouldn't Die,1994,1,0,0,1,0,0,0,1,0,0,0,0,0,0,0,0,0,0,0
145192,Alpine Climbers,1936,0,0,0,0,0,0,0,0,0,0,0,0,0,0,1,0,0,0,0
138562,Bipolar,2014,0,0,0,1,0,0,0,0,0,1,0,0,0,0,0,0,0,0,0
272893,Assault on the Pay Train,1962,1,0,0,0,0,0,0,1,0,0,0,0,0,0,0,0,0,0,0
291459,One Perfect Match,2023,0,1,0,0,0,0,0,0,0,0,0,0,1,0,0,0,0,0,0
210055,Florida Straits,1989,0,0,0,0,1,0,0,0,0,0,0,1,1,0,0,0,0,0,0
181075,The Man Who Invented Christmas,2017,1,0,0,0,0,0,0,0,0,0,0,0,0,0,0,0,0,0,0
147068,The Desert Hawk,1950,0,0,0,0,1,0,0,0,0,0,0,1,0,0,0,0,0,0,0
3988,How the Grinch Stole Christmas (a.k.a. The Grinch),2000,0,1,0,0,0,0,0,0,0,0,0,0,0,1,0,1,0,0,0
260415,Defining Moments,2021,0,1,0,0,0,0,0,0,0,0,0,0,0,0,0,0,0,0,0
285931,Patterns of life: Prana,2021,0,0,0,0,0,0,0,0,1,0,0,0,0,0,0,0,0,0,0
122278,Ping Pong Summer,2014,0,1,0,0,0,0,0,0,0,0,0,0,0,0,0,0,0,0,0
175735,Je hais les enfants!,2003,0,1,0,0,0,0,0,0,0,0,0,0,0,0,0,0,0,0,0
69518,Pornorama,2007,0,1,0,0,0,0,0,0,0,0,0,0,0,0,0,0,0,0,0
281098,Zillion,2022,1,0,0,0,0,0,0,0,0,0,0,0,0,0,0,0,0,0,0
149344,Pete's Christmas,2013,0,0,0,0,0,0,0,0,0,0,0,0,0,1,0,1,0,0,0
142875,Star,2014,1,1,0,0,0,0,0,0,0,0,0,0,1,0,0,0,0,0,0
164727,Cloud 9,2014,1,0,0,0,1,0,0,0,0,0,0,0,1,0,0,0,0,0,0
8905,1492: Conquest of Paradise,1492,1,0,0,0,0,0,0,0,0,0,0,1,0,0,0,0,0,0,0
275343,Faultline,2004,0,0,0,0,1,0,0,0,0,0,0,0,0,0,0,0,0,0,0
202287,Pegasus,2019,0,1,0,0,1,0,0,0,0,0,0,0,0,0,0,0,0,0,0
205869,Dossiê Jango,2013,0,0,0,0,0,0,0,0,1,0,0,0,0,0,0,0,0,0,0
80094,"Last Exorcism, The",2010,0,0,1,1,0,0,0,0,0,0,0,0,0,0,0,0,0,0,0
144816,The Missing Juror,1944,0,0,0,0,0,0,0,0,0,1,0,0,0,0,0,0,0,0,0
172355,Breakfast With Jonny Wilkinson,2013,0,1,0,0,0,0,0,0,0,0,0,0,0,0,0,0,0,0,0
287853,Bezos,2023,1,0,0,0,0,0,0,0,0,0,0,0,0,0,0,0,0,0,0
212427,Bacchus Uncovered: Ancient God of Ecstasy,2018,0,0,0,0,0,0,0,0,1,0,0,0,0,0,0,0,0,0,0
122671,The Moon and Sixpence,1942,1,0,0,0,0,0,0,0,0,0,0,0,0,0,0,0,0,0,0
122383,The Legend of Gator Face,1996,0,1,1,0,0,0,0,0,0,0,0,1,0,0,0,0,0,0,0
2081,"Little Mermaid, The",1989,0,1,0,0,0,0,0,0,0,0,0,0,1,1,1,0,0,1,0
190771,Il ritorno di Cagliostro,2003,0,1,0,0,0,0,0,0,0,0,0,0,0,0,0,0,0,0,0
141030,My Father's Nurse,1976,0,1,0,0,0,0,0,0,0,0,0,0,0,0,0,0,0,0,0
244434,Mister Twister Goes Camping,2013,1,1,0,0,0,0,0,0,0,0,0,0,0,1,0,0,0,0,0
265334,A Castle for Christmas,2021,0,1,0,0,0,0,0,0,0,0,0,0,1,1,0,0,0,0,0
106022,Toy Story of Terror,2013,0,1,0,0,0,0,0,0,0,0,0,0,0,1,1,0,0,0,0
89831,"Strip, The",1951,1,0,0,0,0,0,0,0,0,0,0,0,0,0,0,0,0,0,1
230391,Black Beauty,2020,1,0,0,0,0,0,0,0,0,0,0,0,0,0,0,0,0,0,0
267726,ZVP,2017,0,0,0,0,1,0,0,0,0,0,1,0,0,0,0,0,0,0,0
251840,The Saint's Return,1953,0,0,0,0,0,0,0,0,0,1,0,0,0,0,0,0,0,0,0
262797,Paranoia Tapes,2017,0,0,1,1,0,0,0,0,0,1,0,0,0,0,0,1,0,0,0
6061,Kedma,2002,1,0,0,0,0,0,1,0,0,0,0,0,0,0,0,0,0,0,0
6054,"Moon-Spinners, The",1964,0,0,0,0,0,0,0,0,0,1,0,0,0,1,0,0,0,0,0
67073,Day of the Dead,2008,0,0,1,0,0,0,0,0,0,0,0,0,0,0,0,0,0,0,0
164310,Primal Force,1999,0,0,0,0,0,0,0,0,0,0,1,1,0,0,0,0,0,0,0
145026,A Nightingale Falling,2014,1,0,0,0,0,0,1,0,0,0,0,0,0,0,0,0,0,0,0
107117,"Armstrong Lie, The",2013,0,0,0,0,0,0,0,0,1,0,0,0,0,0,0,0,0,0,0
281416,Land of Legends,2022,0,0,0,0,1,0,0,0,0,0,0,1,1,0,0,0,0,0,0
191707,The Truth Beneath,2016,0,0,0,1,0,0,0,0,0,0,0,0,0,0,0,0,0,0,0
187393,Mechanical Principles,1930,0,0,0,0,0,0,0,0,1,0,0,0,0,0,0,0,0,0,0
266396,We Are Triathletes,2018,0,0,0,0,0,0,0,0,1,0,0,0,0,0,0,0,0,0,0
279192,Simchas and Sorrows,2022,1,1,0,0,0,0,0,0,0,0,0,0,0,0,0,0,0,0,0
225956,GAL,2006,1,0,0,1,0,0,0,0,0,0,0,0,0,0,0,0,0,0,0
161632,Protagonist,2007,0,0,0,0,0,0,0,0,1,0,0,0,0,0,0,0,0,0,0
6162,Gerry,2002,1,0,0,0,0,0,0,0,0,0,0,1,0,0,0,0,0,0,0
38886,"Squid and the Whale, The",2005,1,1,0,0,0,0,0,0,0,0,0,0,0,0,0,0,0,0,0
248302,How to Steal a Dog,2014,1,1,0,0,0,0,0,0,0,0,0,0,0,1,0,0,0,0,0
227492,Neon Days,2020,1,1,0,0,0,0,0,0,0,0,0,0,0,0,0,0,0,0,0
78174,Sex and the City 2,2010,1,1,0,0,0,0,0,0,0,0,0,0,1,0,0,0,0,0,0
110517,Old Drac (Vampira),1974,0,1,1,0,0,0,0,0,0,0,0,0,0,0,0,0,0,0,0
84504,Raja,2003,1,0,0,0,0,0,0,0,0,0,0,0,0,0,0,0,0,0,0
132624,The Hacker Wars,2014,0,0,0,0,0,0,0,0,1,0,0,0,0,0,0,0,0,0,0
150312,Sleepless,2001,0,0,1,1,0,0,0,1,0,1,0,0,0,0,0,0,0,0,0
204318,The Nightingale,2019,1,0,0,0,0,0,0,0,0,0,0,0,0,0,0,0,0,0,0
110535,"Boy, Did I Get a Wrong Number!",1966,0,1,0,0,0,0,0,0,0,0,0,0,0,0,0,0,0,0,0
358,Higher Learning,1995,1,0,0,0,0,0,0,0,0,0,0,0,0,0,0,0,0,0,0
278426,The Young Magician,1987,0,0,0,0,0,0,0,0,0,0,0,0,0,1,0,1,0,0,0
138568,Top of the World,1998,1,0,0,1,1,0,0,0,0,0,0,0,0,0,0,0,0,0,0
279338,Hired Wife,1940,0,1,0,0,0,0,0,0,0,0,0,0,0,0,0,0,0,0,0
175393,Sebastian's Voodoo,2008,0,0,1,0,0,0,0,0,0,0,0,0,0,0,1,0,0,0,0
71108,"White Ribbon, The (Das weiße Band)",2009,1,0,0,0,0,0,0,0,0,1,0,0,0,0,0,0,0,0,0
5692,"Mechanic, The",1972,0,0,0,1,1,0,0,0,0,0,0,0,0,0,0,0,0,0,0
254486,Murder Can Hurt You!,1980,0,1,0,0,0,0,0,0,0,0,0,0,0,0,0,0,0,0,0
172805,Odd Job,2016,0,1,0,0,1,0,0,0,0,0,0,0,0,0,0,0,0,0,0
137674,Fatal Memories,1992,1,0,0,0,0,0,0,0,0,0,0,0,0,0,0,0,0,0,0
1277,Cyrano de Bergerac,1990,1,1,0,0,0,0,0,0,0,0,0,0,1,0,0,0,0,0,0
206533,Diane,2017,1,0,1,1,0,0,0,1,0,1,0,0,0,0,0,0,0,0,0
201893,MDMA,2017,1,0,0,0,0,0,0,0,0,0,0,0,0,0,0,0,0,0,0
7276,Hell's Kitchen,1998,1,0,0,0,0,0,0,0,0,0,0,0,0,0,0,0,0,0,0
269594,The Viewing Booth,2020,0,0,0,0,0,0,0,0,1,0,0,0,0,0,0,0,0,0,0
116469,Kickboxer 5,1995,0,0,0,1,1,0,0,0,0,0,0,0,0,0,0,0,0,0,0
139289,The Shattering,2015,0,0,1,0,0,0,0,0,0,0,0,0,0,0,0,0,0,0,0
201488,Modest Heroes,2018,0,0,0,0,0,0,0,0,0,0,0,1,0,0,1,1,0,0,0
278448,The Next 365 Days,2022,1,0,0,0,0,0,0,0,0,0,0,0,1,0,0,0,0,0,0
25816,Bonnie Scotland (Heroes of the Regiment),1935,0,1,0,0,0,0,0,0,0,0,0,0,0,0,0,0,0,0,0
143717,Meet Market,2008,0,1,0,0,0,0,0,0,0,0,0,0,1,0,0,0,0,0,0
44685,Riot On!,2004,0,0,0,0,0,0,0,0,1,0,0,0,0,0,0,0,0,0,0
129735,Golden Goddess of Rio Beni,1964,0,0,0,0,0,0,0,0,0,0,0,1,0,0,0,0,0,0,0
1891,"Ugly, The",1997,0,0,1,1,0,0,0,0,0,0,0,0,0,0,0,0,0,0,0
3024,Piranha,1978,0,0,1,0,0,0,0,0,0,0,1,0,0,0,0,0,0,0,0
224411,You're Not Alone,2020,0,0,1,1,0,0,0,0,0,0,0,0,0,0,0,0,0,0,0
192527,Mortadelo & Filemon Mission Save the Planet,2008,0,1,0,0,0,0,0,0,0,0,0,0,0,1,0,1,0,0,0
60590,"Heartbeat Detector (Question humaine, La)",2007,1,0,0,1,0,0,0,0,0,0,0,0,0,0,0,0,0,0,0
4327,"Magnificent Seven, The",1960,0,0,0,0,0,1,0,0,0,0,0,1,0,0,0,0,0,0,0
286259,The Christening,2022,0,1,0,0,0,0,0,0,0,0,0,0,0,0,0,0,0,0,0
4062,Mystic Pizza,1988,1,1,0,0,0,0,0,0,0,0,0,0,1,0,0,0,0,0,0
57,Home for the Holidays,1995,1,0,0,0,0,0,0,0,0,0,0,0,0,0,0,0,0,0,0
111638,An Enemy of the People,1966,1,0,0,0,0,0,0,0,0,0,0,0,0,0,0,0,0,0,0
215743,Alfie Darling,1975,1,0,0,0,0,0,0,0,0,0,0,0,0,0,0,0,0,0,0
3292,"Big Combo, The",1955,0,0,0,0,0,0,0,0,0,0,0,0,0,0,0,0,0,0,1
222115,"Rob Schneider: Asian Momma, Mexican Kids",2020,0,1,0,0,0,0,0,0,0,0,0,0,0,0,0,0,0,0,0
8806,Masks (Masques),1987,0,0,0,1,0,0,0,0,0,0,0,0,0,0,0,0,0,0,0
8761,"Three Lives of Thomasina, The",1964,1,0,0,0,0,0,0,0,0,0,0,0,0,1,0,0,0,0,0
140239,Helter Skelter,2012,1,0,1,0,0,0,0,0,0,0,0,0,0,0,0,1,0,0,0
281038,Three Wise Men and a Baby,2022,1,1,0,0,0,0,0,0,0,0,0,0,0,0,0,0,0,0,0
280790,My Life as a Comedian,2019,1,0,0,0,0,0,0,0,0,0,0,0,0,0,0,0,0,0,0
6114,Permanent Vacation,1982,1,0,0,0,0,0,0,0,0,0,0,0,0,0,0,0,0,0,0
87919,"Mysterious Lady, The",1928,1,0,0,0,0,0,0,0,0,0,0,0,1,0,0,0,0,0,0
247628,My Fiona,2020,1,0,0,0,0,0,0,0,0,0,0,0,0,0,0,0,0,0,0
164925,The Stolen Years,1998,1,0,0,0,0,0,0,0,0,0,0,1,0,0,0,0,0,0,0
230183,The Call,2020,0,0,0,1,0,0,0,0,0,1,0,0,0,0,0,0,0,0,0
188603,Breath,2018,1,0,0,0,0,0,0,0,0,0,0,0,0,0,0,0,0,0,0
239222,Kill Plan,2021,0,0,0,1,0,0,0,0,0,0,0,0,0,0,0,0,0,0,0
7395,Cheaper by the Dozen,1950,1,1,0,0,0,0,0,0,0,0,0,0,0,0,0,0,0,0,0
123483,The Zero Hour,2010,0,0,0,0,1,0,0,0,0,0,0,0,0,0,0,0,0,0,0
57868,"Prisoner of Shark Island, The",1936,1,0,0,0,0,0,0,0,0,0,0,0,0,0,0,0,0,0,0
154694,Ciudad Delirio,2014,0,1,0,0,0,0,0,0,0,0,0,0,1,0,0,0,0,0,0
190131,Lucky Stiff,2014,0,1,0,0,0,0,0,0,0,0,0,0,0,0,0,0,0,0,0
27871,Something the Lord Made,2004,1,0,0,0,0,0,0,0,0,0,0,0,0,0,0,0,0,0,0
184841,Kid Glove Killer,1942,0,0,0,0,0,0,0,1,0,0,0,0,0,0,0,0,0,0,0
210801,Ghost,1984,0,0,0,0,0,0,0,0,0,0,0,0,0,0,1,1,0,0,0
211468,The Rise of Jordan Peterson,2019,0,0,0,0,0,0,0,0,1,0,0,0,0,0,0,0,0,0,0
180117,Sesso nero,1980,1,0,0,0,0,0,0,0,0,0,0,0,0,0,0,0,0,0,0
2229,"Pleasure Garden, The",1925,1,0,0,0,0,0,0,0,0,0,0,0,0,0,0,0,0,0,0
206373,A Haunting at the Rectory,2015,0,0,1,0,0,0,0,0,0,0,0,0,0,0,0,0,0,0,0
141952,To Save A Life,2010,1,0,0,0,0,0,0,0,0,0,0,0,0,0,0,0,0,0,0
133998,The Reward,1965,1,0,0,0,0,1,0,0,0,0,0,0,0,0,0,0,0,0,0
169846,Sword of D'Artagnan,2015,0,0,0,0,0,0,0,0,0,0,0,1,0,1,0,0,0,0,0
194941,Solitary,2016,0,0,0,0,0,0,0,0,1,0,0,0,0,0,0,0,0,0,0
121991,Wicked as They Come,1956,1,0,0,0,0,0,0,1,0,1,0,0,0,0,0,0,0,0,0
216779,A Dog Named Duke,2012,1,1,0,0,0,0,0,0,0,0,0,0,0,1,0,0,0,0,0
161034,Sultan,2016,1,0,0,0,1,0,0,0,0,0,0,0,0,0,0,0,0,0,0
248324,The Odd Job,1978,0,1,0,0,0,0,0,0,0,0,0,0,0,0,0,0,0,0,0
2838,I Woke Up Early the Day I Died,1998,0,1,0,1,0,0,0,1,0,0,0,0,0,0,0,0,0,0,0
274101,The Teckman Mystery,1954,0,0,0,0,0,0,0,0,0,1,0,0,0,0,0,0,0,0,0
51019,Fifty-Fifty (a.k.a. Schizo) (Shiza),2004,1,0,0,1,0,0,0,1,0,0,0,0,1,0,0,0,0,0,0
289521,Dangerous Afternoon,1961,1,0,0,0,0,0,0,0,0,0,0,0,0,0,0,0,0,0,0
3776,Melody Time,1948,0,0,0,0,0,0,0,0,0,0,0,0,0,1,1,0,0,1,0
202517,Kung Fu Panda: Secrets of the Scroll,2016,0,1,0,0,1,0,0,0,0,0,0,1,0,1,1,0,0,0,0
124835,The Wild North,1952,0,0,0,0,0,1,0,0,0,0,0,0,0,0,0,0,0,0,0
125341,Tough Enough,1983,1,0,0,0,0,0,0,0,0,0,0,0,0,0,0,0,0,0,0
144128,Attention! Bandits!,1951,1,0,0,0,0,0,1,0,0,0,0,0,0,0,0,0,0,0,0
253068,Terence McKenna's True Hallucinations,2016,0,0,0,0,0,0,0,0,1,0,0,0,0,0,0,0,0,0,0
122167,Slander,1957,1,0,0,0,0,0,0,1,0,0,0,0,0,0,0,0,0,0,1
193687,Когда зажигаются ёлки,1950,0,0,0,0,0,0,0,0,0,0,0,0,0,0,1,0,0,0,0
102062,"Band Called Death, A",2012,0,0,0,0,0,0,0,0,1,0,0,0,0,0,0,0,0,0,0
135703,Meet the Fokkens,2011,0,0,0,0,0,0,0,0,1,0,0,0,0,0,0,0,0,0,0
258017,Mungaru Male,2006,1,1,0,0,0,0,0,0,0,0,0,0,1,0,0,0,0,0,0
52287,Meet the Robinsons,2007,0,1,0,0,1,0,0,0,0,0,1,1,0,1,1,0,0,0,0
82449,I Love You Too,2010,0,1,0,0,0,0,0,0,0,0,0,0,0,0,0,0,0,0,0
227058,Obsessive Rythms,2014,0,0,0,0,0,0,0,0,0,0,0,0,1,0,0,0,0,0,0
280004,Kunstkamera,2022,0,0,0,0,0,0,0,0,1,0,0,0,0,0,0,0,0,0,0
143154,Sparrows Can't Sing,1963,1,1,0,0,0,0,0,0,0,0,0,0,0,0,0,0,0,0,0
26350,"Passenger, The (Professione: reporter)",1975,1,0,0,0,0,0,0,0,0,0,0,0,0,0,0,0,0,0,0
289153,Happiness for Beginners,2023,0,1,0,0,0,0,0,0,0,0,0,1,1,0,0,0,0,0,0
105288,Ferocious,2012,0,0,0,1,0,0,0,1,0,0,0,0,0,0,0,0,0,0,0
167892,Savage!,1973,0,0,0,0,1,0,0,0,0,0,0,1,0,0,0,0,0,0,0
239194,Heart of the Home,2021,0,0,1,0,0,0,0,0,0,0,0,0,0,0,0,0,0,0,0
202635,Záskok,1994,0,1,0,0,0,0,0,0,0,0,0,0,0,0,0,0,0,0,0
172885,That still Karloson!,2012,0,1,0,0,0,0,0,0,0,0,0,0,0,1,0,1,0,0,0
205547,The Heckling Hare,1941,0,1,0,0,0,0,0,0,0,0,0,0,0,0,1,0,0,0,0
26498,Boy Meets Girl,1984,1,0,0,0,0,0,0,0,0,0,0,0,0,0,0,0,0,0,0
93674,Passion of Love (Passione d'amore),1981,1,0,0,0,0,0,0,0,0,0,0,0,1,0,0,0,0,0,0
121338,Carry on Cabby,1963,0,1,0,0,0,0,0,0,0,0,0,1,1,0,0,0,0,0,0
26404,In Praise of Older Women,1978,1,0,0,0,0,0,0,0,0,0,0,0,0,0,0,0,0,0,0
258013,Ye Maaya Chesave,2010,1,0,0,0,0,0,0,0,0,0,0,0,1,0,0,0,0,0,0
274639,Laughing Matters,2020,0,1,0,0,0,0,0,0,0,0,0,0,1,0,0,0,0,0,0
8017,10 Rillington Place,1971,1,0,0,1,0,0,0,1,0,0,0,0,0,0,0,0,0,0,0
133367,LFO,2013,1,0,0,0,0,0,0,0,0,0,1,0,0,0,0,0,0,0,0
125157,The Spanish Gardener,1956,1,0,0,0,0,0,0,0,0,0,0,0,0,0,0,0,0,0,0
172681,Law of Corruption,2005,1,0,0,0,1,0,0,1,0,0,0,0,0,0,0,0,0,0,0
213147,Sirene,1968,1,1,0,0,0,0,0,0,0,0,0,0,0,0,1,1,0,0,0
118782,Fat Pizza,2003,0,1,0,1,1,0,0,1,0,0,0,1,0,0,0,0,0,0,0
281830,A Not So Merry Christmas,2022,0,1,0,0,0,0,0,0,0,0,0,0,0,0,0,0,0,0,0
51357,Citizen X,1995,1,0,0,1,0,0,0,1,0,0,0,0,0,0,0,0,0,0,0
44663,"Caiman, The (Il caimano)",2006,1,1,0,0,0,0,0,0,0,0,0,0,1,0,0,0,0,0,0
206643,Mubarakan,2017,1,1,0,0,0,0,0,0,0,0,0,0,0,0,0,0,0,0,0
135258,"Merry Christmas, Drake and Josh",2008,0,1,0,0,0,0,0,0,0,0,0,0,0,0,0,0,0,0,0
127875,The Gold Spinners,2013,0,0,0,0,0,0,0,0,1,0,0,0,0,0,0,0,0,0,0
6895,Normal,2003,1,0,0,0,0,0,0,0,0,0,0,0,0,0,0,0,0,0,0
198521,The Great New Wonderful,2005,1,1,0,0,0,0,0,0,0,0,0,0,0,0,0,0,0,0,0
166886,High The True Tale of American Marijuana,2008,0,0,0,0,0,0,0,0,1,0,0,0,0,0,0,0,0,0,0
156700,Monsterwolf,2010,0,0,1,0,0,0,0,0,0,0,0,0,0,0,0,1,0,0,0
34645,Race with the Devil,1975,0,0,1,0,1,0,0,0,0,1,0,0,0,0,0,0,0,0,0
201672,Top Knot Detective,2017,1,1,0,0,1,0,0,1,0,1,0,0,0,0,0,0,0,0,0
141528,Move,1970,0,1,0,0,0,0,0,0,0,0,0,0,0,0,0,1,0,0,0
149725,Thou Shalt Laugh 3,2008,0,1,0,0,0,0,0,0,0,0,0,0,0,0,0,0,0,0,0
199049,The After,2014,1,0,0,0,0,0,0,0,0,1,0,0,0,0,0,1,0,0,0
283593,"Haunted, Horrifying Sounds from Beyond the Grave",2018,0,0,1,0,0,0,0,0,0,0,0,0,0,0,0,0,0,0,0
249426,The Sion Sono,2016,0,0,0,0,0,0,0,0,1,0,0,0,0,0,0,0,0,0,0
151363,I'm a Stranger Here Myself,1975,0,0,0,0,0,0,0,0,1,0,0,0,0,0,0,0,0,0,0
218173,That's My Boy,1951,0,1,0,0,0,0,0,0,0,0,0,0,0,0,0,0,0,0,0
190361,My Generation,2018,0,0,0,0,0,0,0,0,1,0,0,0,0,0,0,0,0,0,0
33229,"Angry Silence, The",1960,1,0,0,0,0,0,0,0,0,0,0,0,0,0,0,0,0,0,0
214806,Float,2019,1,0,0,0,0,0,0,0,0,0,0,0,0,1,1,0,0,0,0
7582,Old Acquaintance,1943,1,0,0,0,0,0,0,0,0,0,0,0,0,0,0,0,0,0,0
163915,The Raffle,1991,1,0,0,0,0,0,0,0,0,0,0,0,0,0,0,0,0,0,0
188025,Sparrow,1993,1,0,0,0,0,0,0,0,0,0,0,0,0,0,0,0,0,0,0
197105,Vechera na khutore bliz Dikanki,2001,0,0,0,0,0,0,0,0,0,0,0,0,0,1,0,0,0,0,0
110387,"Unknown Known, The",2013,0,0,0,0,0,0,0,0,1,0,0,0,0,0,0,0,0,0,0
160135,Miss Julie,2011,1,0,0,0,0,0,0,0,0,0,0,0,0,0,0,0,0,0,0
164280,Endless Poetry,2016,1,0,0,0,0,0,0,0,0,0,0,0,0,0,0,1,0,0,0
5466,My Wife is an Actress (Ma Femme est une Actrice),2001,1,1,0,0,0,0,0,0,0,0,0,0,1,0,0,0,0,0,0
108579,Samurai Cop,1989,0,0,0,1,1,0,0,0,0,0,0,0,0,0,0,0,0,0,0
246422,Three Sisters with Maiden Hearts,1935,1,0,0,0,0,0,0,0,0,0,0,0,0,0,0,0,0,0,0
194929,Constantine: City of Demons - The Movie,2018,0,0,0,0,0,0,0,0,0,0,0,0,0,0,1,0,0,0,0
183943,Podium,2004,0,1,0,0,0,0,0,0,0,0,0,0,0,0,0,0,0,0,0
279804,Klondike,2022,1,0,0,0,0,0,0,0,0,0,0,0,0,0,0,0,0,0,0
270550,The Musicians,1960,0,0,0,0,0,0,0,0,1,0,0,0,0,0,0,0,0,0,0
46325,Susan Lenox (Her Fall and Rise),1931,1,0,0,0,0,0,0,0,0,0,0,1,1,0,0,0,0,0,0
132350,Emotional Arithmetic,2007,1,0,0,0,0,0,0,0,0,0,0,0,0,0,0,0,0,0,0
101964,Mugabe and the White African,2009,0,0,0,0,0,0,0,0,1,0,0,0,0,0,0,0,0,0,0
279038,In Desert and Wilderness,2001,0,0,0,0,0,0,0,0,0,0,0,1,0,0,0,0,0,0,0
3469,Inherit the Wind,1960,1,0,0,0,0,0,0,0,0,0,0,0,0,0,0,0,0,0,0
199586,Midnight Traveler,2019,0,0,0,0,0,0,0,0,1,0,0,0,0,0,0,0,0,0,0
30850,"Merchant of Venice, The",2004,1,0,0,0,0,0,0,0,0,0,0,0,0,0,0,0,0,0,0
94076,Position Among The Stars (Stand van de Sterren),2010,0,0,0,0,0,0,0,0,1,0,0,0,0,0,0,0,0,0,0
50970,Myra Breckinridge,1970,0,1,0,0,0,0,0,0,0,0,0,0,0,0,0,0,0,0,0
161274,Cannibal Holocaust II,1988,0,0,1,0,0,0,0,0,0,0,0,1,0,0,0,0,0,0,0
167540,María (y los demás),2016,1,1,0,0,0,0,0,0,0,0,0,0,0,0,0,0,0,0,0
71931,5th Day of Peace (Dio è con noi),1969,1,0,0,0,0,0,1,0,0,0,0,0,0,0,0,0,0,0,0
147308,Vanished Empire,2008,1,0,0,0,0,0,0,0,0,0,0,0,1,0,0,0,0,0,0
252726,The Nanny Reunion: A Nosh to Remember,2004,0,1,0,0,0,0,0,0,0,0,0,0,0,0,0,0,0,0,0
287043,Blanquita,2023,1,0,0,0,0,0,0,0,0,0,0,0,0,0,0,0,0,0,0
208963,The Last Message,1975,0,1,0,0,0,0,0,0,0,0,0,0,0,0,0,0,0,0,0
209491,The Chromium Hook,2000,0,1,0,0,0,0,0,0,0,0,0,0,0,0,0,0,0,0,0
88954,"Very Harold & Kumar 3D Christmas, A",2011,0,1,0,0,0,0,0,0,0,0,0,0,0,0,0,0,0,0,0
184493,Entanglement,2018,1,1,0,0,0,0,0,0,0,0,0,0,0,0,0,0,0,0,0
57980,"Art of Negative Thinking, The (Kunsten å tenke negativt)",2006,1,1,0,0,0,0,0,0,0,0,0,0,0,0,0,0,0,0,0
187585,Angel Express,1999,1,0,0,0,0,0,0,0,0,0,0,0,0,0,0,0,0,0,0
253612,Nightlife,2020,0,1,0,0,0,0,0,0,0,0,0,0,1,0,0,0,0,0,0
182933,Steptoe and Son,1972,1,1,0,0,0,0,0,0,0,0,0,0,0,0,0,0,0,0,0
88468,Alpha and Omega,2010,0,1,0,0,0,0,0,0,0,0,0,1,1,1,1,0,0,0,0
121879,Method to the Madness of Jerry Lewis,2011,0,0,0,0,0,0,0,0,1,0,0,0,0,0,0,0,0,0,0
205941,Back to School,2019,0,1,0,0,0,0,0,0,0,0,0,0,0,0,0,0,0,0,0
135099,Fiasco in Milan,1959,0,1,0,0,0,0,0,0,0,0,0,0,0,0,0,0,0,0,0
131027,But Forever in My Mind,1999,1,1,0,0,0,0,0,0,0,0,0,0,0,0,0,0,0,0,0
165983,Man of the Forest,1933,0,0,0,0,1,1,0,0,0,0,0,0,0,0,0,0,0,0,0
228877,Tchaikovsky,1970,1,0,0,0,0,0,0,0,0,0,0,0,0,0,0,0,0,0,0
235647,Helene,2020,1,0,0,0,0,0,0,0,0,0,0,0,1,0,0,0,0,0,0
288143,Below the Deadline,1936,0,0,0,0,0,0,0,1,0,0,0,0,0,0,0,0,0,0,0
174207,The Unskillful Skater,1907,0,1,0,0,0,0,0,0,0,0,0,0,0,0,0,0,0,0,0
144060,Live From New York!,2015,0,1,0,0,0,0,0,0,1,0,0,0,0,0,0,0,0,0,0
171595,Countdown,2004,0,0,0,0,1,0,0,1,0,0,0,1,0,0,0,0,0,0,0
261821,Branded Men,1931,0,0,0,0,0,1,0,0,0,0,0,0,1,0,0,0,0,0,0
225747,Tiger Trappers,1994,0,0,0,0,0,0,0,0,0,0,0,1,0,0,0,0,0,0,0
168522,True Love and Chaos,1997,1,0,0,0,0,0,0,1,0,0,0,0,0,0,0,0,0,0,0
59114,Pulp,1972,0,1,0,1,0,0,0,0,0,0,0,0,0,0,0,0,0,0,0
129044,"Ilsa, the Wicked Warden",1977,1,0,1,0,0,0,0,0,0,0,0,0,0,0,0,0,0,0,0
152850,Pitbull,2005,0,0,0,0,1,0,0,1,0,0,0,0,0,0,0,0,0,0,0
222157,Don't Go Breaking My Heart 2,2014,0,1,0,0,0,0,0,0,0,0,0,0,1,0,0,0,0,0,0
281826,The Christmas Cure,2017,1,0,0,0,0,0,0,0,0,0,0,0,1,0,0,0,0,0,0
217023,Here We Are: Notes for Living on Planet Earth,2020,0,0,0,0,0,0,0,0,0,0,0,0,0,1,1,0,0,0,0
56167,Om Shanti Om,2007,1,0,0,0,1,0,0,0,0,0,0,0,1,0,0,0,0,1,0
236663,Join the Marines,1937,0,0,0,0,1,0,0,0,0,0,0,0,0,0,0,0,0,0,0
204166,Monster Island,2019,0,0,0,0,1,0,0,0,0,0,1,0,0,0,0,0,0,0,0
287741,Boblo Boats: A Detroit Ferry Tale,2021,0,0,0,0,0,0,0,0,1,0,0,0,0,0,0,0,0,0,0
211782,Primera Comunión,1969,1,0,0,0,0,0,0,0,0,0,0,0,0,1,0,0,0,0,0
44241,Leprechaun 3,1995,0,1,1,0,0,0,0,0,0,0,0,0,0,0,0,1,0,0,0
186005,Book Club,2018,0,1,0,0,0,0,0,0,0,0,0,0,1,0,0,0,0,0,0
166695,The Untold Story of Emmett Louis Till,2005,0,0,0,0,0,0,0,0,1,0,0,0,0,0,0,0,0,0,0
281624,Hidden,2020,0,0,0,0,0,0,0,0,1,0,0,0,0,0,0,0,0,0,0
289621,The Small Victories,2023,0,1,0,0,0,0,0,0,0,0,0,0,0,0,0,0,0,0,0
80947,Bran Nue Dae,2009,0,1,0,0,0,0,0,0,0,0,0,0,0,0,0,0,0,1,0
181047,Villain,2017,0,0,0,1,1,0,0,1,0,0,0,0,0,0,0,0,0,0,0
272429,Hollywood Banker,2014,0,0,0,0,0,0,0,0,1,0,0,0,0,0,0,0,0,0,0
197141,The Standoff at Sparrow Creek,2019,1,0,0,1,0,0,0,0,0,1,0,0,0,0,0,0,0,0,0
168348,Headshot,2016,0,0,0,1,1,0,0,0,0,0,0,0,0,0,0,0,0,0,0
224515,"Rembrandt: From the National Gallery, London and Rijksmuseum, Amsterdam",2014,0,0,0,0,0,0,0,0,1,0,0,0,0,0,0,0,0,0,0
189169,Ugly Nasty People,2017,0,1,0,0,0,0,0,0,0,0,0,0,0,0,0,0,0,0,0
128293,The Green Mare,1959,0,1,0,0,0,0,0,0,0,0,0,0,0,0,0,0,0,0,0
128417,Arabella: Black Angel,1989,0,0,0,0,0,0,0,1,0,0,0,0,0,0,0,0,0,0,0
91037,From Beyond the Grave (Creatures),1974,0,0,1,0,0,0,0,0,0,0,0,0,0,0,0,0,0,0,0
165767,Courage for Every Day,1964,1,0,0,0,0,0,0,0,0,0,0,0,0,0,0,0,0,0,0
181057,The Tit and the Moon,1994,1,1,0,0,0,0,0,0,0,0,0,0,0,0,0,0,0,0,0
117452,Tied,2013,1,0,0,0,0,0,0,0,0,0,0,0,0,0,0,0,0,0,0
223198,A Million in a Wedding Basket,1985,0,1,0,0,0,0,0,0,0,0,0,0,0,0,0,0,0,0,0
252086,I'm Your Man,2021,0,1,0,0,0,0,0,0,0,0,1,0,1,0,0,0,0,0,0
207672,Bajo el mismo techo,2019,0,1,0,0,0,0,0,0,0,0,0,0,0,0,0,0,0,0,0
490,Malice,1993,0,0,0,1,0,0,0,0,0,0,0,0,0,0,0,0,0,0,0
140801,Kano,2014,1,0,0,0,0,0,0,0,0,0,0,0,0,0,0,0,0,0,0
189911,Todd McFarlane's Spawn,1997,0,0,1,0,1,0,0,0,0,0,0,0,0,0,1,0,0,0,0
186839,The 4th Company,2016,1,0,0,0,1,0,0,1,0,0,0,0,0,0,0,0,0,0,0
168910,Come Together,2016,1,1,0,0,0,0,0,0,0,0,0,0,0,1,0,0,0,0,0
218715,Lost Bullet,2020,0,0,0,1,1,0,0,1,0,0,0,0,0,0,0,0,0,0,0
188545,Horror Stories,2012,0,0,1,1,0,0,0,0,0,0,0,0,0,0,0,0,0,0,0
218993,Do Not Be Deceived,2018,0,0,0,1,0,0,0,0,0,1,0,0,0,0,0,0,0,0,0
116451,Frisco Kid,1935,0,0,0,0,0,0,0,0,0,0,0,1,1,0,0,0,0,0,0
162818,Blood on the Land,1966,1,0,0,0,0,0,0,0,0,0,0,1,0,0,0,0,0,0,0
84506,Silent Souls (Ovsyanki),2010,1,0,0,0,0,0,0,0,0,0,0,0,0,0,0,0,0,0,0
4735,Ghosts of Mars,2001,0,0,1,1,0,0,0,0,0,0,1,0,0,0,0,0,0,0,0
26429,Love at First Bite,1979,0,1,1,0,0,0,0,0,0,0,0,0,1,0,0,0,0,0,0
7621,Vengo,2000,1,0,0,0,0,0,0,0,0,0,0,0,0,0,0,0,0,1,0
193339,X Moor,2014,0,0,1,1,0,0,0,0,0,0,0,0,0,0,0,0,0,0,0
140108,Yakuza Apocalypse,2015,0,0,1,0,1,0,0,0,0,0,0,0,0,0,0,0,0,0,0
254742,"Darling, How Could You!",1951,0,1,0,0,0,0,0,0,0,0,0,0,0,0,0,0,0,0,0
61289,Sukiyaki Western Django,2008,0,0,0,0,1,1,0,0,0,0,0,0,0,0,0,0,0,0,0
251660,Erica,2019,1,0,1,1,1,0,0,1,0,1,0,1,0,0,0,0,0,0,0
162510,Seven Sinners,1936,0,0,0,1,0,0,0,1,0,0,0,0,0,0,0,0,0,0,0
280382,Carajita,2021,1,0,0,0,0,0,0,0,0,0,0,0,0,0,0,0,0,0,0
2972,Red Sorghum (Hong gao liang),1987,1,0,0,0,0,0,1,0,0,0,0,0,0,0,0,0,0,0,0
159692,The Good Witch,2008,1,0,0,0,0,0,0,0,0,0,0,0,0,1,0,1,0,0,0
125143,"Cossacks, The",1928,1,0,0,0,1,0,1,0,0,0,0,0,1,0,0,0,0,0,0
26908,"Passion of Darkly Noon, The",1995,1,0,0,1,0,0,0,0,0,1,0,0,0,0,0,0,0,0,0
8987,Bush's Brain,2004,0,0,0,0,0,0,0,0,1,0,0,0,0,0,0,0,0,0,0
265042,Within the Woods,2005,0,0,1,0,0,0,0,0,0,0,0,0,0,0,0,0,0,0,0
205998,Culture Shock,2019,0,0,1,1,0,0,0,0,0,0,0,0,0,0,0,0,0,0,0
160388,"The Strange History of Don't Ask, Don't Tell",2011,1,0,0,0,0,0,0,0,0,0,0,0,0,0,0,0,0,0,0
147268,Hornblower: The Even Chance,1998,1,0,0,0,1,0,1,0,0,0,0,1,0,0,0,0,0,0,0
187563,Fruits of Passion,1981,1,0,0,0,0,0,0,0,0,0,0,0,0,0,0,0,0,0,0
152196,The Wife He Met Online,2012,0,0,0,1,0,0,0,0,0,0,0,0,0,0,0,0,0,0,0
168938,G.I. Samurai,1979,0,0,0,0,1,0,1,0,0,0,1,0,0,0,0,0,0,0,0
53974,License to Wed,2007,0,1,0,0,0,0,0,0,0,0,0,0,1,0,0,0,0,0,0
135510,Buster and Billie,1974,1,0,0,0,0,0,0,1,0,0,0,0,0,0,0,0,0,0,0
154202,Trench of Hope,2003,1,0,0,0,0,0,0,0,0,0,0,0,0,0,0,0,0,0,0
31903,Zelary,2003,1,0,0,0,0,0,0,0,0,0,0,0,1,0,0,0,0,0,0
179129,The Sound,2017,0,0,1,1,0,0,0,0,0,1,0,0,0,0,0,0,0,0,0
252596,Fingerprints,2006,0,0,1,1,0,0,0,0,0,1,0,0,0,0,0,0,0,0,0
139283,The Hanged Man,2007,0,0,0,1,0,0,0,0,0,1,0,0,0,0,0,0,0,0,0
92522,Frisco Jenny,1932,1,0,0,0,0,0,0,0,0,0,0,0,0,0,0,0,0,0,0
181697,The Hidden Half,2001,1,0,0,0,0,0,0,0,0,0,0,0,0,0,0,0,0,0,0
46716,Knock on Any Door,1949,1,0,0,0,0,0,0,1,0,0,0,0,0,0,0,0,0,0,1
139455,The Cloth,2013,0,0,1,0,1,0,0,0,0,0,0,0,0,0,0,1,0,0,0
72405,Bad Lieutenant: Port of Call New Orleans,2009,1,0,0,0,0,0,0,1,0,0,0,0,0,0,0,0,0,0,0
6755,Bubba Ho-tep,2002,0,1,1,0,0,0,0,0,0,0,0,0,0,0,0,0,0,0,0
127146,Kurt Cobain: Montage of Heck,2015,0,0,0,0,0,0,0,0,1,0,0,0,0,0,0,0,0,0,0
1631,"Assignment, The",1997,0,0,0,1,1,0,0,0,0,0,0,0,0,0,0,0,0,0,0
88823,High Time (Big Daddy),1960,0,1,0,0,0,0,0,0,0,0,0,0,0,0,0,0,0,1,0
254602,Project Christmas Wish,2020,0,0,0,0,0,0,0,0,0,0,0,0,1,0,0,0,0,0,0
218689,Altar,2017,0,0,1,0,0,0,0,0,0,0,0,0,0,0,0,0,0,0,0
177407,Father Brown,1954,0,1,0,0,0,0,0,1,0,0,0,0,0,0,0,0,0,0,0
195817,Dating My Mother,2017,0,1,0,0,0,0,0,0,0,0,0,0,0,0,0,0,0,0,0
180959,The Bribe of Heaven,2016,0,1,0,0,0,0,0,0,0,0,0,0,0,0,0,0,0,0,0
67744,With Fire and Sword (Ogniem i mieczem),1999,1,0,0,0,0,0,1,1,0,0,0,1,1,0,0,0,0,0,0
132870,Hearts and Armour,1983,0,0,0,0,1,0,0,0,0,0,0,1,0,0,0,1,0,0,0
100044,Human Planet,2011,0,0,0,0,0,0,0,0,1,0,0,0,0,0,0,0,0,0,0
1960,"Last Emperor, The",1987,1,0,0,0,0,0,0,0,0,0,0,0,0,0,0,0,0,0,0
151991,Rugged Gold,1994,1,0,0,0,0,0,0,0,0,0,0,1,0,1,0,0,0,0,0
48530,"Hawaii, Oslo",2004,1,0,0,0,0,0,0,0,0,0,0,0,0,0,0,0,0,0,0
103339,White House Down,2013,1,0,0,1,1,0,0,0,0,0,0,0,0,0,0,0,1,0,0
239466,The New Twenty,2009,1,0,0,0,0,0,0,0,0,0,0,0,0,0,0,0,0,0,0
229481,Night of the Kings,2020,1,0,0,0,0,0,0,0,0,0,0,0,0,0,0,0,0,0,0
25962,King Solomon's Mines,1950,0,0,0,0,1,0,0,0,0,0,0,1,1,0,0,0,0,0,0
131870,Nightmare Weekend,1986,0,0,1,0,0,0,0,0,0,0,1,0,0,0,0,0,0,0,0
78536,In the Beginning (À l'Origine),2009,1,0,0,0,0,0,0,0,0,0,0,0,0,0,0,0,0,0,0
166128,Dr. Broadway,1942,1,0,0,0,0,0,0,1,0,1,0,0,0,0,0,0,0,0,0
252082,Hollyhock,1954,1,1,0,0,0,0,0,0,0,0,0,0,0,0,0,0,0,0,0
167256,Her Senior,2015,1,0,0,0,0,0,0,0,0,0,0,0,1,0,0,0,0,0,0
79901,"Danse: The Paris Opera Ballet, La (La Danse - Le ballet de l'Opéra de Paris)",2009,0,0,0,0,0,0,0,0,1,0,0,0,0,0,0,0,0,0,0
5744,Four Friends (a.k.a. Georgia's Friends),1981,1,0,0,0,0,0,0,0,0,0,0,0,0,0,0,0,0,0,0
292529,Something to Remind Me,2002,1,0,0,1,0,0,0,0,0,0,0,0,0,0,0,0,0,0,0
283653,Wallander 31 - The Arsonist,2013,0,0,0,1,0,0,0,1,0,0,0,0,0,0,0,0,0,0,0
109072,Sabotage,2014,1,0,0,0,1,0,0,1,0,0,0,0,0,0,0,0,0,0,0
204044,Zombiepura,2018,0,1,1,0,0,0,0,0,0,0,0,0,0,0,0,0,0,0,0
279068,Land of Dreams,2022,0,1,0,0,0,0,0,0,0,0,0,0,0,0,0,0,0,0,0
225980,Killa Season,2006,1,1,0,1,0,0,0,1,0,0,0,0,0,0,0,0,0,0,0
175899,Upperdog,2009,1,1,0,0,0,0,0,0,0,0,0,0,0,0,0,0,0,0,0
177435,Moving,1993,1,0,0,0,0,0,0,0,0,0,0,0,0,0,0,0,0,0,0
184663,Rosa: The Movie,2007,0,1,0,0,0,0,0,0,0,0,0,0,0,1,0,0,0,0,0
258847,Modalità aereo,2019,0,1,0,0,0,0,0,0,0,0,0,0,0,0,0,0,0,0,0
114066,"20,000 Days on Earth",2014,1,0,0,0,0,0,0,0,1,0,0,0,0,0,0,0,0,1,0
135007,Will Our Heroes Be Able to Find Their Friend Who Has Mysteriously Disappeared in Africa?,1968,0,1,0,0,0,0,0,0,0,0,0,1,0,0,0,1,0,0,0
967,"Outlaw, The",1943,0,0,0,0,0,1,0,0,0,0,0,0,0,0,0,0,0,0,0
25842,Topper,1937,0,1,0,0,0,0,0,0,0,0,0,0,1,0,0,1,0,0,0
3035,Mister Roberts,1955,1,1,0,0,0,0,1,0,0,0,0,0,0,0,0,0,0,0,0
239322,Income Tax Sappy,1954,0,1,0,0,0,0,0,0,0,0,0,0,0,0,0,0,0,0,0
137986,The Initiation of Sarah,2006,1,0,1,1,0,0,0,0,0,0,0,0,0,0,0,0,0,0,0
272991,Sal,2012,1,0,0,0,0,1,0,0,0,0,0,0,0,0,0,0,0,0,0
39857,Nordkraft,2005,1,0,0,0,0,0,0,1,0,0,0,0,1,0,0,0,0,0,0
131206,Calling Dr. Kildare,1939,1,0,0,0,0,0,0,1,0,0,0,0,0,0,0,0,0,0,0
129364,Every Thing Will Be Fine,2015,1,0,0,0,0,0,0,0,0,0,0,0,0,0,0,0,0,0,0
68498,"Girl from Monaco, The (fille de Monaco, La)",2008,1,1,0,0,0,0,0,0,0,0,0,0,0,0,0,0,0,0,0
268762,Arctic Void,2022,0,0,0,1,0,0,0,0,0,0,1,0,0,0,0,0,0,0,0
569,Little Big League,1994,1,1,0,0,0,0,0,0,0,0,0,0,0,0,0,0,0,0,0
158842,My Scientology Movie,2016,0,0,0,0,0,0,0,0,1,0,0,0,0,0,0,0,0,0,0
101319,Operation Daybreak,1975,0,0,0,0,0,0,1,0,0,0,0,0,0,0,0,0,0,0,0
86927,No Time for Love,1943,0,1,0,0,0,0,0,0,0,0,0,0,1,0,0,0,0,0,0
218503,Dave Chappelle: The Kennedy Center Mark Twain Prize,2020,0,1,0,0,0,0,0,0,0,0,0,0,0,0,0,0,0,0,0
52088,Dreamland,2006,1,0,0,0,0,0,0,0,0,0,0,0,0,0,0,0,0,0,0
158254,Kindergarten Cop 2,2016,0,1,0,0,1,0,0,0,0,0,0,0,0,0,0,0,0,0,0
48394,"Pan's Labyrinth (Laberinto del fauno, El)",2006,1,0,0,1,0,0,0,0,0,0,0,0,0,0,0,1,0,0,0
144994,The Secret Life of Plants,1979,0,0,0,0,0,0,0,0,1,0,0,0,0,0,0,0,0,0,0
33585,9 Songs,2004,1,0,0,0,0,0,0,0,0,0,0,0,1,0,0,0,0,0,0
258855,John's Not Mad,1989,0,0,0,0,0,0,0,0,1,0,0,0,0,0,0,0,0,0,0
189747,Why I Did (Not) Eat My Father,2015,0,1,0,0,0,0,0,0,0,0,0,1,0,0,1,0,0,0,0
196039,On Your Wedding Day,2018,0,0,0,0,0,0,0,0,0,0,0,0,1,0,0,0,0,0,0
247710,The Prayer Box,2018,1,0,0,0,0,0,0,0,0,0,0,0,0,1,0,0,0,0,0
94653,Creature,2011,0,0,1,0,0,0,0,0,0,0,0,0,0,0,0,0,0,0,0
217753,"Exorcism at 60,000 Feet",2019,0,1,1,0,0,0,0,0,0,0,0,0,0,0,0,0,0,0,0
174417,The Law Is the Law,1958,0,1,0,0,0,0,0,0,0,0,0,0,0,0,0,0,0,0,0
79337,Downstairs,1932,1,0,0,0,0,0,0,0,0,0,0,0,0,0,0,0,0,0,0
121113,Shriek If You Know What I Did Last Friday the Thirteenth,2000,0,1,1,0,0,0,0,0,0,0,0,0,0,0,0,0,0,0,0
159061,The Wailing,2016,0,0,0,1,0,0,0,0,0,1,0,0,0,0,0,0,0,0,0
111345,Gods of the Plague (Götter der Pest),1970,1,0,0,0,0,0,0,1,0,0,0,0,0,0,0,0,0,0,0
1677,Critical Care,1997,1,1,0,0,0,0,0,0,0,0,0,0,0,0,0,0,0,0,0
95305,Taxi Hunter (Di shi pan guan),1993,0,0,0,0,1,0,0,0,0,0,0,0,0,0,0,0,0,0,0
226964,Phobidilia,2009,1,0,0,0,0,0,0,0,0,0,0,0,0,0,0,0,0,0,0
182903,Boss Nigger,1975,0,0,0,0,1,1,0,1,0,0,0,0,0,0,0,0,0,0,0
239346,The Illegal,2019,1,0,0,0,0,0,0,0,0,0,0,0,0,0,0,0,0,0,0
3623,Mission: Impossible II,2000,0,0,0,1,1,0,0,0,0,0,0,1,0,0,0,0,0,0,0
229161,The Legend of Frenchie King,1971,0,1,0,0,0,1,0,0,0,0,0,0,0,0,0,0,0,0,0
117676,El Gringo,2012,1,0,0,0,1,0,0,0,0,0,0,0,0,0,0,0,0,0,0
199552,The New Adventures of Pinocchio,1999,0,0,0,0,0,0,0,0,0,0,0,0,0,1,0,0,0,0,0
164947,Clean Hands,2015,1,0,0,1,0,0,0,1,0,0,0,0,0,0,0,0,0,0,0
209519,El ojo de cristal,1956,0,0,0,1,0,0,0,1,0,0,0,0,0,0,0,0,0,0,0
245392,When Angels Come to Town,2004,1,0,0,0,0,0,0,0,0,0,0,0,0,1,0,1,0,0,0
168060,Rings,2017,0,0,1,0,0,0,0,0,0,0,0,0,0,0,0,0,0,0,0
218405,A Life of Speed: The Juan Manuel Fangio Story,2020,0,0,0,0,0,0,0,0,1,0,0,0,0,0,0,0,0,0,0
282841,Act of Nature,2010,1,0,0,0,0,0,0,0,0,0,0,0,0,0,0,0,0,0,0
270216,Star Wars: Origins,2019,0,0,0,0,1,0,0,0,0,0,1,1,0,0,0,0,0,0,0
120128,Everything I Can See From Here,2013,1,0,0,0,0,0,0,0,0,0,1,1,0,0,1,0,0,0,0
83437,"Young in Heart, The",1938,1,1,0,0,0,0,0,0,0,0,0,0,0,0,0,0,0,0,0
261687,The Velvet Underground,2021,0,0,0,0,0,0,0,0,1,0,0,0,0,0,0,0,0,0,0
127017,The Man They Could Not Hang,1939,0,0,1,0,0,0,0,1,0,0,1,0,0,0,0,0,0,0,0
196357,The Song of Sway Lake,2017,1,0,0,0,0,0,0,0,0,0,0,0,0,0,0,0,0,0,0
100562,"Goddess of 1967, The",1967,1,1,0,0,0,0,0,0,0,0,0,0,1,0,0,0,0,0,0
135274,The Luck of the Irish,2001,0,1,0,0,0,0,0,0,0,0,0,1,0,1,0,0,0,0,0
138696,Hands in the Air,2010,1,1,0,0,0,0,0,0,0,0,0,0,1,0,0,0,0,0,0
260307,Your Studio and You,1995,0,1,0,0,0,0,0,0,1,0,0,0,0,0,0,0,0,0,0
192095,Einstein-Rosen,2016,0,1,0,0,0,0,0,0,0,0,0,0,0,0,0,1,0,0,0
78342,Wonderful World,2009,1,0,0,0,0,0,0,0,0,0,0,0,1,0,0,0,0,0,0
155523,Stuck on You!,1982,0,1,0,0,0,0,0,0,0,0,0,0,1,0,0,0,0,0,0
115166,Snakes and Earrings (Hebi ni piasu),2008,1,0,0,1,0,0,0,0,0,0,0,0,0,0,0,0,0,0,0
218911,Off The Menu,2018,0,1,0,0,0,0,0,0,0,0,0,0,1,0,0,0,0,0,0
204854,Toxic Crusaders: The Movie,1997,0,1,0,0,0,0,0,0,0,0,0,0,0,0,1,0,0,0,0
175805,An Up-to-Date Conjurer,1899,0,1,0,0,0,0,0,0,0,0,0,0,0,0,0,0,0,0,0
211316,Beach Babes from Beyond,1993,0,1,0,0,0,0,0,0,0,0,1,0,0,0,0,0,0,0,0
246906,Hero Dog: The Journey Home,2021,0,0,0,0,0,0,0,0,0,0,0,1,0,0,0,0,0,0,0
7364,Intermission,2003,1,1,0,0,0,0,0,1,0,0,0,0,0,0,0,0,0,0,0
215081,The Dazzled,2019,1,0,0,0,0,0,0,0,0,0,0,0,0,0,0,0,0,0,0
272097,The Wedding Veil Legacy,2022,0,1,0,0,0,0,0,0,0,0,0,0,1,0,0,0,0,0,0
216487,The Way You Look Tonight,2019,0,0,0,0,0,0,0,0,0,0,0,0,1,0,0,1,0,0,0
152994,Kalyug,2005,0,0,0,1,0,0,0,0,0,0,0,0,0,0,0,0,0,0,0
164435,Marquis de Sade: Justine,1969,1,0,1,0,0,0,0,0,0,0,0,0,0,0,0,0,0,0,0
4919,Subway,1985,1,0,0,1,0,0,0,1,0,0,0,0,1,0,0,0,0,0,0
1017,Swiss Family Robinson,1960,0,0,0,0,0,0,0,0,0,0,0,1,0,1,0,0,0,0,0
157228,El juego de la verdad,2004,1,1,0,0,0,0,0,0,0,0,0,0,1,0,0,0,0,0,0
4330,"Scarlet Empress, The",1934,1,0,0,0,0,0,0,0,0,0,0,0,0,0,0,0,0,0,0
26400,Gates of Heaven,1978,0,0,0,0,0,0,0,0,1,0,0,0,0,0,0,0,0,0,0
283135,Ritual,2022,0,0,0,1,0,0,0,0,0,0,0,0,0,0,0,0,0,0,0
173821,Choice of Purpose,1975,1,0,0,0,0,0,0,0,0,0,0,0,0,0,0,0,0,0,0
228053,Home for Harvest,2019,0,0,0,0,0,0,0,0,0,0,0,0,1,0,0,0,0,0,0
52016,Nomad (Köshpendiler),2005,1,0,0,0,0,0,1,0,0,0,0,0,0,0,0,0,0,0,0
4422,Cries and Whispers (Viskningar och rop),1972,1,0,0,0,0,0,0,0,0,0,0,0,0,0,0,0,0,0,0
66246,Numbskull Emptybrook (Uuno Turhapuro),1973,0,1,0,0,0,0,0,0,0,0,0,0,0,0,0,0,0,0,0
202415,When Angels Sleep,2018,1,0,0,1,0,0,0,0,0,0,0,0,0,0,0,0,0,0,0
118490,The Shock,1982,0,0,0,1,1,0,0,1,0,0,0,0,1,0,0,0,0,0,0
180303,In the Mouth of the Wolf,1988,1,0,0,0,1,0,1,0,0,0,0,0,0,0,0,0,0,0,0
282453,Make People Better,2022,0,0,0,0,0,0,0,0,1,0,0,0,0,0,0,0,0,0,0
202449,A Brother's Love,2019,1,0,0,0,0,0,0,0,0,0,0,0,0,0,0,0,0,0,0
199394,Alad'2,2018,0,1,0,0,0,0,0,0,0,0,0,0,0,0,0,0,0,0,0
6340,Only the Strong Survive - A Celebration of Soul,2002,0,0,0,0,0,0,0,0,1,0,0,0,0,0,0,0,0,1,0
206700,Hex,2019,0,0,1,1,0,0,0,0,0,0,0,0,0,0,0,0,0,0,0
1178,Paths of Glory,1957,1,0,0,0,0,0,1,0,0,0,0,0,0,0,0,0,0,0,0
1134,Johnny 100 Pesos (Johnny cien pesos),1993,1,0,0,0,1,0,0,0,0,0,0,0,0,0,0,0,0,0,0
151757,Fly Me,1973,1,0,0,0,1,0,0,0,0,0,0,0,0,0,0,0,0,0,0
191435,Aimless Bullet,1961,1,0,0,0,0,0,0,0,0,0,0,0,0,0,0,0,0,0,0
95567,People Like Us,2012,1,0,0,0,0,0,0,0,0,0,0,0,0,0,0,0,0,0,0
129779,Ghost in the Shell Arise - Border 1: Ghost Pain,2013,0,0,0,0,1,0,0,0,0,0,1,0,0,0,1,0,0,0,0
120899,Wolf! Wolf!,1992,0,1,0,0,0,0,0,0,0,0,0,0,0,0,0,0,0,0,0
60336,Bad Blood (Mauvais sang),1986,1,0,0,0,0,0,0,1,0,0,0,0,1,0,0,0,0,0,0
110629,All American Chump,1936,0,1,0,0,0,0,0,0,0,0,0,0,0,0,0,0,0,0,0
176617,Zakoldovannyy Malchik,1955,0,0,0,0,0,0,0,0,0,0,0,0,0,0,1,1,0,0,0
208265,Rolli and the Golden Key,2013,0,0,0,0,0,0,0,0,0,0,0,1,0,0,0,0,0,0,0
136846,The Phantom Planet,1961,0,0,0,0,0,0,0,0,0,0,1,0,0,0,0,0,0,0,0
178911,A Dream Walking,1934,0,1,0,0,0,0,0,0,0,0,0,0,0,0,1,0,0,0,0
178351,The Path of Hope,1950,1,0,0,0,0,0,0,0,0,0,0,0,0,0,0,0,0,0,0
167958,Hitler's Olympics,NA,0,0,0,0,0,0,0,0,1,0,0,0,0,0,0,0,0,0,0
141181,Cheyenne,1947,0,0,0,0,0,1,0,0,0,0,0,0,0,0,0,0,0,0,0
83446,Orchestra Wives,1942,0,0,0,0,0,0,0,0,0,0,0,0,0,0,0,0,0,1,0
126160,The Last Diamond,2014,1,0,0,0,0,0,0,0,0,0,0,0,0,0,0,0,0,0,0
170689,The Kids Are Alright,1979,0,0,0,0,0,0,0,0,1,0,0,0,0,0,0,0,0,0,0
276641,Three from the Gasoline Station,1955,0,1,0,0,0,0,0,0,0,0,0,0,1,0,0,0,0,0,0
199594,Los Silencios,2019,1,0,0,0,0,0,0,0,0,0,0,0,0,0,0,0,0,0,0
138304,Come Dio comanda,2008,1,0,0,0,0,0,0,0,0,0,0,0,0,0,0,0,0,0,0
159177,King Jack,2015,0,0,0,0,0,0,0,0,0,0,0,1,0,0,0,0,0,0,0
187661,Daddy,2017,1,0,0,0,0,0,0,1,0,0,0,0,0,0,0,0,0,0,0
189937,Stuff,2015,1,0,0,0,0,0,0,0,0,0,0,0,1,0,0,0,0,0,0
3323,Chain of Fools,2000,0,1,0,0,0,0,0,1,0,0,0,0,0,0,0,0,0,0,0
223348,The Legend of the Stardust Brothers,1985,0,1,0,0,0,0,0,0,0,0,1,0,1,0,0,1,0,0,0
133049,Wartime,1986,0,0,0,0,0,0,1,0,0,0,0,1,0,0,0,0,0,0,0
129344,Hysteria: The Def Leppard Story,2001,1,0,0,0,0,0,0,0,0,0,0,0,0,0,0,0,0,0,0
4592,"Experts, The",1989,0,1,0,0,0,0,0,0,0,0,0,0,0,0,0,0,0,0,0
55205,Interview,2007,1,0,0,0,0,0,0,0,0,0,0,0,0,0,0,0,0,0,0
4853,Brannigan,1975,0,0,0,0,1,0,0,0,0,0,0,0,0,0,0,0,0,0,0
1476,Private Parts,1997,1,1,0,0,0,0,0,0,0,0,0,0,0,0,0,0,0,0,0
129784,Xuxa in Crystal Moon,1990,0,1,0,0,0,0,0,0,0,0,0,0,1,1,0,0,0,0,0
271076,Afghan Muscles,2006,0,0,0,0,0,0,0,0,1,0,0,0,0,0,0,0,0,0,0
208647,Deadcon,2019,0,0,1,0,0,0,0,0,0,0,0,0,0,0,0,0,0,0,0
53024,Jonestown: The Life and Death of Peoples Temple,2006,0,0,0,0,0,0,0,0,1,0,0,0,0,0,0,0,0,0,0
131882,Just The Way You Are,1984,0,1,0,0,0,0,0,0,0,0,0,0,1,0,0,0,0,0,0
159311,Someone to Run With,2006,1,0,0,0,0,0,0,0,0,0,0,1,0,0,0,0,0,0,0
179725,Princess,2008,0,0,0,0,0,0,0,0,0,0,0,0,0,1,0,1,0,0,0
107262,Zatoichi and the Doomed Man (Zatôichi sakate giri) (Zatôichi 11),1965,1,0,0,0,1,0,0,0,0,0,0,0,0,0,0,0,0,0,0
249328,Follow Me,2017,0,0,0,0,0,0,0,0,1,0,0,0,0,0,0,0,0,0,0
165219,Max Steel,2016,0,0,0,0,1,0,0,0,0,0,1,1,0,0,0,0,0,0,0
26834,Philadelphia Experiment II,1993,0,0,0,0,1,0,0,0,0,0,1,1,0,0,0,0,0,0,0
276901,My Name Is Andrea,2022,0,0,0,0,0,0,0,0,1,0,0,0,0,0,0,0,0,0,0
88015,Elvis,1979,1,0,0,0,0,0,0,0,0,0,0,0,0,0,0,0,0,0,0
113214,1,2013,0,0,0,0,0,0,0,0,1,0,0,0,0,0,0,0,0,0,0
131856,Outing Riley,2004,0,1,0,0,0,0,0,0,0,0,0,0,0,0,0,0,0,0,0
212056,Life in Denmark,1972,0,0,0,0,0,0,0,0,1,0,0,0,0,0,0,0,0,0,0
2899,Gulliver's Travels,1939,0,0,0,0,0,0,0,0,0,0,0,1,0,1,1,0,0,0,0
130748,Ghosts Can't Do It,1989,0,1,0,0,1,0,0,0,0,0,1,0,1,0,0,1,0,0,0
190263,The Redemption of the Devil,2015,0,0,0,0,0,0,0,0,1,0,0,0,0,0,0,0,0,0,0
178611,1 Journée,2007,1,0,0,0,0,0,0,0,0,0,0,0,0,0,0,0,0,0,0
281942,Salt in My Soul,2022,0,0,0,0,0,0,0,0,1,0,0,0,0,0,0,0,0,0,0
210273,Section 375,2019,1,0,0,1,0,0,0,1,0,0,0,0,0,0,0,0,0,0,0
101590,"Beautiful Life, A",2008,1,0,0,0,0,0,0,0,0,0,0,0,0,0,0,0,0,0,0
221564,Unbreakable Kimmy Schmidt: Kimmy vs. the Reverend,2020,0,1,0,0,0,0,0,0,0,0,0,0,0,0,0,0,0,0,0
77364,"Losers, The",2010,1,0,0,1,1,0,0,0,0,1,0,1,0,0,0,0,0,0,0
90697,Doc,1971,0,0,0,0,0,1,0,0,0,0,0,0,0,0,0,0,0,0,0
182045,Dog Watch,1945,0,0,0,0,0,0,0,0,0,0,0,0,0,0,1,0,0,0,0
38159,"Short Film About Love, A (Krótki film o milosci)",1988,1,0,0,0,0,0,0,0,0,0,0,0,1,0,0,0,0,0,0
234869,The Return of the Native,1994,1,0,0,0,0,0,0,0,0,0,0,0,1,0,0,0,0,0,0
116345,Dakota's Summer,2014,0,0,0,0,0,0,0,0,0,0,0,0,0,1,0,0,0,0,0
217079,Patton Oswalt: I Love Everything,2020,0,1,0,0,0,0,0,0,0,0,0,0,0,0,0,0,0,0,0
228229,Kamen Rider OOO Wonderful: The Shogun and the 21 Core Medals,2011,0,0,0,0,1,0,0,0,0,0,1,1,0,0,0,0,0,0,0
178967,"The Lion, the Witch and the Wardrobe",1979,0,0,0,0,0,0,0,0,0,0,0,0,0,1,1,0,0,0,0
212359,37 Seconds,2019,1,0,0,0,0,0,0,0,0,0,0,0,0,0,0,0,0,0,0
4560,Watchers,1988,0,0,1,0,0,0,0,0,0,0,1,0,0,0,0,0,0,0,0
116307,You're Not You,2014,1,0,0,0,0,0,0,0,0,0,0,0,0,0,0,0,0,0,0
31364,Memories of Murder (Salinui chueok),2003,1,0,0,1,0,0,0,1,0,1,0,0,0,0,0,0,0,0,0
154009,Ora o mai più,2003,0,1,0,0,0,0,0,0,0,0,0,0,0,0,0,0,0,0,0
266526,A Clüsterfünke Christmas,2021,0,1,0,0,0,0,0,0,0,0,0,0,0,0,0,0,0,0,0
3785,Scary Movie,2000,0,1,1,0,0,0,0,0,0,0,0,0,0,0,0,0,0,0,0
56331,As Far As My Feet Will Carry Me (So weit die Füße tragen),2001,1,0,0,0,0,0,1,0,0,0,0,0,0,0,0,0,0,0,0
77344,Chizuko's Younger Sister (Futari),1991,1,0,0,0,0,0,0,0,0,0,0,0,0,0,0,0,0,0,0
285133,Swingers,2022,0,1,0,0,0,0,0,0,0,0,0,0,1,0,0,0,0,0,0
58783,Youth Without Youth,2007,1,0,0,0,0,0,0,0,0,0,1,0,1,0,0,0,0,0,0
258059,Saravanan Irukka Bayamaen,2017,0,1,0,0,0,0,0,0,0,0,0,0,1,0,0,0,0,0,0
137871,Counterpoint,1967,0,0,0,0,1,0,1,0,0,0,0,1,0,0,0,0,0,0,0
118332,Exit Humanity,2011,1,0,1,0,0,0,0,0,0,0,0,0,0,0,0,0,0,0,0
143506,Sword Art Online Extra Edition,2013,1,0,0,0,1,0,0,0,0,0,0,1,0,0,1,1,0,0,0
94729,Beyond All Boundaries,2009,0,0,0,0,0,0,1,0,1,0,0,0,0,0,0,0,0,0,0
131765,O Que Há De Novo No Amor?,2012,1,0,0,0,0,0,0,0,0,0,0,0,1,0,0,0,0,0,0
142999,Hidden,2015,0,0,1,1,0,0,0,0,0,0,0,0,0,0,0,0,0,0,0
165619,Happy Anniversary,1959,0,1,0,0,0,0,0,0,0,0,0,0,0,0,0,0,0,0,0
254318,Friendship's Death,1987,1,0,0,0,0,0,0,0,0,0,1,0,0,0,0,0,0,0,0
137228,Stand Clear of the Closing Doors,2014,1,0,0,0,0,0,0,0,0,0,0,0,0,0,0,0,0,0,0
236987,An Optimistic Tragedy,1963,1,0,0,0,0,0,1,0,0,0,0,0,0,0,0,0,0,0,0
78245,Romeo and Juliet,1936,1,0,0,0,0,0,0,0,0,0,0,0,1,0,0,0,0,0,0
214794,Midnight Family,2019,0,0,0,0,0,0,0,0,1,0,0,0,0,0,0,0,0,0,0
199099,I Feel Good,2018,1,1,0,0,0,0,0,0,0,0,0,0,0,0,0,0,0,0,0
213754,8 Best Dates,2016,0,1,0,0,0,0,0,0,0,0,0,0,1,0,0,0,0,0,0
2392,Jack Frost,1998,1,1,0,0,0,0,0,0,0,0,0,0,0,1,0,0,0,0,0
181873,Two Weeks Vacation,1952,0,0,0,0,0,0,0,0,0,0,0,0,0,0,1,0,0,0,0
4694,Left Luggage,1998,1,0,0,0,0,0,0,0,0,0,0,0,0,0,0,0,0,0,0
119659,A Nest of Gentry,1969,0,0,0,0,0,0,0,0,0,0,0,0,1,0,0,0,0,0,0
3740,Big Trouble in Little China,1986,0,1,0,0,1,0,0,0,0,0,0,1,0,0,0,1,0,0,0
190385,The Ninth Circle,1960,1,0,0,0,0,0,0,0,0,0,0,0,0,0,0,0,0,0,0
270170,Fixing Up Christmas,2021,0,1,0,0,0,0,0,0,0,0,0,0,1,1,0,0,0,0,0
195497,Vice,2018,1,1,0,0,0,0,0,0,0,0,0,0,0,0,0,0,0,0,0
26566,"Best of Times, The",1986,1,1,0,0,0,0,0,0,0,0,0,0,0,0,0,0,0,0,0
167184,I Am Here....Now,2009,0,0,0,1,0,0,0,0,0,0,1,0,0,0,0,1,0,0,0
264037,The White Fortress,2021,1,0,0,0,0,0,0,0,0,0,0,0,0,0,0,0,0,0,0
6472,Eat a Bowl of Tea,1989,0,0,0,0,0,0,0,0,0,0,0,0,1,0,0,0,0,0,0
217405,Aerials,2016,1,0,0,1,0,0,0,0,0,0,1,0,0,0,0,0,0,0,0
138388,Crazy Me,2013,0,1,0,0,0,0,0,0,0,0,0,0,0,0,0,0,0,0,0
138788,Fear Lives Here,2013,0,0,1,1,0,0,0,0,0,0,0,0,0,0,0,0,0,0,0
110235,Our Paradise (Notre paradis),2011,1,0,0,0,0,0,0,1,0,0,0,0,0,0,0,0,0,0,0
224228,Love Come Down,2000,1,0,0,0,0,0,0,0,0,0,0,0,1,0,0,0,0,0,0
287497,Hey... Stop Stabbing Me!,2003,0,1,1,0,0,0,0,0,0,0,0,0,0,0,0,0,0,0,0
151181,About Face,1942,0,1,0,0,0,0,0,0,0,0,0,0,0,0,0,0,0,0,0
93408,Behind the Screen,1916,0,1,0,0,0,0,0,0,0,0,0,0,1,0,0,0,0,0,0
113793,Reel Bad Arabs: How Hollywood Vilifies a People,2006,0,0,0,0,0,0,0,0,1,0,0,0,0,0,0,0,0,0,0
117372,V/H/S: Viral,2014,0,0,1,1,0,0,0,0,0,0,0,0,0,0,0,0,0,0,0
289731,Aita,2023,1,0,0,0,0,0,0,0,0,0,0,0,0,0,0,0,0,0,0
270104,The Gig Is Up,2021,0,0,0,0,0,0,0,0,1,0,0,0,0,0,0,0,0,0,0
245336,The Hill and the Hole,2020,0,0,1,0,0,0,0,0,0,0,1,0,0,0,0,1,0,0,0
140992,Deck the Halls,2011,1,0,0,0,0,0,0,0,0,1,0,0,0,0,0,0,0,0,0
176929,Happy Death Day,2017,0,0,1,1,0,0,0,0,0,1,0,0,0,0,0,0,0,0,0
45648,Game 6,2005,1,1,0,0,0,0,0,0,0,0,0,0,0,0,0,0,0,0,0
137307,Antarctic Journal,2005,0,0,1,1,0,0,0,0,0,1,0,0,0,0,0,0,0,0,0
188879,Welcome the Stranger,2018,1,0,0,1,0,0,0,0,0,1,1,0,0,0,0,0,0,0,0
119898,Class of '61,1993,1,0,0,0,1,0,0,0,0,0,0,1,0,0,0,0,0,0,0
122248,Tarzan and the Huntress,1947,0,0,0,0,1,0,0,0,0,0,0,1,1,0,0,0,0,0,0
152609,Scrambled Beer,2007,0,1,0,0,0,0,0,0,0,0,0,0,0,0,0,0,0,0,0
91253,Stage Struck,1936,0,1,0,0,0,0,0,0,0,0,0,0,0,0,0,0,0,1,0
228191,From the Vine,2019,1,0,0,0,0,0,0,0,0,0,0,0,0,0,0,0,0,0,0
186965,An Obsession,1997,1,0,0,0,0,0,0,0,0,0,0,0,0,0,0,0,0,0,0
137144,1000 To 1,1000,1,0,0,0,0,0,0,0,0,0,0,0,0,0,0,0,0,0,0
196075,Nargess,1992,1,0,0,0,0,0,0,0,0,0,0,0,0,0,0,0,0,0,0
142100,Parasite Dolls,2003,0,0,0,1,1,0,0,0,0,0,1,0,0,0,1,0,0,0,0
189171,They Still Call Me Bruce,1987,0,1,0,0,0,0,0,0,0,0,0,0,0,0,0,0,0,0,0
281852,Giuseppe in Warsaw,1964,0,1,0,0,0,0,1,0,0,0,0,0,1,0,0,0,0,0,0
186863,Beirut,2018,0,0,0,1,1,0,0,0,0,0,0,0,0,0,0,0,0,0,0
252400,Cautionary Tales,2016,1,1,0,0,0,0,0,0,0,0,0,0,0,0,0,0,0,0,0
177479,The Saint Strikes Back,1939,1,0,0,0,0,0,0,1,0,1,0,0,1,0,0,0,0,0,0
199560,Bajo la rosa,2017,1,0,0,1,0,0,0,1,0,1,0,0,0,0,0,0,0,0,0
153038,Avetik,1992,1,0,0,0,0,0,0,0,0,0,0,0,0,0,0,0,0,0,0
130066,Camille Rewinds,2012,0,1,0,0,0,0,0,0,0,0,0,0,1,0,0,0,0,0,0
36511,Undiscovered,2005,1,1,0,0,0,0,0,0,0,0,0,0,1,0,0,0,0,0,0
121687,Hullabaloo,1940,0,1,0,0,0,0,0,0,0,0,0,0,1,0,0,0,0,1,0
110759,Bright Leaf,1950,1,0,0,0,0,0,0,0,0,0,0,0,1,0,0,0,0,0,0
647,Courage Under Fire,1996,1,0,0,0,1,0,1,1,0,0,0,0,0,0,0,0,0,0,0
182599,Witchcraft VII: Judgement Hour,1995,0,0,1,0,0,0,0,0,0,0,0,0,0,0,0,0,0,0,0
43244,Roads to Koktebel (Koktebel),2003,1,0,0,0,0,0,0,0,0,0,0,0,1,0,0,0,0,0,0
5927,"Best Little Whorehouse in Texas, The",1982,1,1,0,0,0,0,0,0,0,0,0,0,1,0,0,0,0,1,0
291318,The Legend of Till,1977,0,0,0,0,0,0,0,0,0,0,0,1,0,0,0,0,0,0,0
101296,I'm So Excited (Los amantes pasajeros),2013,0,1,0,0,0,0,0,0,0,0,0,0,0,0,0,0,0,0,0
157937,A Strange Affair,1981,1,0,0,0,0,0,0,0,0,0,0,0,0,0,0,0,0,0,0
223534,Tranny Fag,2019,0,0,0,0,0,0,0,0,1,0,0,0,0,0,0,0,0,0,0
26162,Gappa: The Triphibian Monsters (AKA Monster from a Prehistoric Planet) (Daikyojû Gappa),1967,0,0,0,0,0,0,0,0,0,0,1,0,0,0,0,0,0,0,0
282815,Cocky – The Running Doctor,1998,1,1,1,0,0,0,0,0,0,0,1,0,0,0,0,0,0,0,0
191375,Ichthys,2005,0,0,0,0,0,0,0,0,0,0,0,0,0,0,1,0,0,0,0
101708,009 Re: Cyborg,2012,0,0,0,0,1,0,0,0,0,0,1,0,0,0,1,0,0,0,0
189,Reckless,1995,0,1,0,0,0,0,0,0,0,0,0,0,0,0,0,1,0,0,0
180257,Evil Bong II: King Bong,2009,0,1,1,0,0,0,0,0,0,0,0,0,0,0,0,0,0,0,0
200482,Mr. Gaga,2015,0,0,0,0,0,0,0,0,1,0,0,0,0,0,0,0,0,0,0
196785,Lasso,2018,0,0,1,1,0,0,0,0,0,0,0,0,0,0,0,0,0,0,0
116991,"Yes Men Are Revolting, The",2014,0,0,0,0,0,0,0,0,1,0,0,0,0,0,0,0,0,0,0
282041,"The Boy, the Mole, the Fox and the Horse",2022,1,0,0,0,0,0,0,0,0,0,0,0,0,1,1,0,0,0,0
285009,Zoe,NA,0,0,1,0,0,0,0,0,0,0,0,0,0,0,0,0,0,0,0
278734,The Longest Voyage,2020,0,0,0,0,0,0,0,0,1,0,0,0,0,0,1,0,0,0,0
125499,The Trap,1946,0,0,0,1,0,0,0,1,0,1,0,0,0,0,0,0,0,0,0
162872,Tomcat,2016,1,0,0,0,0,0,0,0,0,0,0,0,0,0,0,0,0,0,0
276937,So Damn Easy Going,2022,1,0,0,0,0,0,0,0,0,0,0,0,0,0,0,0,0,0,0
229153,8ight After,2020,0,0,1,0,0,0,0,0,0,0,0,0,0,0,0,0,0,0,0
36535,Everything Is Illuminated,2005,1,1,0,0,0,0,0,0,0,0,0,0,0,0,0,0,0,0,0
239044,Bar Mitzvah Boy,1976,1,1,0,0,0,0,0,0,0,0,0,0,0,0,0,0,0,0,0
218187,The Michaels,2014,0,1,0,0,0,0,0,0,0,0,0,0,1,0,0,0,0,0,0
201120,Frostbiter: Wrath of the Wendigo,1995,0,0,1,0,0,0,0,0,0,0,0,0,0,0,0,0,0,0,0
179521,Free Willy: Escape From Pirate's Cove,2010,1,0,0,0,1,0,0,0,0,0,0,1,0,1,0,0,0,0,0
160414,Mais Uma Vez Amor,2005,0,1,0,0,0,0,0,0,0,0,0,0,1,0,0,0,0,0,0
190167,Winter Vacation,2010,1,0,0,0,0,0,0,0,0,0,0,0,0,0,0,0,0,0,0
274243,Gierek,2022,1,0,0,0,0,0,0,0,0,0,0,0,0,0,0,0,0,0,0
291258,Spring Fever,1919,0,1,0,0,0,0,0,0,0,0,0,0,0,0,0,0,0,0,0
168830,Night Chase,1970,0,0,0,0,0,0,0,0,0,1,0,0,0,0,0,0,0,0,0
26756,Strangers in Good Company,1990,1,0,0,0,0,0,0,0,0,0,0,0,0,0,0,0,0,0,0
208527,The Dead One,2007,0,0,1,1,0,0,0,0,0,0,0,0,1,0,0,0,0,0,0
154975,Merci Patron !,2016,0,1,0,0,0,0,0,0,1,0,0,0,0,0,0,0,0,0,0
104778,King of Texas,2002,1,0,0,0,0,1,0,0,0,0,0,0,0,0,0,0,0,0,0
130380,Absolute Aggression,2004,0,0,0,1,1,0,0,0,0,0,1,0,0,0,0,0,0,0,0
185313,Я худею,2018,0,1,0,0,0,0,0,0,0,0,0,0,0,1,0,0,0,0,0
131292,"Private Vices, Public Virtues",1976,1,0,0,0,0,0,1,0,0,0,0,0,0,0,0,0,0,0,0
286875,Yudo: The Way of the Bath,2023,1,0,0,0,0,0,0,0,0,0,0,0,0,0,0,0,0,0,0
143355,Wonder Woman,2017,0,0,0,0,1,0,0,0,0,0,0,1,0,0,0,1,0,0,0
256231,Feast of Death,2001,0,0,0,0,0,0,0,1,1,0,0,0,0,0,0,0,0,0,0
287469,Steve McQueen: Man on the Edge,1990,0,0,0,0,0,0,0,0,1,0,0,0,0,0,0,0,0,0,0
146620,For Love One Dies,1972,1,0,0,0,0,0,0,0,0,0,0,0,1,0,0,0,0,0,0
162314,Road to Kabul,2012,0,1,0,0,1,0,0,0,0,0,0,0,0,0,0,0,0,0,0
278210,Zoey's Extraordinary Christmas,2021,1,1,0,0,0,0,0,0,0,0,0,0,0,0,0,0,0,0,0
286233,Condemned,1929,1,0,0,1,1,0,0,0,0,0,0,0,0,0,0,0,0,0,0
164723,Murder She Baked: A Deadly Recipe,2016,0,0,0,0,0,0,0,0,0,1,0,0,0,0,0,0,0,0,0
51686,Three Smart Girls,1936,0,1,0,0,0,0,0,0,0,0,0,0,1,0,0,0,0,1,0
195025,Lemming's First Case,2009,0,1,0,0,0,0,0,1,0,0,0,0,0,0,0,0,0,0,0
136487,Sexaholix... A Love Story,2002,0,1,0,0,0,0,0,0,0,0,0,0,0,0,0,0,0,0,0
259791,The Revolution Generation,2021,0,0,0,0,0,0,0,0,1,0,0,0,0,0,0,0,0,0,0
191329,A Mile in His Shoes,2011,1,0,0,0,0,0,0,0,0,0,0,0,0,1,0,0,0,0,0
163571,Landmine Goes Click,2015,1,0,0,1,1,0,0,1,0,0,0,0,0,0,0,0,0,0,0
161998,Mr. Blue Sky: The Story of Jeff Lynne and ELO,2012,0,0,0,0,0,0,0,0,1,0,0,0,0,0,0,0,0,0,0
80350,Vampires Suck,2010,0,1,0,0,0,0,0,0,0,0,0,0,0,0,0,0,0,0,0
91054,Batman,1943,0,0,0,1,1,0,0,1,0,0,1,1,0,0,0,0,0,0,0
209971,The Courier,2019,1,0,0,1,1,0,0,0,0,0,0,0,0,0,0,0,0,0,0
268358,El club del paro,2021,0,1,0,0,0,0,0,0,0,0,0,0,0,0,0,0,0,0,0
232601,Playhouse,2021,0,0,1,1,0,0,0,0,0,0,0,0,0,0,0,0,0,0,0
175465,The Blonde with Bare Breasts,2010,1,1,0,0,0,0,0,0,0,0,0,0,0,0,0,0,0,0,0
165741,A Ghost in Monte Carlo,1990,0,0,0,0,0,0,0,0,0,0,0,0,1,0,0,0,0,0,0
214662,A Certain Magical Index: The Miracle of Endymion,2013,1,1,0,0,1,0,0,0,0,0,1,0,0,0,1,1,0,0,0
265200,Insomnium,2017,0,0,1,1,0,0,0,0,0,1,0,0,0,0,0,0,0,0,0
248708,Where is 042?,1970,1,0,0,0,1,0,1,0,0,0,0,0,0,0,0,0,0,0,0
71102,"Three Musketeers, The",1933,0,0,0,1,1,0,0,0,0,0,0,1,0,0,0,0,0,0,0
128534,Naan Kadavul,2009,1,0,0,0,1,0,0,0,0,1,0,0,0,0,0,0,0,0,0
181569,High Desert Kill,1989,1,0,1,0,1,0,0,0,0,0,1,0,0,0,0,0,0,0,0
3659,Quatermass 2 (Enemy from Space),1957,0,0,0,1,0,0,0,0,0,0,1,0,0,0,0,0,0,0,0
142857,1001 Grams,1001,1,0,0,0,0,0,0,0,0,0,0,0,0,0,0,0,0,0,0
157733,Inside Detroit,1956,0,0,0,0,1,0,0,1,0,0,0,0,0,0,0,0,0,0,0
165371,Broadway Bad,1933,1,0,0,0,0,0,0,0,0,0,0,0,0,0,0,0,0,0,0
245672,The Fisherman's Diary,2020,1,0,0,0,0,0,0,0,0,0,0,0,0,0,0,0,0,0,0
276291,Bicentenario,2020,0,0,0,0,0,0,0,0,1,0,0,0,0,0,0,0,0,0,0
166187,Faro,2013,1,0,0,1,0,0,0,0,0,0,0,0,0,0,0,0,0,0,0
151885,Pioneer Woman,1973,0,0,0,0,0,1,0,0,0,0,0,0,0,0,0,0,0,0,0
149683,H3 - Halloween Horror Hostel,2008,0,1,0,0,0,0,0,0,0,0,0,0,0,0,0,0,0,0,0
150260,More Than Blue,2009,1,0,0,0,0,0,0,0,0,0,0,0,1,0,0,0,0,0,0
165553,Come And Find Me,2016,1,0,0,0,0,0,0,0,0,0,0,0,0,0,0,0,0,0,0
240962,The Magnitude of All Things,2020,0,0,0,0,0,0,0,0,1,0,0,0,0,0,0,0,0,0,0
149486,A Perfect Christmas List,2014,1,1,0,0,0,0,0,0,0,0,0,0,0,1,0,0,0,0,0
282885,The Woman with the Knife,1969,1,0,0,0,0,0,0,0,0,0,0,0,0,0,0,0,0,0,0
140216,Removal,2010,0,0,0,1,0,0,0,0,0,0,0,0,0,0,0,0,0,0,0
114676,Protector (Protektor),2009,1,0,0,0,0,0,0,0,0,0,0,0,0,0,0,0,0,0,0
239174,Once Upon a River,2019,1,0,0,0,0,0,0,0,0,0,0,0,0,0,0,0,0,0,0
46525,Spite Marriage,1929,0,1,0,0,0,0,0,0,0,0,0,0,0,0,0,0,0,0,0
215495,Magic Cop,1990,0,0,1,0,1,0,0,0,0,0,0,0,0,0,0,0,0,0,0
157518,Mondo Freudo,1966,0,0,0,0,0,0,0,0,1,0,0,0,0,0,0,0,0,0,0
175583,Blockbuster,2017,0,1,0,0,0,0,0,1,0,0,0,0,0,0,0,0,0,0,0
276201,Fire Music,2018,0,0,0,0,0,0,0,0,1,0,0,0,0,0,0,0,0,0,0
280778,Chercher le garçon,2012,0,1,0,0,0,0,0,0,0,0,0,0,1,0,0,0,0,0,0
6460,"Trial, The (Procès, Le)",1962,1,0,0,0,0,0,0,0,0,0,0,0,0,0,0,0,0,0,0
74827,Ajami,2009,1,0,0,0,0,0,0,1,0,0,0,0,0,0,0,0,0,0,0
211776,Tom Thumb,1957,0,0,0,0,0,0,0,0,0,0,0,0,0,1,0,1,0,0,0
7201,Crime Spree,2003,0,1,0,0,0,0,0,1,0,0,0,0,0,0,0,0,0,0,0
903,Vertigo,1958,1,0,0,1,0,0,0,0,0,1,0,0,1,0,0,0,0,0,0
92471,Cass Timberlane,1947,1,0,0,0,0,0,0,0,0,0,0,0,1,0,0,0,0,0,0
168360,Victory at Entebbe,1976,1,0,0,0,1,0,0,0,0,0,0,0,0,0,0,0,0,0,0
278522,"Still Raining, Still Dreaming",2009,0,0,0,0,0,0,0,0,1,0,0,0,0,0,0,0,0,0,0
85616,Games,1967,0,0,0,1,0,0,0,0,0,0,0,0,0,0,0,0,0,0,0
212591,Detective Chinatown 3,2020,0,1,0,0,1,0,0,0,0,1,0,0,0,0,0,0,0,0,0
164685,Sometimes Aunt Martha Does Dreadful Things,1971,0,0,1,0,0,0,0,0,0,0,0,0,0,0,0,0,0,0,0
89018,Miranda,1948,0,1,0,0,0,0,0,0,0,0,0,0,1,0,0,1,0,0,0
186953,Hearts Beat Loud,2018,1,0,0,0,0,0,0,0,0,0,0,0,0,0,0,0,0,0,0
6568,Camp,2003,0,1,0,0,0,0,0,0,0,0,0,0,0,0,0,0,0,1,0
149458,4th Period Mystery,2009,0,0,1,0,0,0,0,0,0,0,0,0,0,0,0,0,0,0,0
216965,Johnny Carson: King of Late Night,2012,0,0,0,0,0,0,0,0,1,0,0,0,0,0,0,0,0,0,0
127592,Naked Angels,1969,1,0,0,1,0,0,0,0,0,0,0,0,0,0,0,0,0,0,0
27793,Starship Troopers 2: Hero of the Federation,2004,0,0,1,0,1,0,1,0,0,0,1,0,0,0,0,0,0,0,0
219416,Don't,2007,0,1,1,0,0,0,0,0,0,0,0,0,0,0,0,0,0,0,0
68858,Vincere,2009,1,0,0,0,0,0,0,0,0,0,0,0,1,0,0,0,0,0,0
164131,Tee for Two,1945,0,0,0,0,0,0,0,0,0,0,0,0,0,0,1,0,0,0,0
191297,Bruce Lee - The Fighter,2015,1,0,0,0,1,0,0,0,0,0,0,0,1,0,0,0,0,0,0
139553,Always,2011,1,0,0,0,0,0,0,0,0,0,0,0,0,0,0,0,0,0,0
204444,Kharms,2017,1,0,0,0,0,0,0,0,0,0,0,0,0,0,0,0,0,0,0
280890,Slumberland,2022,0,0,0,0,0,0,0,0,0,0,0,1,0,1,0,1,0,0,0
259949,Affirmations,1990,0,0,0,0,0,0,0,0,1,0,0,0,0,0,0,0,0,0,0
174431,Jawbone,2017,1,0,0,0,1,0,0,0,0,0,0,0,0,0,0,0,0,0,0
154039,God in Heaven... Arizona on Earth,1972,0,0,0,0,0,1,0,0,0,0,0,0,0,0,0,0,0,0,0
165483,Joe Rogan: Triggered,2016,0,1,0,0,0,0,0,0,0,0,0,0,0,0,0,0,0,0,0
235805,"It's Trad, Dad!",1962,0,1,0,0,0,0,0,0,0,0,0,0,1,0,0,0,0,0,0
208957,Extracurricular,2018,0,0,1,1,0,0,0,0,0,0,0,0,0,0,0,0,0,0,0
276547,Surrender,2014,1,0,0,0,0,0,0,0,0,0,0,0,0,0,0,0,0,0,0
107658,Mio in the Land of Faraway (Mio min Mio),1987,1,0,0,0,0,0,0,0,0,1,0,1,0,1,0,1,0,0,0
199059,Music and Apocalypse,2019,0,1,0,0,0,0,0,0,0,0,0,0,0,0,0,0,0,0,0
25914,"Ivan the Terrible, Part One (Ivan Groznyy I)",1944,1,0,0,0,0,0,0,0,0,0,0,0,0,0,0,0,0,0,0
152276,Chic!,2015,0,1,0,0,0,0,0,0,0,0,0,0,0,0,0,0,0,0,0
227536,The Matrix Reloaded Revisited,2004,0,0,0,0,0,0,0,0,1,0,0,0,0,0,0,0,0,0,0
155956,Vacation,2008,1,0,0,0,0,0,0,0,0,0,0,0,0,0,0,0,0,0,0
101835,According to Spencer,2001,1,1,0,0,0,0,0,0,0,0,0,0,1,0,0,0,0,0,0
4475,"Beast of War, The (Beast, The)",1988,1,0,0,0,0,0,1,0,0,0,0,0,0,0,0,0,0,0,0
210311,Naked Weekend,1974,0,1,0,0,0,0,0,0,0,0,0,0,0,0,0,0,0,0,0
182423,"Zorro, the Avenger",1959,0,0,0,0,0,1,0,0,0,0,0,1,0,0,0,0,0,0,0
150016,Brasserie Romance,2012,1,1,0,0,0,0,0,0,0,0,0,0,0,0,0,0,0,0,0
214154,A Window to Rosália,2017,1,0,0,0,0,0,0,0,0,0,0,0,0,0,0,0,0,0,0
277280,Easter Sunday,2022,0,1,0,0,0,0,0,0,0,0,0,0,0,0,0,0,0,0,0
225918,Jiu Jitsu,2020,0,0,0,0,1,0,0,0,0,0,1,0,0,0,0,0,0,0,0
145146,K-9: P.I.,2002,0,1,0,0,1,0,0,1,0,0,0,1,0,0,0,0,0,0,0
5133,Maryam,2000,1,0,0,0,0,0,0,0,0,0,0,0,0,0,0,0,0,0,0
77719,Voyager (Homo Faber),1991,1,0,0,0,0,0,0,0,0,0,0,0,0,0,0,0,0,0,0
1179,"Grifters, The",1990,1,0,0,0,0,0,0,1,0,0,0,0,0,0,0,0,0,0,1
228245,The 100th Love with You,2017,1,0,0,0,0,0,0,0,0,0,0,0,1,0,0,0,0,0,0
72947,Make the Yuletide Gay,2009,0,1,0,0,0,0,0,0,0,0,0,0,1,0,0,0,0,0,0
7,Sabrina,1995,0,1,0,0,0,0,0,0,0,0,0,0,1,0,0,0,0,0,0
286425,Naufragio,1978,1,0,0,0,0,0,0,0,0,0,0,0,0,0,0,0,0,0,0
78247,"Drawn Together Movie: The Movie!, The",2010,0,1,0,0,0,0,0,0,0,0,0,0,0,0,1,0,0,0,0
5164,"Troll in Central Park, A",1994,0,0,0,0,0,0,0,0,0,0,0,0,0,1,1,0,0,0,0
117462,The Last Shark,1981,0,0,1,1,0,0,0,0,0,0,0,1,0,0,0,0,0,0,0
255507,Warriors of Terra,2006,0,0,1,0,0,0,0,0,0,0,1,0,0,0,0,0,0,0,0
246416,"Our Neighbor, Miss Yae",1934,1,0,0,0,0,0,0,0,0,0,0,0,0,0,0,0,0,0,0
191925,The Comb,1991,0,0,0,0,0,0,0,0,0,0,0,0,0,0,1,0,0,0,0
101812,"Mountain, The",1956,1,0,0,0,0,0,0,0,0,0,0,1,0,0,0,0,0,0,0
161149,"Jia Zhangke, A Guy from Fenyang",2014,0,0,0,0,0,0,0,0,1,0,0,0,0,0,0,0,0,0,0
165945,The Last Ronin,2010,1,0,0,0,0,0,0,0,0,0,0,0,0,0,0,0,0,0,0
105571,Attila (Attila the Hun),1954,1,0,0,0,0,0,0,0,0,0,0,0,0,0,0,0,0,0,0
172477,Life Cycles,2010,0,0,0,0,0,0,0,0,1,0,0,0,0,0,0,0,0,0,0
149624,Soap Opera,2014,0,1,0,0,0,0,0,0,0,0,0,0,0,0,0,0,0,0,0
82909,Take the High Ground!,1953,1,1,0,0,0,0,1,0,0,0,0,0,0,0,0,0,0,0,0
124160,Whoever Slew Auntie Roo?,1971,0,0,1,1,0,0,0,0,0,0,0,0,0,0,0,0,0,0,0
204618,L'Enfant Secret,1979,1,0,0,0,0,0,0,0,0,0,0,0,0,0,0,0,0,0,0
159447,Before I Wake,2016,0,0,1,1,0,0,0,0,0,0,0,0,0,0,0,0,0,0,0
214072,A.K.A. Serial Killer,1969,1,0,0,0,0,0,0,1,1,0,0,0,0,0,0,0,0,0,0
7309,"Black Pirate, The",1926,0,0,0,0,1,0,0,0,0,0,0,1,0,0,0,0,0,0,0
38086,Wishing Stairs (Yeogo goedam 3: Yeowoo gyedan),2003,1,0,1,0,0,0,0,0,0,0,0,0,0,0,0,0,0,0,0
228251,Bottom Live 2003: Weapons Grade Y-Fronts Tour,2003,0,1,0,0,0,0,0,0,0,0,0,0,0,0,0,0,0,0,0
212835,Six Million Steps: A Journey Inward,2011,0,0,0,0,0,0,0,0,1,0,0,0,0,0,0,0,0,0,0
57044,Two Sons of Francisco (2 Filhos de Francisco - A História de Zezé di Camargo & Luciano),2005,1,0,0,0,0,0,0,0,0,0,0,0,0,0,0,0,0,0,0
237636,The Big Fat Lie,2018,0,0,0,0,0,0,0,0,1,0,0,0,0,0,0,0,0,0,0
277708,Nothing Lasts Forever,2022,0,0,0,0,0,0,0,0,1,0,0,0,0,0,0,0,0,0,0
134310,The Wind of Change,1961,1,0,0,0,0,0,0,0,0,0,0,0,0,0,0,0,0,0,0
77707,"When I Grow Up, I'll Be a Kangaroo (Kad porastem bicu Kengur)",2004,0,1,0,0,0,0,0,0,0,0,0,0,0,0,0,0,0,0,0
92836,Knuckle,2011,0,0,0,0,0,0,0,0,1,0,0,0,0,0,0,0,0,0,0
251224,Blue Miracle,2021,1,0,0,0,0,0,0,0,0,0,0,1,0,1,0,0,0,0,0
42761,Casper Meets Wendy,1998,0,1,0,0,0,0,0,0,0,0,0,1,0,1,0,1,0,0,0
156154,The Rescue,1971,0,0,0,0,1,0,0,0,0,0,0,0,0,0,0,0,0,0,0
215477,Color Me You,2017,1,0,0,0,0,0,0,0,0,0,0,0,1,1,0,0,0,0,0
26074,Paris Blues,1961,1,0,0,0,0,0,0,0,0,0,0,0,1,0,0,0,0,0,0
190019,Hill 24 Doesn't Answer,1955,1,0,0,0,0,0,1,0,0,0,0,0,1,0,0,0,0,0,0
275761,Diorama,2022,1,1,0,0,0,0,0,0,0,0,0,0,0,0,0,0,0,0,0
137445,The Riverman,2004,1,0,0,1,0,0,0,1,0,0,0,0,0,0,0,0,0,0,0
239262,Passing,2021,1,0,0,1,0,0,0,0,0,0,0,0,0,0,0,0,0,0,0
3451,Guess Who's Coming to Dinner,1967,1,0,0,0,0,0,0,0,0,0,0,0,0,0,0,0,0,0,0
169538,Nick Di Paolo: Another Senseless Killing,2015,0,1,0,0,0,0,0,0,0,0,0,0,0,0,0,0,0,0,0
45028,"Prairie Home Companion, A",2006,1,1,0,0,0,0,0,0,0,0,0,0,0,0,0,0,0,1,0
149248,O.S.S.,1946,1,0,0,0,0,0,1,0,0,0,0,0,0,0,0,0,0,0,0
135925,The Royal Tailor,2014,1,0,0,0,0,0,0,0,0,0,0,0,0,0,0,0,0,0,0
89268,Escape,1940,1,0,0,0,0,0,0,0,0,0,0,0,0,0,0,0,0,0,0
74436,Body Bags,1993,0,1,1,1,0,0,0,0,0,0,1,0,0,0,0,0,0,0,0
179291,The Land of Hope,2012,1,0,0,0,0,0,0,0,0,0,0,0,0,0,0,0,0,0,0
241952,Amor urgente,2018,0,1,0,0,0,0,0,0,0,0,0,0,0,0,0,0,0,0,0
107215,Midnight Clear,2006,1,0,0,0,0,0,0,0,0,0,0,0,0,0,0,0,0,0,0
82463,Another Year,2010,1,0,0,0,0,0,0,0,0,0,0,0,0,0,0,0,0,0,0
196809,Strobe Edge,2015,1,0,0,0,0,0,0,0,0,0,0,0,1,0,0,0,0,0,0
7274,Let's Do It Again,1975,0,1,0,0,0,0,0,0,0,0,0,0,0,0,0,0,0,0,0
236995,"Summer Of Soul (…Or, When The Revolution Could Not Be Televised)",2021,0,0,0,0,0,0,0,0,1,0,0,0,0,0,0,0,0,0,0
261543,North Korea: A Day in the Life,2004,0,0,0,0,0,0,0,0,1,0,0,0,0,0,0,0,0,0,0
255277,The Boy Behind the Door,2021,0,0,1,0,0,0,0,0,0,0,0,0,0,0,0,0,0,0,0
166635,Passengers,2016,1,0,0,0,0,0,0,0,0,0,1,1,1,0,0,0,0,0,0
140198,Chameleon Street,1989,0,1,0,0,0,0,0,0,0,0,0,0,0,0,0,0,0,0,0
103863,Holidays by the Sea (Ni à vendre ni à louer),2011,0,1,0,0,0,0,0,0,0,0,0,0,0,0,0,0,0,0,0
60037,"Happening, The",2008,1,0,0,1,0,0,0,0,0,0,1,0,0,0,0,0,0,0,0
262859,The Newspaperman: The Life and Times of Ben Bradlee,2017,0,0,0,0,0,0,0,0,1,0,0,0,0,0,0,0,0,0,0
164485,Payroll,1961,1,0,0,0,0,0,0,1,0,0,0,0,0,0,0,0,0,0,0
218799,Call Boy,2018,1,0,0,0,0,0,0,0,0,0,0,0,0,0,0,0,0,0,0
139443,Alucard,2008,1,0,1,0,0,0,0,0,0,0,0,0,0,0,0,0,0,0,0
236803,Parallel Lives,1994,1,0,0,0,0,0,0,0,0,0,0,0,0,0,0,0,0,0,0
164159,Default,2014,0,0,0,0,0,0,0,0,0,1,0,0,0,0,0,0,0,0,0
139217,Misbegotten,1998,0,0,0,1,0,0,0,0,0,0,0,0,0,0,0,0,0,0,0
261185,Outrage at Valdez,1990,0,0,0,0,0,0,0,0,1,0,0,0,0,0,0,0,0,0,0
116861,The Gilded Cage,2013,0,1,0,0,0,0,0,0,0,0,0,0,0,0,0,0,0,0,0
220154,L7,2016,0,0,0,1,0,0,0,0,0,0,0,0,0,0,0,0,0,0,0
252,I.Q.,1994,0,1,0,0,0,0,0,0,0,0,0,0,1,0,0,0,0,0,0
2491,Simply Irresistible,1999,0,1,0,0,0,0,0,0,0,0,0,0,1,0,0,0,0,0,0
328,Tales from the Crypt Presents: Demon Knight,1995,0,0,1,1,0,0,0,0,0,0,0,0,0,0,0,0,0,0,0
281,Nobody's Fool,1994,1,1,0,0,0,0,0,0,0,0,0,0,1,0,0,0,0,0,0
160110,Multiple Maniacs,1970,0,1,1,0,0,0,0,1,0,0,0,0,0,0,0,0,0,0,0
137549,"Cherry, Harry & Raquel!",1970,1,0,0,1,0,0,0,1,0,0,0,0,0,0,0,0,0,0,0
180525,Deep in My Heart,1954,1,1,0,0,0,0,0,0,0,0,0,0,0,0,0,0,0,0,0
280730,Zé do Periquito,1960,0,1,0,0,0,0,0,0,0,0,0,0,0,0,0,0,0,0,0
59141,Son of Rambow,2007,1,1,0,0,0,0,0,0,0,0,0,0,0,1,0,0,0,0,0
238108,A Feeling of Home,2019,0,1,0,0,0,0,0,0,0,0,0,0,1,0,0,0,0,0,0
61406,John Adams,2008,1,0,0,0,0,0,0,0,0,0,0,0,0,0,0,0,0,0,0
215475,Love Is Not Blind,2011,1,1,0,0,0,0,0,0,0,0,0,0,1,0,0,0,0,0,0
128922,Heckler,2007,0,1,0,0,0,0,0,0,1,0,0,0,0,0,0,0,0,0,0
243086,Kalebegiak,2016,1,1,0,0,0,0,0,0,0,0,0,0,0,0,0,0,0,0,0
211125,Kakekomi,2015,0,1,0,0,0,0,0,0,0,0,0,0,0,0,0,0,0,0,0
142446,On Broadway,2007,1,0,0,0,0,0,0,0,0,0,0,0,0,0,0,0,0,0,0
34292,Hardware,1990,0,0,1,0,1,0,0,0,0,0,1,0,0,0,0,0,0,0,0
127877,Kawa,2010,1,0,0,0,0,0,0,0,0,0,0,0,0,0,0,0,0,0,0
181993,Trombone Trouble,1944,0,0,0,0,0,0,0,0,0,0,0,0,0,0,1,0,0,0,0
230155,Eddie Murphy: One Night Only,2012,0,1,0,0,0,0,0,0,0,0,0,0,0,0,0,0,0,0,0
92094,Einstein and Eddington,2008,1,0,0,0,0,0,0,0,0,0,0,0,0,0,0,0,0,0,0
99986,Marina Abramovic: The Artist Is Present,2012,0,0,0,0,0,0,0,0,1,0,0,0,0,0,0,0,0,0,0
7900,Frankenstein Must Be Destroyed,1969,1,0,1,0,0,0,0,0,0,0,1,0,0,0,0,0,0,0,0
165365,Bang Bang Baby,2014,1,0,0,0,0,0,0,0,0,0,1,0,0,0,0,0,0,0,0
134687,Don't Tell the Wife,1937,0,1,0,0,0,0,0,0,0,0,0,0,0,0,0,0,0,0,0
274195,Jurassic World Dominion,2022,0,0,0,1,1,0,0,0,0,0,1,1,0,0,0,0,0,0,0
235059,Gabe the Cupid Dog,2012,0,1,0,0,0,0,0,0,0,0,0,0,0,1,0,0,0,0,0
158896,Love's Complicated,2016,1,1,0,0,0,0,0,0,0,0,0,0,1,0,0,0,0,0,0
258077,Velainu Vandhutta Vellaikaaran,2016,1,1,0,0,0,0,0,0,0,0,0,0,1,0,0,0,0,0,0
245736,Konga TNT,2020,0,1,1,0,0,0,0,0,0,0,1,0,0,0,0,0,0,0,0
129346,"Package, The",2012,0,0,0,0,1,0,0,0,0,0,0,0,0,0,0,0,0,0,0
2701,Wild Wild West,1999,0,1,0,0,1,1,0,0,0,0,1,0,0,0,0,0,0,0,0
252288,Aquarium of the Dead,2021,0,0,1,0,0,0,0,0,0,0,0,0,0,0,0,0,0,0,0
120396,Frayed,2007,0,0,1,1,0,0,0,0,0,0,0,0,0,0,0,0,0,0,0
132924,Emanuelle and the Last Cannibals,1977,0,0,1,0,0,0,0,0,0,0,0,1,0,0,0,0,0,0,0
44427,Inspector Clouseau,1968,0,1,0,0,0,0,0,1,0,1,0,0,0,0,0,0,0,0,0
161774,Enormous Changes at the Last Minute,1983,1,0,0,0,0,0,0,0,0,0,0,0,0,0,0,0,0,0,0
105906,Watermarks,2004,0,0,0,0,0,0,0,0,1,0,0,0,0,0,0,0,0,0,0
202363,Kevin Hart: Irresponsible,2019,0,1,0,0,0,0,0,0,0,0,0,0,0,0,0,0,0,0,0
182827,Tender Loving Care,1974,1,0,0,0,0,0,0,0,0,0,0,0,0,0,0,0,0,0,0
263869,Surviving the Mount St. Helens Disaster,2020,0,0,0,0,0,0,0,0,1,0,0,0,0,0,0,0,0,0,0
154446,The Pirates of Tortuga: Under the Black Flag,2001,0,1,0,0,0,0,0,0,0,0,1,1,0,1,1,0,0,0,0
195607,Boiler Maker,2008,1,0,0,0,0,0,0,0,0,0,0,0,0,0,0,0,0,0,0
277114,The Aggressives,2005,0,0,0,0,0,0,0,0,1,0,0,0,0,0,0,0,0,0,0
133343,The Workshop,2007,0,0,0,0,0,0,0,0,1,0,0,0,0,0,0,0,0,0,0
198793,Jo's Boy,2011,1,1,0,0,0,0,0,0,0,0,0,0,0,0,0,0,0,0,0
263481,Finch,2021,1,0,0,0,0,0,0,0,0,0,1,1,0,0,0,0,0,0,0
148701,The Girl in the Book,2015,1,0,0,0,0,0,0,0,0,0,0,0,0,0,0,0,0,0,0
277768,Medusa,2022,0,0,1,0,0,0,0,0,0,0,0,0,0,0,0,1,0,0,0
192067,Something Something... Unakkum Enakkum,2006,1,0,0,0,1,0,0,0,0,0,0,0,1,0,0,0,0,0,0
187057,The Time of Their Lives,2017,0,1,0,0,0,0,0,0,0,0,0,0,0,0,0,0,0,0,0
144678,No Place on Earth,2012,0,0,0,0,0,0,1,0,1,0,0,0,0,0,0,0,0,0,0
199444,Psychic Wars,1991,0,0,0,0,0,0,0,0,0,0,0,0,0,0,1,0,0,0,0
144584,Murderer,2009,1,0,0,1,0,0,0,1,0,1,0,0,0,0,0,0,0,0,0
192023,Eat My Shit,2015,1,1,0,0,0,0,0,0,0,0,0,0,0,0,0,0,0,0,0
198569,Seder-Masochism,2018,0,0,0,0,0,0,0,0,0,0,0,0,0,0,1,0,0,0,0
256287,Night Terror,1977,0,0,0,1,0,0,0,0,0,0,0,0,0,0,0,0,0,0,0
154346,Boss,2013,1,1,0,0,1,0,0,0,0,0,0,0,0,0,0,0,0,0,0
206419,The Two Popes,2019,1,0,0,0,0,0,0,0,0,0,0,0,0,0,0,0,0,0,0
86463,"Silent Night, Deadly Night III: Better Watch Out!",1989,0,0,1,0,0,0,0,0,0,0,0,0,0,0,0,0,0,0,0
282877,Dalíland,2022,1,0,0,0,0,0,0,0,0,0,0,0,0,0,0,0,0,0,0
139701,Spirit Stalkers,2012,0,0,1,0,0,0,0,0,0,0,0,0,0,0,0,0,0,0,0
136347,Scooby-Doo Meets the Boo Brothers,1987,0,1,0,0,0,0,0,0,0,0,0,1,0,1,1,0,0,0,0
128109,"Dr. Black, Mr. Hyde",1976,0,0,1,0,0,0,0,0,0,0,0,0,0,0,0,0,0,0,0
107361,Unbeatable (Ji zhan),2013,1,0,0,0,1,0,0,0,0,0,0,0,0,0,0,0,0,0,0
282139,Χούλιγκανς: Κάτω τα χέρια απ' τα νιάτα!,1983,1,0,0,0,0,0,0,1,0,0,0,1,0,0,0,0,0,0,0
85626,Beyond Enemy Lines (Framom främsta linjen),2004,1,0,0,0,0,0,1,0,0,0,0,0,0,0,0,0,0,0,0
58334,Hallam Foe (Mister Foe),2007,1,0,0,0,0,0,0,0,0,0,0,0,1,0,0,0,0,0,0
156767,Ghosts Before Breakfast,1928,0,0,0,0,0,0,0,0,0,0,0,0,0,0,0,1,0,0,0
145004,When the Screaming Stops,1974,0,0,1,0,0,0,0,0,0,0,0,0,0,0,0,0,0,0,0
286903,Elemental,2023,0,1,0,0,0,0,0,0,0,0,0,0,1,1,1,1,0,0,0
42794,Buried Alive,1990,0,0,1,1,0,0,0,0,0,0,0,0,0,0,0,0,0,0,1
177319,No Way to Live,2016,1,0,0,1,0,0,0,1,0,0,0,0,0,0,0,0,0,0,0
277276,South Park the Streaming Wars Part 2,2022,0,1,0,0,0,0,0,0,0,0,0,0,0,0,1,0,0,0,0
161334,Tony Robbins: I Am Not Your Guru,2016,0,0,0,0,0,0,0,0,1,0,0,0,0,0,0,0,0,0,0
217975,Air Conditioner,2020,1,0,0,0,0,0,0,0,0,0,0,0,0,0,0,0,0,0,0
197575,Thugs of Hindostan,2018,0,0,0,0,1,0,0,0,0,0,0,1,0,0,0,0,0,0,0
83359,"Play House, The",1921,0,1,0,0,0,0,0,0,0,0,0,0,0,0,0,0,0,0,0
93782,Paan Singh Tomar,2010,0,0,0,0,0,0,0,1,0,0,0,0,0,0,0,0,0,0,0
186459,Jack and Jill vs. the World,2008,0,1,0,0,0,0,0,0,0,0,0,0,1,0,0,0,0,0,0
155072,Take Me to the River,2016,1,0,0,0,0,0,0,0,0,0,0,0,0,0,0,0,0,0,0
81546,Vacation from Marriage,1945,1,0,0,0,0,0,0,0,0,0,0,0,1,0,0,0,0,0,0
132090,28 Minutes for 3 Million Dollars,1967,0,0,0,0,0,0,0,1,0,0,0,0,0,0,0,0,0,0,0
285929,In Your Interest,2012,0,1,0,0,0,0,0,1,0,0,0,0,0,0,0,0,0,0,0
276875,"Gulczas, what do you think...",2001,0,1,0,0,0,0,0,1,0,0,0,0,0,0,0,0,0,0,0
172421,Ghost,2015,0,1,0,0,0,0,0,0,0,0,0,0,0,1,0,0,0,0,0
3325,"Next Best Thing, The",2000,1,1,0,0,0,0,0,0,0,0,0,0,0,0,0,0,0,0,0
244032,Antonio One Two Three,2019,1,1,0,0,0,0,0,0,0,0,0,0,0,0,0,0,0,0,0
183189,Bendito Machine III: Obey his commands,2009,0,0,0,0,0,0,0,0,0,0,0,0,0,0,1,0,0,0,0
33998,Deceived,1991,0,0,0,1,0,0,0,0,0,0,0,0,0,0,0,0,0,0,0
142699,Hazard Jack,2014,0,0,1,0,0,0,0,0,0,0,0,0,0,0,0,0,0,0,0
259743,Jake's Road,2014,0,0,1,1,1,0,0,0,0,0,0,0,0,0,0,0,0,0,0
116947,Stand Off,2012,1,1,0,0,0,0,0,0,0,0,0,0,0,0,0,0,0,0,0
216639,Swansea Love Story,2010,0,0,0,0,0,0,0,0,1,0,0,0,0,0,0,0,0,0,0
112650,Watercolors,2008,1,0,0,0,0,0,0,0,0,0,0,0,1,0,0,0,0,0,0
1308,I Shot a Man in Vegas,1995,0,1,0,0,0,0,0,0,0,0,0,0,0,0,0,0,0,0,0
267674,Portrait of a Lazy Woman,1986,0,1,0,0,0,0,0,0,1,0,0,0,0,0,0,0,0,0,0
164513,Sneakerheadz,2015,0,0,0,0,0,0,0,0,1,0,0,0,0,0,0,0,0,0,0
280840,The Turning Point,2021,1,0,0,0,0,0,0,0,0,0,0,0,0,0,0,0,0,0,0
238262,Michael Ian Black: Very Famous,2011,0,1,0,0,0,0,0,0,0,0,0,0,0,0,0,0,0,0,0
180659,A Call to Remember,1997,1,0,0,0,0,0,0,0,0,0,0,0,0,0,0,0,0,0,0
226284,The Turn of the Screw,1999,1,0,1,1,0,0,0,0,0,0,0,0,0,0,0,0,0,0,0
250562,"Hold the Lion, Please",1942,0,1,0,0,0,0,0,0,0,0,0,0,0,0,1,0,0,0,0
217715,Dogora,1964,0,0,0,0,0,0,0,1,0,0,1,0,0,0,0,0,0,0,0
173247,La familia,2017,1,0,0,0,0,0,0,0,0,0,0,0,0,0,0,0,0,0,0
283473,"Pamela, A Love Story",2023,0,0,0,0,0,0,0,0,1,0,0,0,0,0,0,0,0,0,0
180017,Spyder,2017,0,0,0,1,1,0,0,0,0,0,0,0,0,0,0,0,0,0,0
232181,The Water Magician,1933,1,0,0,0,0,0,0,1,0,0,0,0,1,0,0,0,0,0,0
2129,"Saltmen of Tibet, The (Salzmänner von Tibet, Die)",1997,0,0,0,0,0,0,0,0,1,0,0,0,0,0,0,0,0,0,0
290882,Poppy,2021,1,0,0,0,0,0,0,0,0,0,0,0,0,1,0,0,0,0,0
124883,Riders to the Stars,1954,1,0,0,0,0,0,0,0,0,0,1,0,0,0,0,0,0,0,0
189559,A Species Odyssey,2003,0,0,0,0,0,0,0,0,1,0,0,0,0,0,0,0,0,0,0
278696,More Than Two Hours,2013,1,0,0,0,0,0,0,0,0,0,0,0,0,0,0,0,0,0,0
64497,"Day the Earth Stood Still, The",2008,1,0,0,1,0,0,0,0,0,0,1,0,0,0,0,0,1,0,0
165477,Trancers V,1994,0,0,0,1,1,0,0,0,0,0,1,0,0,0,0,0,0,0,0
63840,Kanak Attack,2000,1,0,0,0,0,0,0,0,0,0,0,0,0,0,0,0,0,0,0
131318,Fort Bowie,1958,0,0,0,0,0,1,0,0,0,0,0,0,0,0,0,0,0,0,0
178027,People That Are Not Me,2016,1,0,0,0,0,0,0,0,0,0,0,0,1,0,0,0,0,0,0
207473,The Automatic Moving Company,1910,0,1,0,0,0,0,0,0,0,0,0,0,0,0,1,0,0,0,0
253916,The Green Sea,2021,1,0,0,0,0,0,0,0,0,1,0,0,0,0,0,0,0,0,0
258721,Kill Me If You Can,1977,1,0,0,0,0,0,0,0,0,0,0,0,0,0,0,0,0,0,0
92410,"Eleventh Year, The (Odinnadtsatyy)",1928,0,0,0,0,0,0,0,0,1,0,0,0,0,0,0,0,0,0,0
173847,Stasis,2017,0,0,0,0,0,0,0,0,0,0,1,0,0,0,0,0,0,0,0
5960,Bad Influence,1990,1,0,0,1,0,0,0,0,0,0,0,0,0,0,0,0,0,0,0
93659,Verbo,2011,0,0,0,0,0,0,0,0,0,0,0,1,0,0,0,1,0,0,0
279958,Blade of the 47 Ronin,2022,0,0,0,0,1,0,0,0,0,0,0,0,0,0,0,1,0,0,0
195113,The Chocolate War,1988,1,0,0,0,0,0,0,0,0,0,0,0,0,0,0,0,0,0,0
214836,La Chana,2016,0,0,0,0,0,0,0,0,1,0,0,0,0,0,0,0,0,0,0
174527,Chasing Trane: The John Coltrane Documentary,2017,0,0,0,0,0,0,0,0,1,0,0,0,0,0,0,0,0,0,0
117893,Jessabelle,2014,0,0,1,1,0,0,0,0,0,0,0,0,0,0,0,0,0,0,0
4720,"Others, The",2001,1,0,1,1,0,0,0,0,0,1,0,0,0,0,0,0,0,0,0
135013,The Head Of The Family,1967,0,1,0,0,0,0,0,0,0,0,0,0,0,0,0,0,0,0,0
128832,The Last Five Years,2014,1,1,0,0,0,0,0,0,0,0,0,0,1,0,0,0,0,1,0
215759,The Extraordinary Tale of the Times Table,2014,1,1,0,0,0,0,0,0,0,0,0,0,0,0,0,0,0,0,0
212847,After Midnight,2020,1,0,1,0,0,0,0,0,0,0,0,0,1,0,0,0,0,0,0
194210,DC Super Hero Girls: Legends of Atlantis,2018,0,0,0,0,0,0,0,0,0,0,0,0,0,1,1,0,0,0,0
190743,Support the Girls,2018,1,0,0,0,0,0,0,0,0,0,0,0,0,0,0,0,0,0,0
171479,"Kidnapping, Caucasian Style",2014,0,1,0,0,0,0,0,0,0,0,0,1,1,0,0,0,0,0,0
269990,Zuhur's Daughters,2021,0,0,0,0,0,0,0,0,1,0,0,0,0,0,0,0,0,0,0
232459,Funny Boy,2020,1,0,0,0,0,0,0,0,0,0,0,0,0,0,0,0,0,0,0
177871,Victoria & Abdul,2017,1,0,0,0,0,0,0,0,0,0,0,0,0,0,0,0,0,0,0
123379,Three Loves Has Nancy,1938,0,1,0,0,0,0,0,0,0,0,0,0,1,0,0,0,0,0,0
149260,Mr. Peabody and the Mermaid,1948,0,1,0,0,0,0,0,0,0,0,0,0,1,0,0,1,0,0,0
124817,It Started With A Kiss,1959,0,1,0,0,0,0,0,0,0,0,0,0,1,0,0,0,0,0,0
111245,"Case of You, A",2013,0,1,0,0,0,0,0,0,0,0,0,0,1,0,0,0,0,0,0
152790,Sing Your Way Home,1945,0,1,0,0,0,0,0,0,0,0,0,0,0,0,0,0,0,0,0
3958,Billy Jack Goes to Washington,1977,1,0,0,0,0,0,0,0,0,0,0,0,0,0,0,0,0,0,0
140224,Filmage: The Story of Descendents/All,NA,0,0,0,0,0,0,0,0,1,0,0,0,0,0,0,0,0,0,0
178615,Front Cover,2016,1,1,0,0,0,0,0,0,0,0,0,0,1,0,0,0,0,0,0
192713,Compulsion,2018,0,0,1,1,0,0,0,0,0,0,0,0,0,0,0,1,0,0,0
251350,The Early Bird Catches the Worm,2008,1,0,0,0,0,0,0,0,0,0,0,0,0,0,0,0,0,0,0
262947,"Wedding March 4: Something Old, Something New",2018,0,0,0,0,0,0,0,0,0,0,0,0,1,0,0,0,0,0,0
268758,Other World,2014,0,0,0,0,0,0,0,0,1,0,0,0,0,0,0,0,0,0,0
186123,Corpses,2004,0,0,1,0,0,0,0,0,0,0,0,0,0,0,0,0,0,0,0
155219,Das kann doch unsren Willi nicht erschüttern,1970,0,1,0,0,0,0,0,0,0,0,0,0,0,0,0,0,0,0,0
62669,Black River (Kuroi kawa),1957,1,0,0,0,0,0,0,0,0,0,0,0,0,0,0,0,0,0,0
194130,The 3rd Eye,2017,0,0,1,1,0,0,0,0,0,0,0,0,0,0,0,0,0,0,0
268050,Vigil,1984,1,0,0,0,0,0,0,0,0,0,0,0,0,0,0,0,0,0,0
76077,Hot Tub Time Machine,2010,0,1,0,0,0,0,0,0,0,0,1,0,0,0,0,0,0,0,0
162780,1st to Die,2003,0,0,0,1,1,0,0,0,0,0,0,0,0,0,0,0,0,0,0
167940,Naked Vengeance,1985,1,0,0,0,1,0,0,1,0,0,0,0,0,0,0,0,0,0,0
1985,Halloween 4: The Return of Michael Myers,1988,0,0,1,0,0,0,0,0,0,0,0,0,0,0,0,0,0,0,0
126219,Marihuana,1936,1,0,0,0,0,0,0,0,1,0,0,0,0,0,0,0,0,0,0
271339,Some Like It Rare,2021,0,1,1,0,0,0,0,0,0,0,0,0,0,0,0,0,0,0,0
208693,Pippi Longstocking,1997,0,1,0,0,0,0,0,0,0,0,0,1,0,1,1,0,0,0,0
175107,The Man Without a Country,1973,1,0,0,0,0,0,0,0,0,0,0,0,0,0,0,0,0,0,0
126251,Black Belly of the Tarantula,1971,0,0,1,1,0,0,0,0,0,1,0,0,0,0,0,0,0,0,0
198157,A Rainy Day in New York,NA,0,1,0,0,0,0,0,0,0,0,0,0,1,0,0,0,0,0,0
194184,Warriors of the Apocalypse,1985,0,0,0,0,1,0,0,0,0,0,1,0,0,0,0,0,0,0,0
159554,Convent of Sinners,1986,1,0,1,0,0,0,0,0,0,0,0,0,0,0,0,0,0,0,0
257909,A Very British Christmas,2019,0,0,0,0,0,0,0,0,0,0,0,0,1,0,0,0,0,0,0
209001,The Best People,2017,0,1,0,0,0,0,0,0,0,0,0,0,0,0,0,0,0,0,0
147424,Step Lively,1944,1,0,0,0,0,0,0,0,0,0,0,0,0,0,0,0,0,0,0
196911,Amityville: No Escape,2016,0,0,1,0,0,0,0,0,0,0,0,0,0,0,0,0,0,0,0
194026,The Man Who Killed Hitler and Then the Bigfoot,2018,1,0,0,0,0,0,0,0,0,0,0,0,0,0,0,0,0,0,0
101,Bottle Rocket,1996,0,1,0,0,0,0,0,1,0,0,0,1,1,0,0,0,0,0,0
126983,City Zero,1989,1,1,0,0,0,0,0,0,0,0,1,0,0,0,0,0,0,0,0
270754,Swimming Upstream,2003,1,0,0,0,0,0,0,0,0,0,0,0,0,0,0,0,0,0,0
188275,Mermaids,2003,0,0,0,0,1,0,0,1,0,0,0,0,1,0,0,1,0,0,0
111264,"Wild Life, The",1984,1,1,0,0,0,0,0,0,0,0,0,0,0,0,0,0,0,0,0
76818,Cape No. 7 (Hái-kak chhit-ho),2008,1,1,0,0,0,0,0,0,0,0,0,0,1,0,0,0,0,0,0
144818,Submarine Raider,1942,1,0,0,0,0,0,1,0,0,0,0,0,0,0,0,0,0,0,0
265514,Honey Girls,2021,0,0,0,0,0,0,0,0,0,0,0,0,0,1,0,0,0,0,0
73196,My Love Has Been Burning (Waga koi wa moenu),1949,1,0,0,0,0,0,0,0,0,0,0,0,0,0,0,0,0,0,0
176953,Heaven Will Wait,2016,1,0,0,0,0,0,0,0,0,0,0,0,0,0,0,0,0,0,0
188349,The Hot Snow,1972,0,0,0,0,0,0,1,0,0,0,0,0,0,0,0,0,0,0,0
27644,Remember Me (Ricordati di me),2003,1,1,0,0,0,0,0,0,0,0,0,0,1,0,0,0,0,0,0
3834,Bronco Billy,1980,1,0,0,0,0,0,0,0,0,0,0,1,1,0,0,0,0,0,0
169018,Water Boyy,2015,0,0,0,0,0,0,0,0,0,0,0,0,1,0,0,0,0,0,0
6804,Crimewave,1985,0,1,0,0,0,0,0,1,0,0,0,0,0,0,0,0,0,0,0
124081,Return of the Gunfighter,1967,0,0,0,0,0,1,0,0,0,0,0,0,0,0,0,0,0,0,0
4457,All Access,2001,0,0,0,0,0,0,0,0,1,0,0,0,0,0,0,0,1,1,0
283647,Wallander 27 - The Troubled Man,2013,0,0,0,1,0,0,0,1,0,0,0,0,0,0,0,0,0,0,0
101260,StarStruck,2010,0,1,0,0,0,0,0,0,0,0,0,0,0,0,0,0,0,1,0
286407,Post Truth,2023,0,1,0,0,0,0,0,0,0,0,0,0,0,0,0,0,0,0,0
255305,Masquerade,2021,0,0,0,1,0,0,0,0,0,0,0,0,0,0,0,0,0,0,0
181589,Revelation: Dawn of Global Government,2016,0,0,0,0,0,0,0,0,1,0,0,0,0,0,0,0,0,0,0
202757,Drop Squad,1994,1,1,0,0,0,0,0,0,0,0,0,0,0,0,0,0,0,0,0
132840,Shoot to Kill,1947,0,0,0,0,0,0,0,1,0,0,0,0,0,0,0,0,0,0,0
173487,Allen Iverson: The Answer,2016,0,0,0,0,0,0,0,0,1,0,0,0,0,0,0,0,0,0,0
110380,Nitro Circus: The Movie,2012,0,1,0,0,1,0,0,0,1,0,0,0,0,0,0,0,0,0,0
191495,White Boy Rick,2018,1,0,0,0,0,0,0,1,0,0,0,0,0,0,0,0,0,0,0
238102,Foyle's War - War Games,2003,1,0,0,0,0,0,0,1,0,1,0,0,0,0,0,0,0,0,0
109740,Obvious Child,2014,0,1,0,0,0,0,0,0,0,0,0,0,1,0,0,0,0,0,0
110856,Broadway to Hollywood,1933,0,0,0,0,0,0,0,0,0,0,0,0,0,0,0,0,0,1,0
194428,Curse II: The Bite,1989,0,0,1,0,0,0,0,0,0,0,0,0,0,0,0,0,0,0,0
216257,Kikoriki. Legend of the Golden Dragon,2016,0,0,0,0,0,0,0,0,0,0,0,0,0,1,1,0,0,0,0
259063,Coalition,2015,1,0,0,0,0,0,0,0,0,0,0,0,0,0,0,0,0,0,0
193821,Nappily Ever After,2018,0,1,0,0,0,0,0,0,0,0,0,0,1,0,0,0,0,0,0
138240,Haunts,1977,0,0,1,0,0,0,0,0,0,0,0,0,0,0,0,0,0,0,0
97886,Rid of Me,2011,1,1,0,0,0,0,0,0,0,0,0,0,1,0,0,0,0,0,0
168582,Human,2013,0,0,0,0,0,0,0,0,1,1,0,0,0,0,0,0,0,0,0
183949,Pennywise: Home Movies,1996,0,0,0,0,0,0,0,0,1,0,0,0,0,0,0,0,0,0,0
146896,The Nymph,1996,1,0,0,0,0,0,0,0,0,0,0,0,1,0,0,0,0,0,0
48522,Stormbreaker (Alex Rider: Operation Stormbreaker),2006,0,0,0,0,1,0,0,0,0,0,0,0,0,1,0,0,0,0,0
217393,The Variegateds Case,1958,1,0,0,0,0,0,0,1,0,1,0,0,0,0,0,0,0,0,0
8491,White Heat,1949,1,0,0,0,0,0,0,1,0,0,0,0,0,0,0,0,0,0,1
6691,Dust,2001,1,0,0,0,0,1,0,0,0,0,0,0,0,0,0,0,0,0,0
278162,Chandralekha,1998,1,0,0,1,0,0,0,0,0,0,0,0,0,0,0,0,0,0,0
225087,Grim,1995,0,0,1,0,0,0,0,0,0,0,0,0,0,0,0,0,0,0,0
280532,"Murder, She Wrote: The Celtic Riddle",2003,0,0,0,0,0,0,0,0,0,1,0,0,0,0,0,0,0,0,0
191781,Gyo: Tokyo Fish Attack,2012,0,0,1,0,0,0,0,0,0,0,0,0,0,0,1,0,0,0,0
245888,1000 Mabrouk,1000,1,1,0,0,0,0,0,0,0,0,0,0,0,0,0,0,0,0,0
7613,White Palace,1990,1,0,0,0,0,0,0,0,0,0,0,0,0,0,0,0,0,0,0
161288,Cyborg X,2016,0,0,1,0,1,0,0,0,0,0,0,0,0,0,0,0,0,0,0
206489,Adrenochrome,2018,0,0,1,0,1,0,1,0,0,0,0,0,0,0,0,1,0,0,0
163432,Open Doors,1990,1,0,0,0,0,0,0,0,0,0,0,0,0,0,0,0,0,0,0
143170,The Silk Express,1933,1,0,0,1,0,0,0,0,0,1,0,0,0,0,0,0,0,0,0
125894,Doubting Thomas,1935,0,1,0,0,0,0,0,0,0,0,0,0,0,0,0,0,0,0,0
136479,Pablo Francisco: Bits and Pieces,2004,0,1,0,0,0,0,0,0,0,0,0,0,0,0,0,0,0,0,0
125557,"Devils Hand, The (La main du diable)",1943,0,0,1,0,0,0,0,0,0,0,0,0,0,0,0,1,0,0,0
167148,Kyle Kinane: I Liked His Old Stuff Better,2015,0,1,0,0,0,0,0,0,0,0,0,0,0,0,0,0,0,0,0
277136,Slash/Back,2022,0,0,0,1,1,0,0,0,0,0,1,0,0,0,0,0,0,0,0
161930,Hafu,2013,0,0,0,0,0,0,0,0,1,0,0,0,0,0,0,0,0,0,0
177115,Dark Waters,1993,0,0,1,0,0,0,0,0,0,1,0,0,0,0,0,0,0,0,0
185997,Life of the Party,2018,0,1,0,0,0,0,0,0,0,0,0,0,0,0,0,0,0,0,0
207684,Lucero,2019,0,0,1,0,0,0,0,0,0,1,0,0,0,0,0,0,0,0,0
237620,Saladin the Victorious,1963,1,0,0,0,0,0,1,0,0,0,0,1,0,0,0,0,0,0,0
164035,20th Century Boys - Chapter 3: Our Flag,2009,0,0,0,0,0,0,0,0,0,1,1,1,0,0,0,0,0,0,0
210267,Christmas on the Coast,2018,1,0,0,0,0,0,0,0,0,0,0,0,1,0,0,0,0,0,0
207654,Ghost Ship,2015,0,0,1,0,0,0,0,0,0,0,0,0,0,0,0,0,0,0,0
155471,Gaolbreak,1962,1,0,0,0,0,0,0,1,0,0,0,0,0,0,0,0,0,0,0
143065,Orson Welles: The One-Man Band,1995,0,0,0,0,0,0,0,0,1,0,0,0,0,0,0,0,0,0,0
256751,The Reagans,2003,1,0,0,0,0,0,0,0,0,0,0,0,1,0,0,0,0,0,0
113176,C.C. & Company (Chrome Hearts),1970,1,1,0,0,1,0,0,0,0,0,0,0,0,0,0,0,0,0,0
194861,A Twelve-Year Night,2018,1,0,0,0,0,0,0,1,0,0,0,0,0,0,0,0,0,0,0
7125,Spring Forward,1999,1,0,0,0,0,0,0,0,0,0,0,0,0,0,0,0,0,0,0
213025,Nightmare in Badham County,1976,1,0,0,0,1,0,0,1,0,0,0,0,0,0,0,0,0,0,0
291683,Like Sheep Among Wolves,2023,1,0,0,0,0,0,0,1,0,0,0,0,0,0,0,0,0,0,0
220608,A Jihad for Love,2007,0,0,0,0,0,0,0,0,1,0,0,0,0,0,0,0,0,0,0
98859,Never Say... Never! (Il ne faut jurer... de rien!),2005,0,1,0,0,0,0,0,0,0,0,0,0,0,0,0,0,0,0,0
52806,Tales from Earthsea (Gedo Senki),2006,0,0,0,0,0,0,0,0,0,0,0,1,0,0,1,1,0,0,0
187201,Lyle,2014,1,0,1,0,0,0,0,0,0,0,0,0,0,0,0,0,0,0,0
179775,Rootin' Tootin' Rhythm,1937,0,0,0,0,0,1,0,0,0,0,0,0,0,0,0,0,0,0,0
125197,That’s What She Said,2012,0,1,0,0,0,0,0,0,0,0,0,0,0,0,0,0,0,0,0
113868,To Be Takei,2014,0,0,0,0,0,0,0,0,1,0,0,0,0,0,0,0,0,0,0
27834,"Return, The (Vozvrashcheniye)",2003,1,0,0,0,0,0,0,0,0,0,0,0,0,0,0,0,0,0,0
250372,What Drives Us,2021,0,0,0,0,0,0,0,0,1,0,0,0,0,0,0,0,0,0,0
247432,Eastwood Directs: The Untold Story,2013,0,0,0,0,0,0,0,0,1,0,0,0,0,0,0,0,0,0,0
280782,Vasil,2022,1,1,0,0,0,0,0,0,0,0,0,0,0,0,0,0,0,0,0
172405,The Saddest Boy in the World,2006,1,0,0,0,0,0,0,0,0,0,0,0,0,0,0,0,0,0,0
86510,"No Blood Relation (Stepchild, The) (Nasanunaka)",1932,1,0,0,0,0,0,0,0,0,0,0,0,0,0,0,0,0,0,0
121861,The Member of the Wedding,1997,1,0,0,0,0,0,0,0,0,0,0,0,1,0,0,0,0,0,0
160211,Un homme de trop,1967,1,0,0,1,0,0,1,0,0,0,0,0,0,0,0,0,0,0,0
66639,Street Fighter: The Legend of Chun-Li,2009,0,0,0,1,1,0,0,0,0,0,1,1,0,0,0,0,0,0,0
73256,Heart of Midnight,1988,1,0,1,1,0,0,0,0,0,0,0,0,0,0,0,0,0,0,0
2713,Lake Placid,1999,0,0,1,1,0,0,0,0,0,0,0,0,0,0,0,0,0,0,0
231145,What Lies Below,2020,0,0,1,1,0,0,0,0,0,1,0,0,0,0,0,0,0,0,0
278352,Gigi & Nate,2022,1,0,0,0,0,0,0,0,0,0,0,0,0,0,0,0,0,0,0
160856,The Long Island Cannibal Massacre,1980,0,0,1,0,0,0,0,0,0,0,0,0,0,0,0,0,0,0,0
199944,Big Kill,2018,0,0,0,0,1,1,0,0,0,0,0,0,0,0,0,0,0,0,0
137383,Tom and Jerry: Spy Quest,2015,0,0,0,0,0,0,0,0,0,0,0,0,0,0,1,0,0,0,0
44225,Aquamarine,2006,0,1,0,0,0,0,0,0,0,0,0,0,0,1,0,1,0,0,0
177145,The Death Collector,1976,0,0,0,0,0,0,0,1,0,0,0,0,0,0,0,0,0,0,0
133626,The Good Lie,2013,0,0,0,1,0,0,0,0,0,0,0,0,0,0,0,0,0,0,0
227943,Fritzi: A Revolutionary Tale,2019,1,0,0,0,0,0,0,0,0,0,0,0,0,1,1,0,0,0,0
279750,Parosh Pathar,1958,0,1,0,0,0,0,0,0,0,0,0,0,0,0,0,1,0,0,0
116553,The Desperate Trail,1995,1,0,0,1,1,1,0,1,0,0,0,0,0,0,0,0,0,0,0
245202,Every Breath You Take,2021,0,0,0,1,0,0,0,0,0,0,0,0,0,0,0,0,0,0,0
173645,Butterfly Kiss,2006,0,0,0,0,1,0,0,1,0,0,0,0,1,0,0,0,0,0,0
85987,River of Grass,1994,1,0,0,0,0,0,0,0,0,0,0,0,0,0,0,0,0,0,0
80729,(Untitled),2009,1,1,0,0,0,0,0,0,0,0,0,0,0,0,0,0,0,0,0
185397,Kavin Jay: Everybody Calm Down!,2018,0,1,0,0,0,0,0,0,0,0,0,0,0,0,0,0,0,0,0
247806,Forest Man,2013,0,0,0,0,0,0,0,0,1,0,0,0,0,0,0,0,0,0,0
118492,High Test Girls,1980,0,1,0,0,0,0,0,0,0,0,0,0,0,0,0,1,0,0,0
248056,The Black Battlefront Kidnappers,1973,0,0,0,0,1,0,0,1,0,0,0,0,0,0,0,0,0,0,0
147336,Tomorrow Was the War,1987,1,0,0,0,0,0,1,0,0,0,0,0,0,1,0,0,0,0,0
138996,Biohazardous,2001,0,0,1,0,1,0,0,0,0,1,1,0,0,0,0,0,0,0,0
187513,Coming Home,1998,1,0,0,0,0,0,1,0,0,0,0,0,0,0,0,0,0,0,0
208014,The Wonderland,2016,0,1,0,0,0,0,0,0,0,0,0,0,0,1,0,0,0,0,0
231531,A Christmas in Royal Fashion,2018,1,0,0,0,0,0,0,0,0,0,0,0,1,0,0,0,0,0,0
289925,A Capital Plan,1949,0,0,0,0,0,0,0,0,1,0,0,0,0,0,0,0,0,0,0
165279,El ángel de Budapest,2011,1,0,0,0,0,0,1,0,0,0,0,0,0,0,0,0,0,0,0
198451,The Woman with Red Boots,1974,1,1,0,0,0,0,0,0,0,0,0,0,0,0,0,1,0,0,0
279054,Sick,2022,0,0,1,1,0,0,0,0,0,0,0,0,0,0,0,0,0,0,0
135844,Blank: A Vinylmation Love Story,2014,0,0,0,0,0,0,0,0,0,0,0,0,0,0,1,0,0,0,0
175043,Hypothermia,2012,0,0,1,0,0,0,0,0,0,0,0,0,0,0,0,0,0,0,0
185661,WWE: Top 50 Superstars of All Time,2010,0,0,0,0,0,0,0,0,1,0,0,0,0,0,0,0,0,0,0
86455,"Sing a Song of Sex (Treatise on Japanese Bawdy Songs, A) (Nihon shunka-kô)",1967,0,0,0,1,0,0,0,0,0,0,0,0,0,0,0,0,0,0,0
72953,Less of Sugar (Cheeni Kum),2007,1,1,0,0,0,0,0,0,0,0,0,0,1,0,0,0,0,1,0
26680,Cry-Baby,1990,0,1,0,0,0,0,0,0,0,0,0,0,1,0,0,0,0,1,0
186171,Barbie Video Game Hero,2017,0,0,0,0,0,0,0,0,0,0,0,0,0,0,1,0,0,0,0
115343,Charlie Chan on Broadway,1937,0,1,0,1,0,0,0,1,0,1,0,0,0,0,0,0,0,0,0
62115,Six Shooter,2004,1,1,0,0,0,0,0,0,0,0,0,0,0,0,0,0,0,0,0
199358,Heavenly Sword,2014,0,0,0,0,1,0,0,0,0,0,0,1,0,0,1,1,0,0,0
840,House Arrest,1996,0,1,0,0,0,0,0,0,0,0,0,0,0,1,0,0,0,0,0
243994,ON-GAKU: Our Sound,2020,0,1,0,0,0,0,0,0,0,0,0,0,0,0,1,0,0,0,0
116205,The Clinic,2010,0,0,1,1,0,0,0,0,0,0,0,0,0,0,0,0,0,0,0
85889,Stand by for Action,1942,1,0,0,0,1,0,1,0,0,0,0,0,0,0,0,0,0,0,0
125027,The Extraordinary Seaman,1969,0,1,0,0,0,0,1,0,0,0,0,1,0,0,0,0,0,0,0
27736,Take My Eyes (Te doy mis ojos),2003,1,0,0,1,0,0,0,0,0,0,0,0,1,0,0,0,0,0,0
82857,Sweetgrass,2009,0,0,0,0,0,1,0,0,1,0,0,1,0,0,0,0,0,0,0
259355,"Storm Children, Book One",2014,0,0,0,0,0,0,0,0,1,0,0,0,0,0,0,0,0,0,0
227707,Helmut Newton: Frames from the Edge,1989,0,0,0,0,0,0,0,0,1,0,0,0,0,0,0,0,0,0,0
56888,Mongolian Ping-Pong (Lü cao di),2005,1,1,0,0,0,0,0,0,0,0,0,0,0,0,0,0,0,0,0
116841,Rosewater,2014,1,0,0,0,0,0,0,0,0,0,0,0,0,0,0,0,0,0,0
127337,The Caper of the Golden Bulls,1967,0,1,0,0,1,0,0,0,0,0,0,0,0,0,0,0,0,0,0
208975,Sprinter,2019,1,0,0,0,0,0,0,0,0,0,0,0,0,0,0,0,0,0,0
44665,Lucky Number Slevin,2006,1,0,0,0,0,0,0,1,0,1,0,0,0,0,0,0,0,0,0
135,Down Periscope,1996,0,1,0,0,0,0,0,0,0,0,0,0,0,0,0,0,0,0,0
5390,CQ,2001,1,0,0,0,0,0,0,0,0,0,0,0,0,0,0,0,0,0,0
1223,"Grand Day Out with Wallace and Gromit, A",1989,0,1,0,0,0,0,0,0,0,0,1,1,0,1,1,0,0,0,0
196087,Burn the Stage: The Movie,2018,0,0,0,0,0,0,0,0,1,0,0,0,0,0,0,0,0,0,0
256753,Dash and Lilly,1999,1,0,0,0,0,0,0,0,0,0,0,0,0,0,0,0,0,0,0
192845,Ecstasy,1933,1,0,0,0,0,0,0,0,0,0,0,0,1,0,0,0,0,0,0
138522,Bail Out,1990,1,1,0,1,1,0,0,0,0,0,0,1,0,0,0,0,0,0,0
167354,Stratos,2014,1,0,0,0,0,0,0,1,0,0,0,0,0,0,0,0,0,0,0
183683,The Texas Chainsaw Massacre: A Family Portrait,1988,0,0,0,0,0,0,0,0,1,0,0,0,0,0,0,0,0,0,0
289955,Ari Shaffir: Paid Regular,2015,0,1,0,0,0,0,0,0,0,0,0,0,0,0,0,0,0,0,0
139636,The Blue Elephant,2014,1,0,1,1,0,0,0,0,0,1,0,0,0,0,0,0,0,0,0
1921,Pi,1998,1,0,0,1,0,0,0,0,0,0,1,0,0,0,0,0,0,0,0
147210,Musketeers 20 Years Later,1992,0,0,0,0,0,0,0,0,0,0,0,1,0,0,0,0,0,0,0
4289,"City of Women, The (Città delle donne, La)",1980,1,1,0,0,0,0,0,0,0,0,0,0,0,0,0,0,0,0,0
27909,Windstruck (Nae yeojachingureul sogae habnida),2004,1,1,0,0,0,0,0,1,0,0,0,0,0,0,0,0,0,0,0
187873,Real Boy,2016,0,0,0,0,0,0,0,0,1,0,0,0,0,0,0,0,0,0,0
253914,Impact After the Crash,2013,0,0,0,0,0,0,0,0,1,0,0,0,0,0,0,0,0,0,0
172339,Coming & Going,2011,0,1,0,0,0,0,0,0,0,0,0,0,1,0,0,0,0,0,0
235521,Hostages,1992,1,0,0,0,0,0,0,0,0,0,0,0,0,0,0,0,0,0,0
5413,Zombie Holocaust (a.k.a. Doctor Butcher M.D.) (Zombi Holocaust),1980,0,0,1,0,0,0,0,0,0,0,0,0,0,0,0,0,0,0,0
177855,The Ultimate Guide to Penny Pinching,2011,0,0,0,0,0,0,0,0,1,0,0,0,0,0,0,0,0,0,0
169882,"Goto, Island of Love",1969,1,0,0,0,0,0,0,0,0,0,0,0,0,0,0,0,0,0,0
260101,Rangle River,1936,0,0,0,0,0,1,0,0,0,0,0,0,0,0,0,0,0,0,0
193841,The Precipice Game,2017,0,0,1,0,0,0,0,0,0,0,0,0,0,0,0,0,0,0,0
283787,Louis Armstrong's Black & Blues,2022,0,0,0,0,0,0,0,0,1,0,0,0,0,0,0,0,0,0,0
139689,My Sister's Keeper,2002,1,0,0,0,0,0,0,0,0,0,0,0,0,0,0,0,0,0,0
154198,The Rashevski Tango,2003,1,0,0,0,0,0,0,0,0,0,0,0,0,0,0,0,0,0,0
87047,"Strange Case of Angelica, The (O Estranho Caso de Angélica)",2010,1,0,0,0,0,0,0,0,0,0,0,0,0,0,0,0,0,0,0
215547,The Daughters of Fire,2018,1,0,0,0,0,0,0,0,0,0,0,0,0,0,0,0,0,0,0
196141,The Tolstoy Defence,2018,1,0,0,0,0,0,0,0,0,0,0,0,0,0,0,0,0,0,0
201865,Strange Confession,1945,1,0,1,0,0,0,0,1,0,1,0,0,0,0,0,0,0,0,0
1716,"Other Voices, Other Rooms",1995,1,0,0,0,0,0,0,0,0,0,0,0,0,0,0,0,0,0,0
103446,Epitaph,2007,0,0,1,0,0,0,0,0,0,0,0,0,0,0,0,0,0,0,0
205657,Hula Girls,2006,1,1,0,0,0,0,0,0,0,0,0,0,0,1,0,0,0,0,0
120240,Forever Lulu,2000,0,1,0,0,0,0,0,0,0,0,0,0,1,0,0,0,0,0,0
97384,Arachnoquake,2012,0,0,1,0,1,0,0,0,0,0,1,0,0,0,0,0,0,0,0
164499,Watch Your Left,1936,0,1,0,0,0,0,0,0,0,0,0,0,0,0,0,0,0,0,0
67869,Flash Gordon,1936,0,0,0,0,1,0,0,0,0,0,1,1,0,0,0,0,0,0,0
161754,Ernst Thälmann - Führer seiner Klasse,1955,1,0,0,0,0,0,0,0,0,0,0,0,0,0,0,0,0,0,0
289583,A Compassionate Spy,2022,0,0,0,0,0,0,0,0,1,0,0,0,0,0,0,0,0,0,0
249900,Finding Happiness,2014,0,0,0,0,0,0,0,0,1,0,0,0,0,0,0,0,0,0,0
436,Color of Night,1994,1,0,0,1,0,0,0,0,0,0,0,0,0,0,0,0,0,0,0
172679,The Heat,2006,0,1,0,0,0,0,0,0,0,0,0,0,1,0,0,0,0,0,0
119834,"Saturday, Sunday and Friday",1979,0,1,0,0,0,0,0,0,0,0,0,0,0,0,0,0,0,0,0
279292,Dig,2022,0,0,0,1,0,0,0,0,0,0,0,0,0,0,0,0,0,0,0
211444,Moomins and the Winter Wonderland,2017,0,0,0,0,0,0,0,0,0,0,0,1,0,1,1,0,0,0,0
139391,The Manhandlers,1974,1,0,0,0,1,0,0,1,0,0,0,0,0,0,0,0,0,0,0
137102,Haunted Highway,2006,0,0,1,1,0,0,0,0,0,0,0,0,0,0,0,0,0,0,0
146768,Without Knowing Anything About Her,1969,0,0,0,1,0,0,0,0,0,0,1,0,0,0,0,0,0,0,0
272745,Hollywood Rated 'R',1997,0,0,1,0,0,0,0,0,1,0,1,0,0,0,0,0,0,0,0
2878,Hell Night,1981,0,0,1,0,0,0,0,0,0,0,0,0,0,0,0,0,0,0,0
103621,Brain Dead,1990,0,0,1,0,0,0,0,0,0,0,1,0,0,0,0,0,0,0,0
182887,The Parrot,2016,0,0,0,1,0,0,0,0,0,0,0,0,0,0,0,0,0,0,0
283027,Puss in Boots,1968,0,0,0,0,0,0,0,0,0,0,0,0,0,1,1,1,0,0,0
101249,"Thousand Cuts, A",2012,0,0,0,1,0,0,0,0,0,0,0,0,0,0,0,0,0,0,0
120315,Gloriously Wasted,2012,0,1,0,0,0,0,0,0,0,0,0,0,0,0,0,0,0,0,0
27152,Pitkä kuuma kesä,1999,1,1,0,0,0,0,0,0,0,0,0,0,0,0,0,0,0,0,0
189295,Flowers in the Shadow,2008,1,1,0,0,0,0,0,0,0,0,0,0,0,0,0,0,0,0,0
3888,Skipped Parts,2000,1,0,0,0,0,0,0,0,0,0,0,0,1,0,0,0,0,0,0
7329,Walk on the Wild Side,1962,1,0,0,0,0,0,0,0,0,0,0,0,0,0,0,0,0,0,0
99893,Sangre de mi sangre (Padre Nuestro),2007,1,0,0,1,0,0,0,0,0,0,0,0,0,0,0,0,0,0,0
194268,Farming,2018,1,0,0,0,0,0,0,0,0,0,0,0,0,0,0,0,0,0,0
168982,Floyd Norman: An Animated Life,2016,0,0,0,0,0,0,0,0,1,0,0,0,0,0,0,0,0,0,0
273101,The Demons of Ludlow,1983,0,0,1,0,0,0,0,0,0,0,0,0,0,0,0,0,0,0,0
173667,Zigzag of Success,1968,0,1,0,0,0,0,0,0,0,0,0,0,0,0,0,0,0,0,0
278592,Nowy,1970,0,1,0,0,0,0,0,0,0,0,0,0,0,0,0,0,0,0,0
207896,Shadow Wolves,2019,0,0,0,1,1,0,0,0,0,0,0,1,0,0,0,0,0,0,0
173117,Quest of the Delta Knights,1993,0,0,0,0,1,0,0,0,0,0,0,1,0,0,0,1,0,0,0
186371,The Pleasure Girls,1965,1,0,0,0,0,0,0,0,0,0,0,0,0,0,0,0,0,0,0
250832,Detective Conan: The Scarlet Bullet,2021,0,0,0,1,1,0,0,1,0,1,0,0,1,0,1,0,0,0,0
4046,Friendly Persuasion,1956,1,0,0,0,0,0,0,0,0,0,0,0,0,0,0,0,0,0,0
99741,"Company You Keep, The",2012,0,0,0,1,0,0,0,0,0,0,0,0,0,0,0,0,0,0,0
106832,7th Cavalry (Seventh Cavalry),1956,0,0,0,0,0,1,0,0,0,0,0,0,0,0,0,0,0,0,0
190551,Blindspotting,2018,1,1,0,0,0,0,0,0,0,0,0,0,0,0,0,0,0,0,0
230025,Karaoke Crazies,2016,0,0,0,0,0,0,0,0,0,1,0,0,0,0,0,1,0,0,0
285569,T. Rex Autopsy,2015,0,0,0,0,0,0,0,0,1,0,0,0,0,0,0,0,0,0,0
116042,Christine,1958,1,0,0,0,0,0,0,0,0,0,0,0,0,0,0,0,0,0,0
3889,Highlander: Endgame (Highlander IV),2000,0,0,0,0,1,0,0,0,0,0,0,1,0,0,0,1,0,0,0
27616,Tiptoes,2003,1,1,0,0,0,0,0,0,0,0,0,0,1,0,0,0,0,0,0
287131,Future Soldier,2023,0,0,0,0,1,0,0,0,0,0,1,0,0,0,0,0,0,0,0
2473,Soul Man,1986,0,1,0,0,0,0,0,0,0,0,0,0,0,0,0,0,0,0,0
154984,I Am What I Am,1967,1,0,0,1,0,0,0,0,0,1,0,0,0,0,0,0,0,0,0
150882,Happy New York,1997,0,1,0,0,0,0,0,0,0,0,0,0,0,0,0,0,0,0,0
179467,The Reality of Me,2012,0,0,0,0,0,0,0,0,1,0,0,0,0,0,0,0,0,0,0
197247,Bravo Virtuoso,2018,0,1,0,0,1,0,0,1,0,0,0,0,0,0,0,0,0,0,0
216881,Capone,2020,1,0,0,0,0,0,0,1,0,0,0,0,0,0,0,0,0,0,0
113746,Redwood Highway,2013,1,0,0,0,0,0,0,0,0,0,0,0,0,0,0,0,0,0,0
26349,Night Moves,1975,0,0,0,1,0,0,0,1,0,0,0,0,0,0,0,0,0,0,0
136319,The Mad Butcher,1971,0,0,1,0,0,0,0,0,0,0,0,0,0,0,0,0,0,0,0
184389,Under The Greenwood Tree,2005,1,0,0,0,0,0,0,0,0,0,0,0,1,0,0,0,0,0,0
186433,Be My Slave,2012,1,1,0,0,0,0,0,0,0,0,0,0,1,0,0,0,0,0,0
163713,Rampage: Capital Punishment,2014,0,0,0,1,1,0,0,1,0,0,0,0,0,0,0,0,0,0,0
39941,"Love on the Run (Amour en fuite, L')",1979,1,1,0,0,0,0,0,0,0,0,0,0,1,0,0,0,0,0,0
2374,Gung Ho,1986,1,1,0,0,0,0,0,0,0,0,0,0,0,0,0,0,0,0,0
214262,Hooking Up,2020,1,1,0,0,0,0,0,0,0,0,0,0,0,0,0,0,0,0,0
123585,Love,2012,1,0,0,0,0,0,0,0,0,0,0,0,1,0,0,0,0,0,0
94442,"Story Written with Water, A (Mizu de kakareta monogatari)",1965,1,0,0,0,0,0,0,0,0,0,0,0,0,0,0,0,0,0,0
98015,Jack and Diane,2012,1,0,1,0,0,0,0,0,0,0,0,0,1,0,0,0,0,0,0
143925,Broadway Hostess,1935,1,0,0,0,0,0,0,0,0,0,0,0,1,0,0,0,0,0,0
235835,Loved Up,1995,1,0,0,0,0,0,0,0,0,0,0,0,1,0,0,0,0,0,0
286165,The Contact,1997,0,0,0,0,0,0,0,0,0,0,0,0,1,0,0,0,0,0,0
91302,"Tree, The",2010,1,0,0,0,0,0,0,0,0,0,0,0,0,1,0,0,0,0,0
7110,Blind Beast (Môjuu),1969,1,0,0,1,0,0,0,0,0,0,0,0,0,0,0,0,0,0,0
115068,"Bride from Hades, The (Botan-dôrô) (Peony Lantern) (Tale of Peonies and Lanterns, A)",1968,0,0,1,0,0,0,0,0,0,0,0,0,0,0,0,0,0,0,0
88235,"Guard, The",2011,0,1,0,0,0,0,0,1,0,0,0,0,0,0,0,0,0,0,0
225025,Centipede Horror,1982,0,0,1,0,0,0,0,0,0,0,0,0,0,0,0,0,0,0,0
275603,"Snoopy Presents: To Mom (and Dad), With Love",2022,0,0,0,0,0,0,0,0,0,0,0,0,0,0,1,0,0,0,0
284183,Pueblerina,1949,1,0,0,0,0,0,0,0,0,0,0,0,1,0,0,0,0,0,0
288875,The Retirement Plan,2023,0,1,0,0,1,0,0,0,0,0,0,0,0,0,0,0,0,0,0
99108,"Girl on a Motorcycle, The",1968,1,0,0,0,0,0,0,0,0,0,0,0,1,0,0,0,0,0,0
69429,Home from the Hill,1960,1,0,0,0,0,0,0,0,0,0,0,0,1,0,0,0,0,0,0
163430,A Simple Story,1991,1,0,0,0,0,0,0,0,0,0,0,0,0,0,0,0,0,0,0
187535,Bróder,2010,1,0,0,0,0,0,0,0,0,0,0,0,0,0,0,0,0,0,0
130704,Hot T-Shirts,1980,0,0,0,0,1,0,0,0,0,0,0,0,0,0,0,0,0,0,0
32277,Girl Crazy,1943,0,1,0,0,0,0,0,0,0,0,0,0,1,0,0,0,0,1,0
639,Girl 6,1996,1,1,0,0,0,0,0,0,0,0,0,0,0,0,0,0,0,0,0
27232,Beautiful Joe,2000,1,1,0,0,0,0,0,0,0,0,0,0,1,0,0,0,0,0,0
274287,Bear Witness,2022,0,0,0,0,0,0,0,0,1,0,0,0,0,0,0,0,0,0,0
196001,My Life with James Dean,2017,0,1,0,0,0,0,0,0,0,0,0,0,0,0,0,0,0,0,0
151969,Style,2001,0,0,0,1,0,0,0,0,0,0,0,0,0,0,0,0,0,0,0
159622,8213: Gacy House,8213,0,0,1,0,0,0,0,1,0,1,0,0,0,0,0,0,0,0,0
143888,Gallows Road,2015,1,0,0,0,0,0,0,0,0,0,0,0,0,0,0,0,0,0,0
267928,Unreal News Reel,1923,0,1,0,0,0,0,0,0,0,0,0,0,0,0,0,0,0,0,0
169234,White Wolves - A Cry in the Wild II,1993,0,0,0,0,1,0,0,0,0,0,0,1,0,1,0,0,0,0,0
262581,Marathon,1993,0,0,0,0,0,0,0,0,1,0,0,0,0,0,0,0,0,0,0
176955,It's Gawd!,2017,1,1,0,0,0,0,0,0,0,0,0,0,0,0,0,0,0,0,0
255263,The Bikes of Wrath,2018,0,0,0,0,0,0,0,0,1,0,0,0,0,0,0,0,0,0,0
235981,Psycho Prom Queen,2018,0,0,0,1,0,0,0,0,0,0,0,0,0,0,0,0,0,0,0
289043,Blondi,2023,1,1,0,0,0,0,0,0,0,0,0,0,0,0,0,0,0,0,0
187197,Hitler's Hollywood,2017,0,0,0,0,0,0,0,0,1,0,0,0,0,0,0,0,0,0,0
47566,Born to Kill,1947,1,0,0,0,0,0,0,1,0,0,0,0,0,0,0,0,0,0,1
168504,Abou Ben Boogie,1944,0,0,0,0,0,0,0,0,0,0,0,0,0,0,1,0,0,0,0
199265,The Fall of the American Empire,2018,1,0,0,0,0,0,0,0,0,0,0,0,0,0,0,0,0,0,0
181895,The Simple Things,1953,0,1,0,0,0,0,0,0,0,0,0,0,0,1,1,0,0,0,0
145034,Journey to the Shore,2015,1,0,0,0,0,0,0,0,0,0,0,0,1,0,0,1,0,0,0
154798,A Story of the Forest: Mavka,1980,0,0,0,0,0,0,0,0,0,0,0,0,0,0,0,1,0,0,0
186103,Beneath Clouds,2002,1,0,0,0,0,0,0,0,0,0,0,0,1,0,0,0,0,0,0
81429,"Maze, The",2010,0,0,1,0,0,0,0,0,0,0,0,0,0,0,0,0,0,0,0
176187,An American Vampire Story,1997,0,1,1,0,0,0,0,0,0,0,0,0,0,0,0,0,0,0,0
284637,The Merry Old Soul,1935,0,0,0,0,0,0,0,0,0,0,0,0,0,0,1,0,0,0,0
183209,Malasartes e o Duelo com a Morte,2017,0,1,0,0,0,0,0,0,0,0,0,0,0,0,0,0,0,0,0
141402,Star Trek: Renegades,2015,0,0,0,0,1,0,0,0,0,0,1,1,0,0,0,0,0,0,0
172271,Perfect Opposites,2004,1,1,0,0,0,0,0,0,0,0,0,0,1,0,0,0,0,0,0
173133,Brides of Blood,1968,0,0,1,0,0,0,0,0,0,0,1,0,0,0,0,0,0,0,0
5784,Ghost Ship,2002,0,0,1,0,0,0,0,0,0,0,0,0,0,0,0,0,0,0,0
149780,Love Now,2007,0,0,0,0,0,0,0,0,0,0,0,0,1,0,0,0,0,0,0
177245,Same Kind of Different as Me,2017,1,0,0,0,0,0,0,0,0,0,0,0,0,0,0,0,0,0,0
178029,Films to Keep You Awake: To Let,2006,0,0,1,1,0,0,0,0,0,0,0,0,0,0,0,0,0,0,0
288579,Dave Lester: And How Did That Make You Feel?,2023,0,1,0,0,0,0,0,0,0,0,0,0,0,0,0,0,0,0,0
170771,The Recipe,2010,1,0,0,1,0,0,0,0,0,1,0,0,1,0,0,0,0,0,0
211267,Demon in the Bottle,1996,0,1,0,0,0,0,0,0,0,0,0,1,0,1,0,1,0,0,0
268618,I Was a Simple Man,2021,1,0,0,0,0,0,0,0,0,0,0,0,0,0,0,0,0,0,0
210931,A Snow Globe Christmas,2013,1,1,0,0,0,0,0,0,0,0,0,0,0,0,0,0,0,0,0
194248,The Business of Amateurs,2016,0,0,0,0,0,0,0,0,1,0,0,0,0,0,0,0,0,0,0
166346,The Wedding Pact,2014,0,1,0,0,0,0,0,0,0,0,0,0,1,0,0,0,0,0,0
4449,Adanggaman,2000,1,0,0,0,0,0,0,0,0,0,0,0,0,0,0,0,0,0,0
3104,Midnight Run,1988,0,1,0,1,1,0,0,1,0,0,0,0,0,0,0,0,0,0,0
159069,Comedy of the Strict Regime,1993,0,1,0,0,0,0,0,0,0,0,0,0,0,0,0,0,0,0,0
3279,Knockout,2000,1,0,0,0,1,0,0,0,0,0,0,0,0,0,0,0,0,0,0
113288,Ambush,1950,0,0,0,0,0,1,0,0,0,0,0,0,0,0,0,0,0,0,0
258127,Cries of the Unborn,2017,1,0,0,0,0,0,0,0,0,0,0,0,0,0,0,0,0,0,0
242908,The Seventh Day,2021,0,0,1,0,0,0,0,0,0,0,0,0,0,0,0,0,0,0,0
265544,Golden Eyes,1968,1,0,0,0,0,0,0,0,0,0,0,0,0,0,0,0,0,0,0
219101,The Will,2020,1,0,0,0,0,0,0,0,0,0,0,0,1,0,0,0,0,0,0
132575,50 to 1,2014,1,0,0,0,0,0,0,0,0,0,0,0,0,0,0,0,0,0,0
2524,"Towering Inferno, The",1974,1,0,0,1,1,0,0,0,0,0,0,1,0,0,0,0,0,0,0
148921,The Legend of Barney Thomson,2015,1,1,0,1,0,0,0,0,0,0,0,0,0,0,0,0,0,0,0
36799,Sometimes in April,2005,1,0,0,0,0,0,1,0,0,0,0,0,0,0,0,0,0,0,0
158514,To the Last Man,1933,0,0,0,0,0,1,0,0,0,0,0,0,0,0,0,0,0,0,0
5401,Undercover Brother,2002,0,1,0,0,0,0,0,0,0,0,0,0,0,0,0,0,0,0,0
206688,13 Demons,2016,0,0,0,1,0,0,0,0,0,0,0,0,0,0,0,0,0,0,0
124673,Tenth Avenue Angel,1948,1,0,0,0,0,0,0,0,0,0,0,0,0,0,0,0,0,0,0
193067,The Mountain,2018,1,0,0,0,0,0,0,0,0,0,0,0,0,0,0,0,0,0,0
200572,Lost Airmen of Buchenwald,2011,0,0,0,0,0,0,1,0,1,0,0,0,0,0,0,0,0,0,0
272905,Scenes from a Marriage,1974,1,0,0,0,0,0,0,0,0,0,0,0,1,0,0,0,0,0,0
213920,Aphrodisiac!: The Sexual Secret of Marijuana,1971,0,0,0,0,0,0,0,0,1,0,0,0,0,0,0,0,0,0,0
132954,Awake: The Life of Yogananda,2014,0,0,0,0,0,0,0,0,1,0,0,0,0,0,0,0,0,0,0
143047,Dark Blood,2012,0,0,0,1,0,0,0,0,0,0,0,0,0,0,0,0,0,0,0
235143,Poitín,1978,1,0,0,0,0,0,0,0,0,0,0,0,0,0,0,0,0,0,0
145368,The Profane Exhibit,2013,0,0,1,0,0,0,0,0,0,0,0,0,0,0,0,0,0,0,0
217015,Family Without a Dinner Table,1985,1,0,0,0,0,0,0,0,0,0,0,0,0,0,0,0,0,0,0
233939,A Very Charming Christmas Town,2020,0,0,0,0,0,0,0,0,0,0,0,0,1,0,0,0,0,0,0
142470,City Beneath the Sea,1971,0,0,0,0,1,0,0,0,0,0,1,0,0,0,0,0,0,0,0
128065,The Cape Town Affair,1967,0,0,0,1,1,0,0,0,0,0,0,0,0,0,0,0,0,0,0
200144,"Young, Single & Angry",2006,0,1,0,0,0,0,0,0,0,0,0,0,1,0,0,0,0,0,0
123894,Fairy Tales,1978,0,1,0,0,0,0,0,0,0,0,0,0,1,0,0,0,0,0,0
41753,8 Million Ways to Die,1986,0,0,0,1,1,0,0,1,0,0,0,1,0,0,0,0,0,0,0
94819,You Can't Win 'Em All,1970,0,1,0,0,0,0,1,0,0,0,0,1,0,0,0,0,0,0,0
207427,The boundaries,1995,1,0,0,0,0,0,0,0,0,0,0,0,0,0,0,0,0,0,0
204538,Bottom of the 9th,2019,1,0,0,0,0,0,0,1,0,0,0,0,0,0,0,0,0,0,0
274667,Drake's Venture,1980,1,0,0,0,0,0,0,0,0,0,0,0,0,0,0,0,0,0,0
192799,Bad Reputation,2018,0,0,0,0,0,0,0,0,1,0,0,0,0,0,0,0,0,0,0
6038,Tune in Tomorrow...,1990,0,1,0,0,0,0,0,0,0,0,0,0,1,0,0,0,0,0,0
262707,My Father Is an Airplane,2021,1,0,0,0,0,0,0,0,0,0,0,0,0,0,0,0,0,0,0
159500,"Amigo, Stay Away",1972,0,0,0,0,0,1,0,0,0,0,0,0,0,0,0,0,0,0,0
208677,Every Song is About Me,2010,0,1,0,0,0,0,0,0,0,0,0,0,1,0,0,0,0,0,0
191159,Cold Sweat,2010,0,0,1,1,1,0,0,0,0,0,0,0,0,0,0,0,0,0,0
164859,Escape to Witch Mountain,1995,0,0,0,0,0,0,0,0,0,0,0,1,0,1,0,1,0,0,0
204640,Grappler Baki,1994,0,0,0,0,1,0,0,0,0,0,0,0,0,0,1,0,0,0,0
73513,"Swades: We, the People (Our Country)",2004,1,0,0,0,0,0,0,0,0,0,0,0,0,0,0,0,0,0,0
159644,Christmas in Compton,2012,0,1,0,0,0,0,0,0,0,0,0,0,0,0,0,0,0,0,0
145326,Uncertain Glory,1944,1,0,0,0,0,0,0,0,0,0,0,0,0,0,0,0,0,0,0
235655,Alien Girl,2010,1,0,0,0,1,0,0,0,0,0,0,0,0,0,0,0,0,0,0
177517,End Day,2005,1,0,0,1,0,0,0,0,0,0,0,0,0,0,0,0,0,0,0
130660,The Happy Hooker,1975,1,1,0,0,0,0,0,0,0,0,0,0,1,0,0,0,0,0,0
230705,Children of the Corn,2020,0,0,1,1,0,0,0,0,0,0,0,0,0,0,0,0,0,0,0
72178,Welcome to Dongmakgol,2005,1,1,0,0,0,0,1,0,0,0,0,0,0,0,0,0,0,0,0
158707,Chariot,2013,1,0,0,1,0,0,0,0,0,0,0,0,0,0,0,0,0,0,0
114398,Chad Hanna,1940,1,0,0,0,0,0,0,0,0,0,0,0,1,0,0,0,0,0,0
101428,Kill for Me,2013,1,0,0,1,0,0,0,0,0,0,0,0,0,0,0,0,0,0,0
185421,If There Be Thorns,2015,1,0,0,0,0,0,0,0,0,0,0,0,0,0,0,0,0,0,0
140671,The Black Hand,1973,0,0,0,0,0,0,0,1,0,0,0,0,0,0,0,0,0,0,0
209085,The Mistletoe Secret,2019,0,0,0,0,0,0,0,0,0,0,0,0,1,0,0,0,0,0,0
1623,Wishmaster,1997,0,0,1,0,0,0,0,0,0,0,0,0,0,0,0,0,0,0,0
192115,Room 205 of Fear,2011,1,0,1,0,0,0,0,0,0,0,0,0,0,0,0,0,0,0,0
153752,White Fire,1984,0,0,0,1,1,0,0,0,0,0,0,0,0,0,0,0,0,0,0
235767,Paranormal Effect,2010,0,0,1,1,0,0,0,0,0,1,0,0,0,0,0,0,0,0,0
154019,Stagecoach of the Condemned,1970,0,0,0,0,0,1,0,0,0,0,0,0,0,0,0,0,0,0,0
128391,Destruction Force,1977,0,0,0,0,0,0,0,1,0,0,0,0,0,0,0,0,0,0,0
143009,Pure,2009,1,0,0,0,0,0,0,0,0,0,0,0,0,0,0,0,0,0,0
245366,Kapaemahu,2020,0,0,0,0,0,0,0,0,0,0,0,0,0,0,1,1,0,0,0
69906,Possessed,2000,1,0,1,0,0,0,0,0,0,0,0,0,0,0,0,0,0,0,0
925,Golden Earrings,1947,0,0,0,0,0,0,1,0,0,0,0,1,1,0,0,0,0,0,0
121229,Lady Cocoa,1975,1,0,0,0,0,0,0,1,0,0,0,0,0,0,0,0,0,0,0
161060,Goldstone,2016,0,0,0,1,0,0,0,1,0,0,0,0,0,0,0,0,0,0,0
287053,Who is Mihri,2022,0,0,0,0,0,0,0,0,1,0,0,0,0,0,0,0,0,0,0
188021,You Choose!,2017,0,1,0,0,0,0,0,0,0,0,0,0,1,0,0,0,0,0,0
1036,Die Hard,1988,0,0,0,1,1,0,0,1,0,0,0,0,0,0,0,0,0,0,0
5783,Derrida,2002,0,0,0,0,0,0,0,0,1,0,0,0,0,0,0,0,0,0,0
34240,"Karol: A Man Who Became Pope (Karol, un uomo diventato Papa) (Karol. Czlowiek, który zostal papiezem)",2005,1,0,0,0,0,0,0,0,0,0,0,0,0,0,0,0,0,0,0
192689,Two in Love,1965,1,0,0,0,0,0,0,0,0,0,0,0,1,0,0,0,0,0,0
70898,Post Grad,2009,0,1,0,0,0,0,0,0,0,0,0,0,0,0,0,0,0,0,0
105827,Rebirth of Mothra,1996,0,0,0,0,1,0,0,0,0,0,1,0,0,0,0,1,0,0,0
166962,This Unnameable Little Broom,1985,0,0,0,0,0,0,0,0,0,0,0,0,0,0,1,0,0,0,0
83086,Burlesque,2010,1,0,0,0,0,0,0,0,0,0,0,0,1,0,0,0,0,1,0
442,Demolition Man,1993,0,0,0,0,1,0,0,0,0,0,1,1,0,0,0,0,0,0,0
213365,Be My Baby,2006,0,1,0,0,0,0,0,0,0,0,0,0,1,0,0,0,0,0,0
146788,"Joyeux Noël, Bonne Année",1989,1,1,0,0,0,0,0,0,0,0,0,0,0,0,0,0,0,0,0
152167,Ho visto le stelle,2003,0,1,0,0,0,0,0,0,0,0,0,0,0,0,0,0,0,0,0
206819,Anna,2017,0,0,1,0,0,0,0,0,0,0,0,0,0,0,0,0,0,0,0
73511,Horsemen,2009,1,0,1,1,0,0,0,1,0,1,0,0,0,0,0,0,0,0,0
198743,Inner Sanctum,1948,0,0,0,1,0,0,0,0,0,1,0,0,0,0,0,0,0,0,0
139138,Paruthiveeran,2007,1,0,0,0,1,0,0,0,0,0,0,0,0,0,0,0,0,0,0
267766,The Super Bob Einstein Movie,2021,0,0,0,0,0,0,0,0,1,0,0,0,0,0,0,0,0,0,0
87890,"Carey Treatment, The",1972,0,0,0,0,0,0,0,0,0,1,0,0,0,0,0,0,0,0,0
160321,The Drummer,2007,1,0,0,0,1,0,0,0,0,0,0,0,0,0,0,0,0,0,0
216677,The Blackout,2015,1,0,0,1,0,0,0,0,0,0,0,0,0,0,0,0,0,0,0
209901,Year of Enlightment,1986,1,0,0,0,0,0,1,0,0,0,0,0,0,0,0,0,0,0,0
173589,Assault of the Killer Bimbos,1988,0,1,0,1,1,0,0,0,0,0,0,0,0,0,0,0,0,0,0
161958,Joshy,2016,0,1,0,0,0,0,0,0,0,0,0,0,0,0,0,0,0,0,0
89629,Point Blank (À bout portant),2010,0,0,0,1,1,0,0,1,0,0,0,0,0,0,0,0,0,0,0
154560,Dreamland,2007,0,0,1,0,0,0,0,0,0,1,1,0,0,0,0,0,0,0,0
280988,Mandrake,2022,0,0,1,0,0,0,0,0,0,0,0,0,0,0,0,0,0,0,0
27268,Bruiser,2000,0,0,1,1,0,0,0,0,0,0,0,0,0,0,0,0,0,0,0
364,"Lion King, The",1994,1,0,0,0,0,0,0,0,0,0,0,1,0,1,1,0,1,1,0
9006,"Garden of Allah, The",1936,1,0,0,0,0,0,0,0,0,0,0,0,0,0,0,0,0,0,0
213614,I Am Jonas,2018,1,0,0,0,0,0,0,0,0,0,0,0,1,0,0,0,0,0,0
3746,Butterfly (La lengua de las mariposas),1999,1,0,0,0,0,0,0,0,0,0,0,0,0,0,0,0,0,0,0
277520,Crimean,2014,1,0,0,0,0,0,1,0,0,0,0,0,0,0,0,0,0,0,0
3295,Raining Stones,1993,1,0,0,0,0,0,0,0,0,0,0,0,0,0,0,0,0,0,0
200458,Nie kłam kochanie,2008,0,1,0,0,0,0,0,0,0,0,0,0,0,0,0,0,0,0,0
233623,Nothing Happens,2017,0,0,0,0,0,0,0,0,0,0,0,0,0,0,1,0,0,0,0
189971,Pohjan tähteet,1969,0,1,0,0,0,0,0,0,0,0,0,0,0,0,0,0,0,0,0
220432,Chintu Ka Birthday,2020,1,0,0,0,0,0,0,0,0,0,0,0,0,0,0,0,0,0,0
287509,Anwar: The Untold Story,2023,1,0,0,0,0,0,0,0,0,0,0,0,0,0,0,0,0,0,0
8998,That's Entertainment,1974,0,0,0,0,0,0,0,0,1,0,0,0,0,0,0,0,0,0,0
539,Sleepless in Seattle,1993,1,1,0,0,0,0,0,0,0,0,0,0,1,0,0,0,0,0,0
224605,#Roxy,2018,0,1,0,0,0,0,0,0,0,0,0,0,1,0,0,0,0,0,0
606,Candyman: Farewell to the Flesh,1995,0,0,1,0,0,0,0,0,0,0,0,0,0,0,0,1,0,0,0
228329,Tom's Midnight Garden,1999,0,0,0,0,0,0,0,0,0,1,0,0,0,1,0,0,0,0,0
26113,"Best Man, The",1964,1,1,0,0,0,0,0,0,0,0,0,0,0,0,0,0,0,0,0
183387,Sorochinskaya yarmarka (Sorochintsi Fair),2004,0,0,0,0,0,0,0,0,0,0,0,0,0,1,0,0,0,0,0
108895,Gamera vs. Guiron,1969,0,0,0,0,1,0,0,0,0,0,0,1,0,0,0,0,0,0,0
250610,No Parking Hare,1954,0,1,0,0,0,0,0,0,0,0,0,0,0,0,1,0,0,0,0
166948,The Oath,2016,1,0,0,1,0,0,0,1,0,0,0,0,0,0,0,0,0,0,0
192433,Red Peony Gambler,1968,1,1,0,1,1,0,0,0,0,0,0,0,1,0,0,0,0,0,0
265196,The Blood Drinkers,1964,0,0,1,0,0,0,0,0,0,0,0,0,0,0,0,0,0,0,0
161420,The Dark Avenger,1955,0,0,0,0,1,0,0,0,0,0,0,1,0,0,0,0,0,0,0
81564,Megamind,2010,0,1,0,0,1,0,0,0,0,0,1,0,0,1,1,0,1,0,0
170173,Mrs. Amworth,1975,0,0,1,0,0,0,0,0,0,1,0,0,0,0,0,0,0,0,0
161856,Masked Raiders,1949,0,0,0,0,0,1,0,0,0,0,0,0,0,0,0,0,0,0,0
27449,Berlin Is in Germany,2001,1,0,0,0,0,0,0,0,0,0,0,0,0,0,0,0,0,0,0
194955,Ted - Show Me Love,2018,1,0,0,0,0,0,0,0,0,0,0,0,0,0,0,0,0,0,0
266630,The Monkey King: Reborn,2021,0,0,0,0,1,0,0,0,0,0,0,0,0,0,1,1,0,0,0
216901,Taking Father Home,2005,1,0,0,0,0,0,0,0,0,0,0,0,0,0,0,0,0,0,0
1980,Friday the 13th Part VII: The New Blood,1988,0,0,1,0,0,0,0,0,0,0,0,0,0,0,0,0,0,0,0
85298,Black Lightning (Chernaya Molniya),2009,0,0,0,0,1,0,0,0,0,0,1,1,0,0,0,0,0,0,0
6707,Cabin Fever,2002,0,0,1,1,0,0,0,0,0,0,0,0,0,0,0,0,0,0,0
123157,Julius Caesar,1971,1,0,0,0,0,0,0,0,0,0,0,0,0,0,0,0,0,0,0
91273,Bunraku,2010,1,0,0,0,1,0,0,0,0,0,0,0,0,0,0,1,0,0,0
202283,Wiener Dog Internationals,2015,0,1,0,0,0,0,0,0,0,0,0,0,0,0,0,0,0,0,0
4553,They Live,1988,0,0,0,1,1,0,0,0,0,0,1,0,0,0,0,0,0,0,0
150768,Wire Cutters,2014,0,0,0,0,0,0,0,0,0,0,0,0,0,0,1,0,0,0,0
229157,Christmas Catch,2018,0,0,0,0,0,0,0,0,0,0,0,0,1,0,0,0,0,0,0
192411,Freaky Friday,2018,0,0,0,0,0,0,0,0,0,0,0,0,0,1,0,1,0,0,0
166044,Night Shadows,1984,0,0,1,1,0,0,0,0,0,0,1,0,0,0,0,0,0,0,0
172525,The Interceptor,2009,0,0,0,1,1,0,0,0,0,0,1,0,0,0,0,0,0,0,0
258929,The Guilty,2021,1,0,0,1,0,0,0,1,0,0,0,0,0,0,0,0,0,0,0
79828,"Green Room, The (a.k.a. Vanishing Fiancee) (La chambre verte)",1978,1,0,0,0,0,0,0,0,0,0,0,0,0,0,0,0,0,0,0
6906,That Was Then... This Is Now,1985,1,0,0,0,0,0,0,0,0,0,0,0,0,0,0,0,0,0,0
165107,Sector 4: Extraction,2014,0,0,0,0,1,0,1,0,0,0,0,0,0,0,0,0,0,0,0
283387,That Beautiful Somewhere,2007,0,0,0,1,0,0,0,0,0,1,0,0,0,0,0,0,0,0,0
479,Judgment Night,1993,0,0,0,1,1,0,0,1,0,0,0,0,0,0,0,0,0,0,0
200646,Into the Dark: I'm Just F*cking With You,2019,0,1,1,1,0,0,0,0,0,0,0,0,0,0,0,0,0,0,0
135631,Three Wise Guys,2005,0,1,0,0,0,0,0,0,0,0,0,0,0,0,0,0,0,0,0
249258,The Last Hero,1982,0,0,0,0,1,0,0,0,0,0,0,0,0,0,0,0,0,0,0
217228,The Counterfeit Contessa,1994,0,1,0,0,0,0,0,0,0,0,0,0,1,0,0,0,0,0,0
6384,Love the Hard Way,2001,1,0,0,0,0,0,0,1,0,0,0,0,1,0,0,0,0,0,0
84686,Trader Horn,1931,0,0,0,0,0,0,0,0,0,0,0,1,1,0,0,0,0,0,0
163124,"Poverty, Inc.",2014,0,0,0,0,0,0,0,0,1,0,0,0,0,0,0,0,0,0,0
111259,Good People,2014,1,0,0,1,0,0,0,0,0,0,0,0,0,0,0,0,0,0,0
199960,Khook,2018,1,1,0,0,0,0,0,0,0,0,0,0,0,0,0,0,0,0,0
128788,Joy House,1964,1,0,0,0,0,0,0,0,0,0,0,0,1,0,0,0,0,0,0
6272,Eye of God,1997,1,0,0,0,0,0,0,0,0,0,0,0,0,0,0,0,0,0,0
212729,Lost and Found,1996,1,0,0,0,0,0,0,0,0,0,0,0,1,0,0,0,0,0,0
169350,Martin Lawrence Doin’ Time,2016,0,1,0,0,0,0,0,0,0,0,0,0,0,0,0,0,0,0,0
246808,Technicolour Daydream,2018,1,1,0,0,0,0,0,0,0,0,0,0,0,0,0,0,0,0,0
215985,My Stupid Boss,2016,1,1,0,0,0,0,0,0,0,0,0,0,0,0,0,0,0,0,0
169626,Tracy Morgan: Bona Fide,2014,0,1,0,0,0,0,0,0,0,0,0,0,0,0,0,0,0,0,0
241814,The Donkey King,2020,0,1,0,0,0,0,0,0,0,0,0,1,0,0,1,0,0,0,0
193009,The Pass,1988,0,0,0,0,0,0,0,0,0,0,1,0,0,0,1,0,0,0,0
262569,13 Days in France,1968,0,0,0,0,0,0,0,0,1,0,0,0,0,0,0,0,0,0,0
3966,Detour,1945,0,0,0,0,0,0,0,1,0,0,0,0,0,0,0,0,0,0,1
183575,Painkiller Jane,2005,1,0,0,0,1,0,0,0,0,0,1,0,0,0,0,0,0,0,0
164405,Call of Heroes,2016,0,0,0,0,1,0,0,0,0,0,0,0,0,0,0,0,0,0,0
150008,Suite 16,1994,0,0,0,1,0,0,0,0,0,0,0,0,1,0,0,0,0,0,0
285771,Journey,1972,1,0,0,0,0,0,0,0,0,0,0,0,0,0,0,0,0,0,0
112307,Thin Ice,1937,0,1,0,0,0,0,0,0,0,0,0,0,1,0,0,0,0,1,0
44900,Beauty and the Bastard (Tyttö sinä olet tähti),2005,1,0,0,0,0,0,0,0,0,0,0,0,1,0,0,0,0,1,0
272369,Assailant,2022,0,0,0,1,0,0,0,0,0,0,0,0,0,0,0,0,0,0,0
173841,Wounded Game,1977,1,0,0,0,0,0,0,0,0,0,0,0,0,0,0,0,0,0,0
233589,Destino: Estambul 68,1967,0,0,0,0,0,0,0,1,0,0,0,0,0,0,0,0,0,0,0
243838,Servants,2020,1,0,0,0,0,0,0,0,0,0,0,0,0,0,0,0,0,0,0
197029,Freak Show,2018,1,1,0,0,0,0,0,0,0,0,0,0,0,0,0,0,0,0,0
4580,Cyborg,1989,0,0,0,0,1,0,0,0,0,0,1,0,0,0,0,0,0,0,0
173311,Hammer,2016,1,0,0,0,1,0,0,0,0,0,0,0,0,0,0,0,0,0,0
139485,Dead End Road,2004,0,0,1,0,1,0,0,0,0,0,0,0,0,0,0,0,0,0,0
125962,Charlie Brown's Christmas Tales,2002,0,1,0,0,0,0,0,0,0,0,0,0,0,1,1,0,0,0,0
117674,El Condor,1970,0,0,0,0,1,1,0,0,0,0,0,1,1,0,0,0,0,0,0
187939,Iron Monkey 2,1996,0,0,0,0,1,0,0,0,0,0,0,0,0,0,0,0,0,0,0
173353,"Abraxas, Guardian of the Universe",1990,0,0,0,0,1,0,0,0,0,0,1,1,0,0,0,0,0,0,0
261637,The Return of Draw Egan,1916,0,0,0,0,1,1,0,0,0,0,0,1,0,0,0,0,0,0,0
2260,Wisdom,1986,1,0,0,0,0,0,0,1,0,0,0,0,0,0,0,0,0,0,0
6299,"Winged Migration (Peuple migrateur, Le)",2001,0,0,0,0,0,0,0,0,1,0,0,0,0,0,0,0,0,0,0
212283,Daughter,2019,1,0,0,0,0,0,0,0,0,0,0,0,0,0,1,0,0,0,0
3400,We're Back! A Dinosaur's Story,1993,0,0,0,0,0,0,0,0,0,0,0,1,0,1,1,1,0,0,0
256045,Arne Dahl - Himmelsöga,2015,1,0,0,0,1,0,0,0,0,0,0,0,0,0,0,0,0,0,0
149638,The Roof,1956,1,0,0,0,0,0,0,0,0,0,0,0,0,0,0,0,0,0,0
287037,"20,000 Species of Bees",2023,1,0,0,0,0,0,0,0,0,0,0,0,0,0,0,0,0,0,0
185353,"Ah, L'Amour",1995,0,1,0,0,0,0,0,0,0,0,0,0,0,0,1,0,0,0,0
5974,"Thief of Bagdad, The",1940,0,0,0,0,0,0,0,0,0,0,0,1,0,0,0,1,0,0,0
282213,Apparition,2012,1,0,0,0,0,0,0,0,0,0,0,0,0,0,0,0,0,0,0
6729,"Bostonians, The",1984,1,0,0,0,0,0,0,0,0,0,0,0,1,0,0,0,0,0,0
102419,Lesson Plan,2011,0,0,0,0,0,0,0,0,1,0,0,0,0,0,0,0,0,0,0
218779,Rainbow,1944,1,0,0,0,0,0,1,0,0,0,0,0,0,0,0,0,0,0,0
203797,Excessive Force,1993,0,0,0,0,1,0,0,0,0,0,0,0,0,0,0,0,0,0,0
221566,The Bride and the Beast,1958,0,0,1,0,0,0,0,0,0,0,0,0,0,0,0,0,0,0,0
110316,"Dinner Guest, The (L'invité)",2007,0,1,0,0,0,0,0,0,0,0,0,0,0,0,0,0,0,0,0
275009,Toscana,2022,1,1,0,0,0,0,0,0,0,0,0,0,1,0,0,0,0,0,0
159867,Captive,1991,1,0,0,1,0,0,0,0,0,0,0,0,0,0,0,0,0,0,0
131411,The Great Man Votes,1939,1,0,0,0,0,0,0,0,0,0,0,0,0,0,0,0,0,0,0
216593,Armoire,1970,0,0,0,0,0,0,0,0,0,0,0,0,0,0,1,0,0,0,0
181725,Eat the Rich,1987,0,1,0,0,1,0,0,1,0,0,0,0,0,0,0,0,0,0,0
149144,Parasyte: Part 1,2014,0,0,1,0,0,0,0,0,0,0,1,0,0,0,0,0,0,0,0
161624,Tricked,2012,1,0,0,0,0,0,0,0,0,0,0,0,0,0,0,0,0,0,0
144982,Paranormal Activity: The Ghost Dimension,2015,0,0,1,1,0,0,0,0,0,0,0,0,0,0,0,0,0,0,0
193863,Cocaine Godmother,2017,1,0,0,0,0,0,0,0,1,0,0,0,0,0,0,0,0,0,0
208257,My Soul To Keep,2019,0,0,1,1,0,0,0,0,0,0,0,0,0,0,0,0,0,0,0
206909,Garfield in the Rough,1984,0,0,0,0,0,0,0,0,0,0,0,0,0,1,1,0,0,0,0
136857,Girl House,2014,0,0,1,1,0,0,0,0,0,0,0,0,0,0,0,0,0,0,0
237966,Two Tons of Turquoise to Taos Tonight,1975,0,1,0,0,0,0,0,0,0,0,0,0,0,0,0,0,0,0,0
2064,Roger & Me,1989,0,0,0,0,0,0,0,0,1,0,0,0,0,0,0,0,0,0,0
124425,"Don't Raise the Bridge, Lower the River",1968,0,1,0,0,0,0,0,0,0,0,0,0,0,0,0,0,0,0,0
236619,The New Man,2007,1,0,0,0,0,0,0,0,0,0,0,0,0,0,0,0,0,0,0
287187,Keep Going,2018,1,0,0,0,0,0,0,0,0,0,0,0,0,0,0,0,0,0,0
265830,My Atomic Aunt,2013,0,0,0,0,0,0,0,0,1,0,0,0,0,0,0,0,0,0,0
286045,Black Snow,2020,1,0,0,0,0,0,0,0,0,0,0,0,0,0,0,0,0,0,0
248178,Goodbye Charlie Bright,2001,1,0,0,0,0,0,0,0,0,0,0,0,0,0,0,0,0,0,0
186397,Surviving The Wild,2018,0,0,0,0,1,0,0,0,0,0,0,1,0,1,0,0,0,0,0
243828,Josef,2011,1,0,0,0,1,0,1,0,0,0,0,0,0,0,0,0,0,0,0
149992,Blind,2007,1,0,0,0,0,0,0,0,0,0,0,0,1,0,0,0,0,0,0
234504,Install,2004,1,1,0,0,0,0,0,0,0,0,0,0,0,0,0,0,0,0,0
226732,Genius of the Modern World: Nietzsche,2016,0,0,0,0,0,0,0,0,1,0,0,0,0,0,0,0,0,0,0
142691,Evidence,2011,0,0,1,0,0,0,0,0,0,0,0,0,0,0,0,0,0,0,0
200626,Blondie Hits the Jackpot,1949,0,1,0,0,0,0,0,0,0,0,0,0,0,0,0,0,0,0,0
2908,Boys Don't Cry,1999,1,0,0,0,0,0,0,0,0,0,0,0,0,0,0,0,0,0,0
2212,"Man Who Knew Too Much, The",1934,1,0,0,1,0,0,0,0,0,0,0,0,0,0,0,0,0,0,0
2810,Perfect Blue,1997,0,0,1,1,0,0,0,0,0,1,0,0,0,0,1,0,0,0,0
258725,Amazing Grace,1974,0,1,0,0,0,0,0,0,0,0,0,0,0,0,0,0,0,0,0
8955,Undertow,2004,1,0,0,1,0,0,0,1,0,0,0,0,0,0,0,0,0,0,0
282,Nell,1994,1,0,0,0,0,0,0,0,0,0,0,0,0,0,0,0,0,0,0
187967,Miss Dial,2013,0,1,0,0,0,0,0,0,0,0,0,0,0,0,0,0,0,0,0
207491,Takeshi: Childhood Days,1990,1,0,0,0,0,0,0,0,0,0,0,0,0,0,0,0,0,0,0
290838,Runaway Father,1991,1,0,0,0,0,0,0,0,0,0,0,0,0,0,0,0,0,0,0
282319,Nobody's Calling,1960,1,0,0,0,0,0,1,0,0,0,0,0,1,0,0,0,0,0,0
92391,Grave Encounters,2011,0,0,1,0,0,0,0,0,0,0,0,0,0,0,0,0,0,0,0
32655,"Foul King, The (Banchikwang)",2000,0,1,0,0,0,0,0,0,0,0,0,0,0,0,0,0,0,0,0
4315,Gabriela,2001,1,1,0,0,0,0,0,0,0,0,0,0,1,0,0,0,0,0,0
279748,Goopy Bagha Feere Elo,1992,0,0,0,0,0,0,0,0,0,0,0,0,0,1,0,1,0,0,0
1777,"Wedding Singer, The",1998,0,1,0,0,0,0,0,0,0,0,0,0,1,0,0,0,0,0,0
126771,Uprise,2008,1,0,0,0,0,0,0,0,0,0,0,0,0,0,0,0,0,0,0
256147,Curveball,2020,0,1,0,1,0,0,0,1,0,0,0,0,0,0,0,0,0,0,0
288817,Nam June Paik: Moon Is The Oldest TV,2023,0,0,0,0,0,0,0,0,1,0,0,0,0,0,0,0,0,0,0
7088,Black Orpheus (Orfeu Negro),1959,1,0,0,0,0,0,0,0,0,0,0,0,1,0,0,0,0,0,0
182185,Elmer Elephant,1936,0,0,0,0,0,0,0,0,0,0,0,0,0,0,1,0,0,0,0
152226,Kill Game,2015,0,0,1,0,0,0,0,0,0,0,0,0,0,0,0,0,0,0,0
69027,OSS 117 - Lost in Rio (OSS 117: Rio ne répond plus),2009,0,1,0,0,0,0,0,0,0,0,0,1,0,0,0,0,0,0,0
236209,The United States vs. Billie Holiday,2021,1,0,0,0,0,0,0,0,0,0,0,0,0,0,0,0,0,0,0
103829,Tinpis Run,1991,1,1,0,0,0,0,0,0,0,0,0,0,0,0,0,0,0,0,0
144966,Alive,2006,1,0,0,0,0,0,0,0,0,1,0,0,0,0,0,1,0,0,0
188429,I'm Flash!,2012,1,0,0,0,1,0,0,0,0,0,0,0,0,0,0,0,0,0,0
69241,Berlin Alexanderplatz,1980,1,0,0,0,0,0,0,0,0,0,0,0,0,0,0,0,0,0,0
174851,The Last Rescue,2015,1,0,0,0,1,0,1,0,0,0,0,0,0,0,0,0,0,0,0
97039,"Man in Grey, The",1943,1,0,0,0,0,0,0,0,0,0,0,0,1,0,0,0,0,0,0
90706,"China 9, Liberty 37 (Amore, piombo e furore)",1978,0,0,0,0,0,1,0,0,0,0,0,0,0,0,0,0,0,0,0
172979,William S. Burroughs: Commissioner of Sewers,1991,0,0,0,0,0,0,0,0,1,0,0,0,0,0,0,0,0,0,0
927,"Women, The",1939,0,1,0,0,0,0,0,0,0,0,0,0,0,0,0,0,0,0,0
208617,Kingdom of the Blue Whale,2009,0,0,0,0,0,0,0,0,1,0,0,0,0,0,0,0,0,0,0
151555,"It's Not You, It's Me",2013,0,1,0,0,0,0,0,0,0,0,0,0,0,0,0,0,0,0,0
217158,The Horde,2016,0,0,1,0,1,0,0,0,0,0,0,0,0,0,0,0,0,0,0
195007,Bad Ben - The Mandela Effect,2018,0,1,1,0,0,0,0,0,0,0,0,0,0,0,0,0,0,0,0
97765,ReGeneration,2010,0,0,0,0,0,0,0,0,1,0,0,0,0,0,0,0,0,0,0
230719,Suspense,1946,1,0,0,0,0,0,0,0,0,0,0,0,1,0,0,0,0,0,0
123270,Without Reservations,1946,0,1,0,0,0,0,0,0,0,0,0,0,1,0,0,0,0,0,0
169070,Traitors,2013,1,0,0,0,0,0,0,0,0,0,0,0,0,0,0,0,0,0,0
227987,My Christmas Inn,2018,0,0,0,0,0,0,0,0,0,0,0,0,1,0,0,0,0,0,0
173681,White Dew,1983,0,1,0,0,0,0,0,0,0,0,0,0,0,0,0,0,0,0,0
57223,D-War (Dragon Wars),2007,1,0,0,0,1,0,0,0,0,0,0,1,0,0,0,1,0,0,0
180865,Mission Stardust,1967,0,0,0,0,0,0,0,0,0,0,1,0,0,0,0,0,0,0,0
156087,The Woods Are Still Green,2014,1,0,0,0,0,0,1,0,0,0,0,0,0,0,0,0,0,0,0
219838,At The Moon,2020,1,0,0,1,0,0,0,0,0,0,0,1,0,0,0,0,0,0,0
86190,Hanna,2011,0,0,0,1,1,0,0,0,0,1,0,1,0,0,0,0,0,0,0
37857,MirrorMask,2005,1,0,0,0,0,0,0,0,0,0,0,1,0,1,0,1,0,0,0
149988,Dossier K.,2009,1,0,0,1,1,0,0,1,0,0,0,0,0,0,0,0,0,0,0
187463,Stephanie,2017,1,0,1,0,0,0,0,0,0,1,0,0,0,0,0,1,0,0,0
5324,Life or Something Like It,2002,0,1,0,0,0,0,0,0,0,0,0,0,1,0,0,0,0,0,0
189123,Maineland,2017,0,0,0,0,0,0,0,0,1,0,0,0,0,0,0,0,0,0,0
282399,"Relax, I’m From The Future",2022,0,1,0,0,0,0,0,0,0,0,1,0,0,0,0,0,0,0,0
233197,The Man in the Woods,2020,0,0,0,1,0,0,0,0,0,1,0,0,0,0,0,0,0,0,0
282179,ThuleTuvalu,2014,0,0,0,0,0,0,0,0,1,0,0,0,0,0,0,0,0,0,0
7888,How to Succeed in Business Without Really Trying,1967,0,1,0,0,0,0,0,0,0,0,0,0,0,0,0,0,0,1,0
248112,The Haunted Hotel,2021,0,0,1,0,0,0,0,0,0,0,0,0,0,0,0,0,0,0,0
284631,Love in Glacier National: A National Park Romance,2023,0,1,0,0,0,0,0,0,0,0,0,0,1,0,0,0,0,0,0
181387,Zwerbowana miłość,2010,1,0,0,0,1,0,0,0,0,0,0,0,0,0,0,0,0,0,0
248298,Don't Tell Your Wife About It,1937,0,1,0,0,0,0,0,0,0,0,0,0,0,0,0,0,0,0,0
31349,I Married a Witch,1942,0,1,0,0,0,0,0,0,0,0,0,0,1,0,0,1,0,0,0
189313,San Antonio,2004,0,1,0,0,1,0,0,0,0,0,0,0,0,0,0,0,0,0,0
140279,Eldorado,2008,1,1,0,0,0,0,0,0,0,0,0,0,0,0,0,0,0,0,0
90211,Salaam Cinema,1995,1,1,0,0,0,0,0,0,1,0,0,0,0,0,0,0,0,0,0
174497,The Salad Mixxxer,2014,0,1,0,0,0,0,0,0,0,0,0,0,0,0,0,0,0,0,0
138394,Mai Stati Uniti,2012,0,1,0,0,0,0,0,0,0,0,0,0,0,0,0,0,0,0,0
139667,Nowhere to Hide,2009,0,0,0,1,0,0,0,0,0,0,0,0,0,0,0,0,0,0,0
150044,Buitenspel,2005,1,0,0,0,0,0,0,0,0,0,0,0,0,0,0,0,0,0,0
5298,Human Nature,2001,0,1,0,0,0,0,0,0,0,0,0,0,1,0,0,0,0,0,0
165439,Kill Buljo 2,2013,0,1,0,0,0,0,0,0,0,0,0,0,0,0,0,0,0,0,0
149864,Central Airport,1933,1,0,0,0,0,0,0,0,0,0,0,0,0,0,0,0,0,0,0
134712,Magician: The Astonishing Life and Work of Orson Welles,2014,0,0,0,0,0,0,0,0,1,0,0,0,0,0,0,0,0,0,0
2803,"Pelican Brief, The",1993,1,0,0,1,0,0,0,1,0,1,0,0,1,0,0,0,0,0,0
181079,Tumhari Sulu,2017,1,1,0,0,0,0,0,0,0,0,0,0,0,0,0,0,0,0,0
121729,The Challenge,1970,1,0,0,0,0,0,1,0,0,0,0,0,0,0,0,0,0,0,0
123713,The Longest Hundred Miles,1967,1,0,0,0,0,0,1,0,0,0,0,0,0,0,0,0,0,0,0
262251,Monster from the Ocean Floor,1954,0,0,1,0,0,0,0,0,0,0,1,0,0,0,0,0,0,0,0
158088,The Circle,1985,0,0,0,0,0,0,0,0,1,0,0,0,0,0,0,0,0,0,0
132914,Emmanuelle 6,1992,1,0,0,0,0,0,0,0,0,0,0,0,1,0,0,0,0,0,0
162026,Return of the Scarlet Pimpernel,1937,0,0,0,0,1,0,0,0,0,0,0,0,1,0,0,0,0,0,0
226746,Cadaver,2020,1,0,1,1,0,0,0,0,0,0,0,0,0,0,0,0,0,0,0
52973,Knocked Up,2007,1,1,0,0,0,0,0,0,0,0,0,0,1,0,0,0,0,0,0
100946,Fantomas (Fantômas - À l'ombre de la guillotine),1913,1,0,0,0,0,0,0,1,0,0,0,0,0,0,0,0,0,0,0
280496,Sunshine Dad,1916,0,1,0,0,0,0,0,0,0,0,0,0,0,0,0,0,0,0,0
139573,Stag,2013,0,1,0,0,0,0,0,0,0,0,0,0,0,0,0,0,0,0,0
4420,"Barefoot Contessa, The",1954,1,0,0,0,0,0,0,0,0,0,0,0,0,0,0,0,0,0,0
164697,The Dwarvenaut,2016,0,0,0,0,0,0,0,0,1,0,0,0,0,0,0,0,0,0,0
124035,The Romance of Rosy Ridge,1947,1,1,0,0,0,0,0,0,0,0,0,0,1,0,0,0,0,0,0
104283,"Wind Rises, The (Kaze tachinu)",2013,1,0,0,0,0,0,0,0,0,0,0,0,1,0,1,0,0,0,0
285109,To Catch a Killer,2023,0,0,0,1,1,0,0,1,0,0,0,0,0,0,0,0,0,0,0
56869,Drained (O cheiro do Ralo),2006,0,1,0,0,0,0,0,0,0,0,0,0,0,0,0,0,0,0,0
178171,Conventioneers,2005,1,1,0,0,0,0,0,0,0,0,0,0,1,0,0,0,0,0,0
211277,The Incredible Genie,1999,0,1,0,0,0,0,0,0,0,0,0,0,0,1,0,0,0,0,0
220918,Always Say Yes,2019,0,0,0,0,0,0,0,0,0,0,0,0,1,0,0,0,0,0,0
193399,The Under-Gifted In Vacation,1982,0,1,0,0,0,0,0,0,0,0,0,0,0,0,0,0,0,0,0
121753,Triplecross,1995,0,0,0,1,1,0,0,1,0,0,0,0,1,0,0,0,0,0,0
286427,Master Gardener,2023,1,0,0,1,0,0,0,1,0,0,0,0,0,0,0,0,0,0,0
159437,Azhar,2016,1,0,0,0,0,0,0,0,0,0,0,0,0,0,0,0,0,0,0
60666,Jimmy Carter Man from Plains,2007,0,0,0,0,0,0,0,0,1,0,0,0,0,0,0,0,0,0,0
50160,Miss Potter,2006,1,0,0,0,0,0,0,0,0,0,0,0,0,0,0,0,0,0,0
112601,Dogs,1976,0,0,1,1,0,0,0,0,0,0,0,0,0,0,0,0,0,0,0
166880,Kevorkian,2010,0,0,0,0,0,0,0,0,1,0,0,0,0,0,0,0,0,0,0
171561,The Best Day Ever,2015,0,1,0,0,0,0,0,0,0,0,0,0,0,0,0,0,0,0,0
152431,The Beauty Jungle,1964,1,1,0,0,0,0,0,0,0,0,0,0,0,0,0,0,0,0,0
223842,From Bedrooms to Billions: The PlayStation Revolution,2020,0,0,0,0,0,0,0,0,1,0,0,0,0,0,0,0,0,0,0
5808,"Weight of Water, The",2000,0,0,0,1,0,0,0,0,0,0,0,0,0,0,0,0,0,0,0
152326,Freddie as F.R.O.7.,1992,0,0,0,0,0,0,0,0,0,0,0,1,0,1,1,1,0,0,0
1198,Raiders of the Lost Ark (Indiana Jones and the Raiders of the Lost Ark),1981,0,0,0,0,1,0,0,0,0,0,0,1,0,0,0,0,0,0,0
177983,Long Dream,2000,0,0,1,0,0,0,0,0,0,0,1,0,0,0,0,0,0,0,0
185851,The Last Movie Star,2017,1,0,0,0,0,0,0,0,0,0,0,0,0,0,0,0,0,0,0
202970,Shadow Play,1986,0,0,1,0,0,0,0,0,0,1,0,0,0,0,0,0,0,0,0
180593,The Dawning,1988,1,0,0,1,0,0,0,0,0,0,0,0,0,0,0,0,0,0,0
8681,Lancelot of the Lake (Lancelot du Lac),1974,1,0,0,0,0,0,1,0,0,0,0,0,0,0,0,0,0,0,0
185303,The Dead Nation,2017,0,0,0,0,0,0,0,0,1,0,0,0,0,0,0,0,0,0,0
114060,The Drop,2014,1,0,0,1,0,0,0,1,0,0,0,0,0,0,0,0,0,0,0
118926,Straight Into Darkness,2004,1,0,0,0,1,0,1,0,0,0,0,0,0,0,0,0,0,0,0
27564,Sex Is Comedy,2002,1,1,0,0,0,0,0,0,0,0,0,0,1,0,0,0,0,0,0
203841,#Selfie69,2016,0,1,0,0,1,0,0,0,0,0,0,0,1,0,0,0,0,0,0
234701,The Secret Life of Lance Letscher,2017,0,0,0,0,0,0,0,0,1,0,0,0,0,0,0,0,0,0,0
132496,Danny Collins,2015,1,1,0,0,0,0,0,0,0,0,0,0,0,0,0,0,0,0,0
141271,Having Wonderful Time,1938,0,1,0,0,0,0,0,0,0,0,0,0,1,0,0,0,0,0,0
122591,John Loves Mary,1949,0,1,0,0,0,0,0,0,0,0,0,0,0,0,0,0,0,0,0
61136,"Objective, The",2008,0,0,1,1,0,0,1,0,0,0,1,0,0,0,0,0,0,0,0
147456,The Legend of Longwood,2014,1,0,0,0,0,0,0,0,0,0,0,1,0,1,0,0,0,0,0
134863,"Big Love Story, A",2012,0,1,0,0,0,0,0,0,0,0,0,0,1,0,0,0,0,0,0
91167,"Inconvenient Tax, An",2011,0,0,0,0,0,0,0,0,1,0,0,0,0,0,0,0,0,0,0
260273,Hotel Room,1998,1,0,0,0,0,0,0,0,0,0,0,0,0,0,0,0,0,0,0
281222,Satan in Prison,1907,0,1,0,0,0,0,0,0,0,0,0,0,0,0,0,0,0,0,0
279654,Gift of the Hoopoe,2009,0,0,0,0,0,0,0,0,0,0,0,0,0,0,1,0,0,0,0
189675,José Rizal,1998,1,0,0,0,0,0,1,0,0,0,0,0,0,0,0,0,0,0,0
175255,The Libertine,2000,0,1,0,0,0,0,0,0,0,0,0,0,0,0,0,0,0,0,0
134210,Shinsengumi: Assassins of Honor,1970,1,0,0,0,1,0,0,0,0,0,0,0,0,0,0,0,0,0,0
135846,Trava: Fist Planet,2003,0,0,0,0,0,0,0,0,0,0,1,0,0,0,1,0,0,0,0
202840,The Annihilators,1985,1,0,0,0,1,0,0,1,0,0,0,0,0,0,0,0,0,0,0
243908,To Hell and Back: The Kane Hodder Story,2017,0,0,0,0,0,0,0,0,1,0,0,0,0,0,0,0,0,0,0
162348,The 9th Life of Louis Drax,2016,0,0,0,1,0,0,0,0,0,1,0,0,0,0,0,0,0,0,0
178061,"I, Tonya",2017,1,0,0,0,0,0,0,0,0,0,0,0,0,0,0,0,0,0,0
174439,Orange Sunshine,2016,0,0,0,0,0,0,0,0,1,0,0,0,0,0,0,0,0,0,0
68237,Moon,2009,1,0,0,1,0,0,0,0,0,1,1,0,0,0,0,0,0,0,0
248284,Anupama,1966,1,0,0,0,0,0,0,0,0,0,0,0,0,1,0,0,0,0,0
70312,"Family Secret, A (Le secret de ma mère)",2006,1,1,0,0,0,0,0,0,0,0,0,0,0,0,0,0,0,1,0
177765,Coco,2017,0,0,0,0,0,0,0,0,0,0,0,1,0,1,1,0,0,0,0
43556,Annapolis,2006,1,0,0,0,0,0,0,0,0,0,0,0,0,0,0,0,0,0,0
135410,Jig,2011,0,0,0,0,0,0,0,0,1,0,0,0,0,0,0,0,0,0,0
