movieId,title,genres,year
195495,Familia,Drama,2005
3078,Liberty Heights,Drama,1999
134704,Comedy Central Roast of Charlie Sheen,Comedy,2011
219976,47 Hours to Live,Horror,2019
219976,47 Hours to Live,Thriller,2019
169206,Through the Air,Drama,2015
211986,A Raunchy Christmas Story,Comedy,2018
171387,Çalgı Çengi,Comedy,2011
31930,Masculin Féminin,Drama,1966
198189,Viper Club,Drama,2018
198189,Viper Club,Thriller,2018
183321,The Song of Lunch,Drama,2010
73449,"V.I.P.s, The",Drama,1963
80214,"Swan and the Wanderer, The (Kulkuri ja joutsen)",Drama,1999
128265,The Stranger Wore a Gun,Action,1953
128265,The Stranger Wore a Gun,Western,1953
27087,The Sinners of Hell,Drama,1960
27087,The Sinners of Hell,Horror,1960
192043,Red Cow,Drama,2018
8699,Dancing in September,Drama,2000
69964,"Giant of Marathon, The (Battaglia di Maratona, La)",Action,1959
69964,"Giant of Marathon, The (Battaglia di Maratona, La)",Drama,1959
69964,"Giant of Marathon, The (Battaglia di Maratona, La)",War,1959
6326,City of Ghosts,Crime,2002
6326,City of Ghosts,Drama,2002
6326,City of Ghosts,Thriller,2002
279808,The Grab,Documentary,2022
133547,El bosque de Karadima,Drama,2015
132309,Without a Trace,Drama,1983
132309,Without a Trace,Mystery,1983
41,Richard III,Drama,1995
41,Richard III,War,1995
75395,Frozen,Drama,2010
75395,Frozen,Horror,2010
75395,Frozen,Thriller,2010
236141,American Skin,Drama,2021
196889,Glass,Drama,2019
196889,Glass,Horror,2019
196889,Glass,Mystery,2019
196889,Glass,Sci-Fi,2019
196889,Glass,Thriller,2019
255581,Rent,Drama,2019
164183,Terminal Invasion,Horror,2002
164183,Terminal Invasion,Sci-Fi,2002
164183,Terminal Invasion,Thriller,2002
6244,Salaam Bombay!,Drama,1988
112332,Caprice,Comedy,1967
112332,Caprice,Crime,1967
112332,Caprice,Thriller,1967
157387,Paradox,Action,2016
157387,Paradox,Sci-Fi,2016
31923,"Three Musketeers, The",Action,1973
31923,"Three Musketeers, The",Adventure,1973
31923,"Three Musketeers, The",Comedy,1973
284601,Uman – The Perfect Man,Comedy,2022
27746,Ginger Snaps: Unleashed,Horror,2004
27746,Ginger Snaps: Unleashed,Thriller,2004
126044,Brutal Relax,Action,2010
126044,Brutal Relax,Comedy,2010
108313,Dirty Pictures,Drama,2000
74857,Strategic Air Command,Action,1955
74857,Strategic Air Command,Drama,1955
210481,When the Greeks,Adventure,1981
210481,When the Greeks,Drama,1981
210481,When the Greeks,War,1981
230547,Easter Under Wraps,Romance,2019
168816,Different Drummers,Children,2013
168816,Different Drummers,Drama,2013
258573,Woodlands Dark and Days Bewitched: A History of Folk Horror,Documentary,2021
270746,The Privilege,Horror,2022
227086,Eva,Drama,1948
85278,"City of Your Final Destination, The",Drama,2009
123900,Safari 3000,Action,3000
73664,Dragon Hunters (Chasseurs de dragons),Adventure,2008
73664,Dragon Hunters (Chasseurs de dragons),Animation,2008
73664,Dragon Hunters (Chasseurs de dragons),Children,2008
74141,"Holy Innocents, The (Santos inocentes, Los)",Drama,1984
117344,Ragnarok,Action,2013
117344,Ragnarok,Adventure,2013
76147,I Hate Valentine's Day,Comedy,2009
76147,I Hate Valentine's Day,Romance,2009
278286,Fuchzhou,Adventure,1993
278286,Fuchzhou,Comedy,1993
278286,Fuchzhou,Romance,1993
258571,The Righteous,Drama,2021
258571,The Righteous,Horror,2021
158723,Pom Pom,Action,1984
158723,Pom Pom,Comedy,1984
145448,Simone e Matteo: un gioco da ragazzi,Comedy,1975
287223,"Up, Down and Sideways",Comedy,1992
91071,"Late George Apley, The",Comedy,1947
138362,A Special Day,Drama,2012
198133,Road to Life,Drama,1931
289115,Bunty Aur Babli 2,Comedy,2021
289115,Bunty Aur Babli 2,Crime,2021
289115,Bunty Aur Babli 2,Drama,2021
158992,The Captive City,Action,1952
158992,The Captive City,Drama,1952
164532,Crossing Point,Action,2016
164532,Crossing Point,Thriller,2016
282117,The Wish Tree,Comedy,2008
282117,The Wish Tree,Drama,2008
254504,First Fall,Animation,2013
254504,First Fall,Drama,2013
254504,First Fall,Fantasy,2013
276035,Zwei Nasen tanken Super,Comedy,1984
168314,Be My Cat: A Film for Anne,Horror,2015
168314,Be My Cat: A Film for Anne,Thriller,2015
150134,Sous le signe de Monte Cristo,Adventure,1968
130634,Furious 7,Action,2015
130634,Furious 7,Crime,2015
130634,Furious 7,Thriller,2015
223432,You Die,Drama,2018
223432,You Die,Horror,2018
223432,You Die,Thriller,2018
164945,Brother Nature,Comedy,2016
160934,El Extra,Comedy,1962
173531,Recon 2020: The Caprini Massacre,Action,2020
173531,Recon 2020: The Caprini Massacre,Sci-Fi,2020
207952,Getting Played,Comedy,2005
207952,Getting Played,Romance,2005
76736,Grim Reaper,Horror,2007
278596,From Subway with Love,Comedy,2005
278596,From Subway with Love,Romance,2005
181937,Clown of the Jungle,Animation,1947
126030,Isabelle au bois dormant,Animation,2007
126030,Isabelle au bois dormant,Comedy,2007
141554,Disappearing Acts,Drama,2000
141554,Disappearing Acts,Romance,2000
417,Barcelona,Comedy,1994
417,Barcelona,Romance,1994
44949,Hoot,Children,2006
44949,Hoot,Comedy,2006
175003,How to Go Out on a Date in Queens,Comedy,2006
175003,How to Go Out on a Date in Queens,Romance,2006
136210,American Animal,Comedy,2012
136210,American Animal,Drama,2012
244036,Battlestar Galactica: The Lowdown,Action,2003
244036,Battlestar Galactica: The Lowdown,Adventure,2003
244036,Battlestar Galactica: The Lowdown,Drama,2003
244036,Battlestar Galactica: The Lowdown,Sci-Fi,2003
78132,The Tomb,Horror,2009
78132,The Tomb,Thriller,2009
124731,Just My Luck,Comedy,1957
269490,The Kindred,Horror,2021
269490,The Kindred,Mystery,2021
269490,The Kindred,Thriller,2021
166034,The Optimists of Nine Elms,Drama,1973
6722,Once Upon a Time in China II (Wong Fei-hung Ji Yi: Naam yi dong ji keung),Action,1992
6722,Once Upon a Time in China II (Wong Fei-hung Ji Yi: Naam yi dong ji keung),Romance,1992
195149,Ronnie Coleman: The King,Documentary,2018
186223,The Executioners,Horror,2018
186223,The Executioners,Thriller,2018
234111,Muscle,Thriller,2020
183779,The Passion,Comedy,2010
174181,The Keepers,Crime,2017
174181,The Keepers,Documentary,2017
174181,The Keepers,Drama,2017
138312,Flowerman,Drama,2014
138312,Flowerman,Romance,2014
138312,Flowerman,Thriller,2014
214158,Tarts and Flowers,Animation,1950
140016,Always Watching: A Marble Hornets Story,Horror,2015
222759,The 24th,Drama,2020
272473,Australia Day,Crime,2017
272473,Australia Day,Drama,2017
191905,Budapest Tales,Drama,1977
100719,Fake It So Real,Documentary,2012
170777,There Once Was a Dog,Animation,1982
170777,There Once Was a Dog,Children,1982
170777,There Once Was a Dog,Comedy,1982
218249,Gulabo Sitabo,Comedy,2020
218249,Gulabo Sitabo,Drama,2020
2376,"View to a Kill, A",Action,1985
2376,"View to a Kill, A",Adventure,1985
2376,"View to a Kill, A",Thriller,1985
199990,The White City,Drama,2014
281816,Wildcat,Documentary,2022
188571,Adam Chaplin,Horror,2011
140062,The Devil's Eight,Crime,1969
140062,The Devil's Eight,Drama,1969
140062,The Devil's Eight,Thriller,1969
209359,Among the Shadows,Crime,2019
209359,Among the Shadows,Horror,2019
209359,Among the Shadows,Thriller,2019
8495,Animal Factory,Crime,2000
8495,Animal Factory,Drama,2000
269240,45 Days: The Fight for a Nation,Documentary,2021
123673,The Rose Garden,Drama,1990
251836,Third Party Risk,Crime,1954
251836,Third Party Risk,Drama,1954
210771,Encounter,Horror,2016
128966,Gamera vs. Zigra,Action,1971
128966,Gamera vs. Zigra,Adventure,1971
128966,Gamera vs. Zigra,Sci-Fi,1971
188753,Unfriended: Dark Web,Horror,2018
104526,So It Goes (Korsoteoria),Drama,2012
215615,Pink Floyd: Pulse,Documentary,1995
114961,Waiting for the Sea (V ozhidanii morya),Fantasy,2012
207159,Poinsettias for Christmas,Romance,2018
265314,Charles Manson Superstar,Crime,1989
265314,Charles Manson Superstar,Documentary,1989
208263,Ninety Degrees in the Shade,Crime,1965
208263,Ninety Degrees in the Shade,Drama,1965
208263,Ninety Degrees in the Shade,Thriller,1965
178583,Walk Proud,Drama,1979
178583,Walk Proud,Romance,1979
281096,Puss in Boots: The Last Wish,Adventure,2022
281096,Puss in Boots: The Last Wish,Animation,2022
281096,Puss in Boots: The Last Wish,Children,2022
281096,Puss in Boots: The Last Wish,Comedy,2022
281096,Puss in Boots: The Last Wish,Fantasy,2022
265686,A Man Named Scott,Documentary,2021
283433,"Keep Smiling, Mom!",Comedy,2022
181989,Holiday on the Buses,Comedy,1973
82608,Zerophilia,Comedy,2005
82608,Zerophilia,Romance,2005
6744,Once Bitten,Comedy,1985
6744,Once Bitten,Horror,1985
26762,Aileen Wuornos: The Selling of a Serial Killer,Documentary,1993
133729,Sleepaway Camp III: Teenage Wasteland,Comedy,1989
133729,Sleepaway Camp III: Teenage Wasteland,Horror,1989
228431,Emmanuelle Through Time: Emmanuelle's Sexy Bite,Comedy,2012
228431,Emmanuelle Through Time: Emmanuelle's Sexy Bite,Fantasy,2012
260947,Jerky Turkey,Animation,1945
260947,Jerky Turkey,Comedy,1945
289157,Punorjonmo | পুনর্জন্ম,Crime,2021
289157,Punorjonmo | পুনর্জন্ম,Thriller,2021
1923,There's Something About Mary,Comedy,1998
1923,There's Something About Mary,Romance,1998
162512,Endgame,Comedy,2000
162512,Endgame,Drama,2000
109008,Viper in the Fist,Drama,2004
159976,Pelé: Birth of a Legend,Drama,2016
192699,Warning Sign,Drama,1985
192699,Warning Sign,Sci-Fi,1985
192699,Warning Sign,Thriller,1985
150728,All for One,Comedy,2011
251368,When Star Wars Ruled the World,Documentary,2004
153682,The Crooked Web,Crime,1955
252610,Baggio: The Divine Ponytail,Drama,2021
247094,One Summer Night,Drama,2016
223342,Japan: A Story of Love and Hate,Documentary,2008
8888,Stealing Time (a.k.a. Rennie's Landing),Drama,2001
252484,Barbarous Mexico,Fantasy,2014
252484,Barbarous Mexico,Horror,2014
186941,Golden Years,Comedy,2016
186941,Golden Years,Crime,2016
132975,Garrison Keillor: The Man on the Radio in the Red Shoes,Documentary,2009
31,Dangerous Minds,Drama,1995
8004,Planet of the Vampires (Terrore nello spazio),Horror,1965
8004,Planet of the Vampires (Terrore nello spazio),Sci-Fi,1965
4723,"Deep End, The",Drama,2001
221496,Blood Vessel,Horror,2019
221496,Blood Vessel,Sci-Fi,2019
182153,Donald's Cousin Gus,Animation,1939
53774,"Mystery of Picasso, The (Le mystère Picasso)",Documentary,1956
141716,Blind Man,Action,2012
141716,Blind Man,Thriller,2012
228441,Land Shark,Horror,2017
228441,Land Shark,Thriller,2017
254392,Initiation,Crime,2021
254392,Initiation,Horror,2021
254392,Initiation,Mystery,2021
254392,Initiation,Thriller,2021
2540,"Corruptor, The",Action,1999
2540,"Corruptor, The",Crime,1999
2540,"Corruptor, The",Drama,1999
2540,"Corruptor, The",Thriller,1999
167310,The Caretaker,Horror,2016
167310,The Caretaker,Thriller,2016
1740,Men of Means,Action,1999
1740,Men of Means,Drama,1999
103042,Man of Steel,Action,2013
103042,Man of Steel,Adventure,2013
103042,Man of Steel,Fantasy,2013
103042,Man of Steel,Sci-Fi,2013
103042,Man of Steel,IMAX,2013
279862,A Room of My Own,Drama,2022
6117,Privates on Parade,Comedy,1982
6117,Privates on Parade,Drama,1982
6117,Privates on Parade,War,1982
280258,The Wonder,Drama,2022
280258,The Wonder,Mystery,2022
280258,The Wonder,Thriller,2022
191499,Gunde Jaari Gallanthayyinde,Romance,2013
264243,The Adventures of Young Indiana Jones: The Phantom Train of Doom,Action,1999
264243,The Adventures of Young Indiana Jones: The Phantom Train of Doom,Adventure,1999
264243,The Adventures of Young Indiana Jones: The Phantom Train of Doom,Drama,1999
215381,Justine,Drama,2019
202025,Olivia,Crime,1983
202025,Olivia,Drama,1983
202025,Olivia,Horror,1983
202025,Olivia,Romance,1983
263073,Christmas Waltz,Drama,2020
263073,Christmas Waltz,Romance,2020
171455,Fabricated City,Action,2017
171455,Fabricated City,Crime,2017
1235,Harold and Maude,Comedy,1971
1235,Harold and Maude,Drama,1971
1235,Harold and Maude,Romance,1971
185715,Layla M.,Drama,2016
120524,The Biggest Bundle of Them All,Comedy,1968
120524,The Biggest Bundle of Them All,Crime,1968
248314,Theban Plays: Oedipus the King,Drama,1986
165537,The Windmill,Horror,2016
4086,"Big Easy, The",Action,1987
4086,"Big Easy, The",Crime,1987
4086,"Big Easy, The",Mystery,1987
4086,"Big Easy, The",Romance,1987
4086,"Big Easy, The",Thriller,1987
8587,Mayor of the Sunset Strip,Documentary,2003
195193,The Limousine,Comedy,2014
113510,Switch,Action,2011
113510,Switch,Crime,2011
113510,Switch,Thriller,2011
217941,Virgin,Drama,2003
288581,Taylor Mac's 24-Decade History of Popular Music,Documentary,2023
184135,Anne Frank: The Whole Story,Drama,2001
184135,Anne Frank: The Whole Story,War,2001
187031,Jurassic World: Fallen Kingdom,Action,2018
187031,Jurassic World: Fallen Kingdom,Adventure,2018
187031,Jurassic World: Fallen Kingdom,Drama,2018
187031,Jurassic World: Fallen Kingdom,Sci-Fi,2018
187031,Jurassic World: Fallen Kingdom,Thriller,2018
121620,Thieves Fall Out,Comedy,1941
6454,Music Box,Drama,1989
220370,The Dalai Lama: Scientist,Documentary,NA
190921,The Silver Chair,Adventure,1990
190921,The Silver Chair,Children,1990
190921,The Silver Chair,Fantasy,1990
103489,Arctic Blast,Sci-Fi,2010
103489,Arctic Blast,Thriller,2010
190103,Manila in the Claws of Light,Drama,1975
190103,Manila in the Claws of Light,Mystery,1975
174213,The Sealed Room,Drama,1909
174213,The Sealed Room,Horror,1909
75345,Failan,Drama,2001
75345,Failan,Romance,2001
177295,Jesús,Children,2016
177295,Jesús,Drama,2016
123225,Winning Streak,Drama,2012
5705,Xanadu,Fantasy,1980
5705,Xanadu,Musical,1980
5705,Xanadu,Romance,1980
158238,The Nice Guys,Crime,2016
158238,The Nice Guys,Mystery,2016
158238,The Nice Guys,Thriller,2016
200290,Female Human Animal,Thriller,2018
151319,Notias,Comedy,2016
151319,Notias,Drama,2016
223017,Red apples,Drama,2017
116666,Dr Jekyll & Sister Hyde,Horror,1971
116666,Dr Jekyll & Sister Hyde,Sci-Fi,1971
184817,Lunch Meat,Drama,1987
184817,Lunch Meat,Horror,1987
5017,"Big Heat, The",Drama,1953
5017,"Big Heat, The",Film-Noir,1953
38839,"Ketchup Effect, The (Hip Hip Hora!)",Drama,2004
254903,The Day the Earth Stopped,Action,2008
254903,The Day the Earth Stopped,Adventure,2008
254903,The Day the Earth Stopped,Sci-Fi,2008
254903,The Day the Earth Stopped,Thriller,2008
96935,My Left Eye Sees Ghosts (Ngo joh aan gin diy gwai),Comedy,2002
96935,My Left Eye Sees Ghosts (Ngo joh aan gin diy gwai),Fantasy,2002
96935,My Left Eye Sees Ghosts (Ngo joh aan gin diy gwai),Romance,2002
263373,The Railway Children,Children,2000
263373,The Railway Children,Drama,2000
133497,Goldface il fantastico Superman,Adventure,1967
133497,Goldface il fantastico Superman,Crime,1967
172215,Saved by the Bell: Hawaiian Style,Comedy,1992
195987,DriverX,Drama,2018
148675,North Pole: Open For Christmas,Children,2015
148675,North Pole: Open For Christmas,Fantasy,2015
254048,Unclenching the Fists,Drama,2021
276217,Ip Man: The Awakening,Action,2022
276217,Ip Man: The Awakening,Adventure,2022
276217,Ip Man: The Awakening,Drama,2022
27347,Good Advice,Comedy,2001
27347,Good Advice,Romance,2001
277324,Carter,Action,2022
277324,Carter,Thriller,2022
121961,The Young Racers,Action,1963
121961,The Young Racers,Drama,1963
144182,SPL 2: A Time for Consequences,Action,2015
144182,SPL 2: A Time for Consequences,Crime,2015
144182,SPL 2: A Time for Consequences,Drama,2015
123115,Why Be Good?,Comedy,1929
123115,Why Be Good?,Drama,1929
123115,Why Be Good?,Romance,1929
213431,The Fable,Action,2019
213431,The Fable,Comedy,2019
7194,Bonjour tristesse,Drama,1958
1552,Con Air,Action,1997
1552,Con Air,Adventure,1997
1552,Con Air,Thriller,1997
194388,Gamera: Guardian of the Universe,Action,1995
194388,Gamera: Guardian of the Universe,Adventure,1995
194388,Gamera: Guardian of the Universe,Drama,1995
194388,Gamera: Guardian of the Universe,Fantasy,1995
194388,Gamera: Guardian of the Universe,Sci-Fi,1995
194388,Gamera: Guardian of the Universe,Thriller,1995
201318,Deer Woman,Comedy,2005
201318,Deer Woman,Horror,2005
106992,Cousin Angelica (La prima Angélica),Drama,1974
213047,Makmum,Horror,2019
32296,Miss Congeniality 2: Armed and Fabulous,Adventure,2005
32296,Miss Congeniality 2: Armed and Fabulous,Comedy,2005
32296,Miss Congeniality 2: Armed and Fabulous,Crime,2005
145162,Ripper: Letter from Hell,Horror,2001
4621,Look Who's Talking,Comedy,1989
4621,Look Who's Talking,Romance,1989
204804,Bob Saget: Zero to Sixty,Comedy,2017
4799,"It's a Mad, Mad, Mad, Mad World",Action,1963
4799,"It's a Mad, Mad, Mad, Mad World",Adventure,1963
4799,"It's a Mad, Mad, Mad, Mad World",Comedy,1963
4799,"It's a Mad, Mad, Mad, Mad World",Crime,1963
139653,Winston Churchill: Walking with Destiny,Documentary,2010
263965,Downton Abbey: Christmas Special 2015,Children,2015
263965,Downton Abbey: Christmas Special 2015,Drama,2015
263965,Downton Abbey: Christmas Special 2015,Romance,2015
272135,Bodies Bodies Bodies,Comedy,2022
272135,Bodies Bodies Bodies,Horror,2022
272135,Bodies Bodies Bodies,Thriller,2022
246110,Klara,Adventure,2010
246110,Klara,Children,2010
185749,The Last Horror Film,Comedy,1982
185749,The Last Horror Film,Horror,1982
86852,"Beaver, The",Drama,2011
126737,Dark Dungeons,Drama,2014
126737,Dark Dungeons,Fantasy,2014
186603,Method,Thriller,2004
163873,Scared Stiff,Horror,1987
135454,Alien vs. Ninja,Action,2010
135454,Alien vs. Ninja,Horror,2010
135454,Alien vs. Ninja,Sci-Fi,2010
135454,Alien vs. Ninja,Thriller,2010
147346,Final Exam,Horror,1981
139598,Yellowbird,Animation,2014
139598,Yellowbird,Children,2014
139598,Yellowbird,Comedy,2014
126787,The Last Time I Saw Macao,Documentary,2012
126787,The Last Time I Saw Macao,Thriller,2012
96294,Bells of Innocence,Horror,2003
277164,Venky,Adventure,2004
277164,Venky,Comedy,2004
120114,Summertime,Comedy,2014
220930,Suk Suk,Drama,2020
207850,Gasht-e 2,Comedy,2017
137841,Harlow,Drama,1965
165661,The Piper,Fantasy,2015
165661,The Piper,Horror,2015
169512,Fist of the North Star: Legend of Raoh - Chapter of Fierce Fight,Action,2007
169512,Fist of the North Star: Legend of Raoh - Chapter of Fierce Fight,Animation,2007
195649,Quién te cantará,Drama,2018
195649,Quién te cantará,Mystery,2018
244656,Simple Passion,Drama,2020
244656,Simple Passion,Romance,2020
240628,Bottom Feeder,Horror,2007
240628,Bottom Feeder,Sci-Fi,2007
105490,Almost You,Comedy,1985
105490,Almost You,Drama,1985
5076,"Adventures of Huck Finn, The",Adventure,1993
5076,"Adventures of Huck Finn, The",Children,1993
5076,"Adventures of Huck Finn, The",Comedy,1993
5076,"Adventures of Huck Finn, The",Drama,1993
222419,Khuda Haafiz,Action,2020
222419,Khuda Haafiz,Romance,2020
222419,Khuda Haafiz,Thriller,2020
152041,100% Love,Drama,2011
152041,100% Love,Romance,2011
6494,On_Line (a.k.a. On Line),Drama,2002
238804,Life After All,Children,2003
238804,Life After All,Drama,2003
277822,Miss Nobody,Drama,1996
609,Homeward Bound II: Lost in San Francisco,Adventure,1996
609,Homeward Bound II: Lost in San Francisco,Children,1996
173773,Destiny,Drama,2006
8584,Leave Her to Heaven,Drama,1945
8584,Leave Her to Heaven,Film-Noir,1945
196329,Sons of Norway,Drama,2011
2868,Fright Night Part II,Horror,1988
92648,BookWars,Comedy,2000
92648,BookWars,Crime,2000
92648,BookWars,Documentary,2000
7833,Shadow of the Thin Man,Comedy,1941
7833,Shadow of the Thin Man,Crime,1941
7833,Shadow of the Thin Man,Mystery,1941
253794,In Your Shoes,Comedy,2020
169258,Gangs,Comedy,2009
169258,Gangs,Drama,2009
32354,Free Radicals (Böse Zellen),Drama,2003
101388,"Colder Kind of Death, A",Crime,2001
101388,"Colder Kind of Death, A",Drama,2001
101388,"Colder Kind of Death, A",Mystery,2001
268732,Scream,Horror,2022
268732,Scream,Mystery,2022
268732,Scream,Thriller,2022
177917,Papa ou maman 2,Comedy,2016
178339,The Classic,Drama,2003
178339,The Classic,Romance,2003
183647,11 September Vragen,Documentary,2016
4786,"Legend of Hell House, The",Horror,1973
4786,"Legend of Hell House, The",Thriller,1973
222117,Music,Drama,2020
152627,Balls to the Wall,Comedy,2011
145722,Cold & Dark,Action,2005
145722,Cold & Dark,Crime,2005
145722,Cold & Dark,Horror,2005
145722,Cold & Dark,Thriller,2005
288767,Human Resources,Horror,2021
288767,Human Resources,Mystery,2021
2839,West Beirut (West Beyrouth),Drama,1998
191857,The Bleeding Edge,Documentary,2018
168054,After the Fall,Drama,2010
181891,Slide Donald Slide,Animation,1949
181891,Slide Donald Slide,Children,1949
181891,Slide Donald Slide,Comedy,1949
264059,The Heater,Thriller,2019
250572,Hare Ribbin',Animation,1944
250572,Hare Ribbin',Comedy,1944
194152,Sleep No More,Horror,2018
216535,Prank,Crime,2013
216535,Prank,Horror,2013
128758,Judge Fayard Called the Sheriff,Crime,1977
128758,Judge Fayard Called the Sheriff,Drama,1977
251572,My Dog's Christmas Miracle,Children,2011
251572,My Dog's Christmas Miracle,Comedy,2011
103333,Blutzbrüdaz,Comedy,2013
36553,In Old Chicago,Action,1937
36553,In Old Chicago,Drama,1937
36553,In Old Chicago,Musical,1937
36553,In Old Chicago,War,1937
2973,Crimes and Misdemeanors,Comedy,1989
2973,Crimes and Misdemeanors,Crime,1989
2973,Crimes and Misdemeanors,Drama,1989
4117,Hope and Glory,Drama,1987
133699,Black Friday,Crime,2004
133699,Black Friday,Drama,2004
133699,Black Friday,Thriller,2004
27328,Monday,Action,2000
27328,Monday,Comedy,2000
27328,Monday,Crime,2000
27328,Monday,Fantasy,2000
27328,Monday,Thriller,2000
8157,Jin Roh: The Wolf Brigade (Jin-Rô),Animation,1998
8157,Jin Roh: The Wolf Brigade (Jin-Rô),Fantasy,1998
8157,Jin Roh: The Wolf Brigade (Jin-Rô),Thriller,1998
137924,Dark Souls,Horror,2011
137924,Dark Souls,Thriller,2011
220776,International Khiladi,Action,1999
220776,International Khiladi,Crime,1999
220776,International Khiladi,Drama,1999
220776,International Khiladi,Romance,1999
220776,International Khiladi,Thriller,1999
278952,Moon Man,Comedy,2022
278952,Moon Man,Sci-Fi,2022
162374,The Rack Pack,Comedy,2016
162374,The Rack Pack,Drama,2016
213976,Lost Girls,Drama,2020
213976,Lost Girls,Mystery,2020
213976,Lost Girls,Thriller,2020
33970,Equinox,Drama,1992
33970,Equinox,Mystery,1992
33970,Equinox,Thriller,1992
77808,Bobby Deerfield,Drama,1977
77808,Bobby Deerfield,Romance,1977
125301,The Little Hut,Comedy,1957
125301,The Little Hut,Romance,1957
187973,Father Frost and the Summer,Animation,1969
235551,The Orange Years: The Nickelodeon Story,Documentary,2018
155115,Asura,Animation,2012
155115,Asura,Drama,2012
155115,Asura,Horror,2012
100517,"World Before Her, The",Documentary,2012
114420,When Eight Bells Toll,Action,1971
114420,When Eight Bells Toll,Adventure,1971
114420,When Eight Bells Toll,Crime,1971
114420,When Eight Bells Toll,Mystery,1971
280674,Reclaim,Children,2022
280674,Reclaim,Drama,2022
182941,The Motive,Drama,2017
182941,The Motive,Thriller,2017
288591,Little Red Walking Hood,Animation,1937
288591,Little Red Walking Hood,Comedy,1937
149398,On the Twelfth Day of Christmas,Children,2015
241708,Video Diary of a Lost Girl,Comedy,2012
241708,Video Diary of a Lost Girl,Fantasy,2012
241708,Video Diary of a Lost Girl,Horror,2012
150018,Verlengd Weekend,Comedy,2005
150018,Verlengd Weekend,Drama,2005
133431,Carambola's Philosophy: In the Right Pocket,Comedy,1975
133431,Carambola's Philosophy: In the Right Pocket,Western,1975
172855,Путь к себе,Romance,2010
144240,Screaming Mimi,Thriller,1958
226888,The Dark and the Wicked,Horror,2020
211754,Blood Widow,Horror,2019
211754,Blood Widow,Mystery,2019
211754,Blood Widow,Thriller,2019
280194,The Inhabitant,Horror,2022
280194,The Inhabitant,Thriller,2022
273767,Tomb of the River,Action,2021
273767,Tomb of the River,Crime,2021
273767,Tomb of the River,Drama,2021
254758,The Greenhouse,Drama,2021
254758,The Greenhouse,Fantasy,2021
120923,Under a Lucky Star,Comedy,2014
243586,Operation Varsity Blues: The College Admissions Scandal,Crime,2021
243586,Operation Varsity Blues: The College Admissions Scandal,Documentary,2021
150395,Assassination Classroom,Action,2015
150395,Assassination Classroom,Adventure,2015
150395,Assassination Classroom,Sci-Fi,2015
160350,Alien Lockdown,Sci-Fi,2004
217573,5G Zombies,Horror,2020
117586,My Dear Desperado,Comedy,2010
254460,Jungle Cruise,Adventure,2021
254460,Jungle Cruise,Children,2021
254460,Jungle Cruise,Comedy,2021
254460,Jungle Cruise,Fantasy,2021
128129,The Dead Are Alive,Horror,1972
128129,The Dead Are Alive,Mystery,1972
128129,The Dead Are Alive,Thriller,1972
279394,Innocence,Drama,2011
279394,Innocence,Thriller,2011
2011,Back to the Future Part II,Adventure,1989
2011,Back to the Future Part II,Comedy,1989
2011,Back to the Future Part II,Sci-Fi,1989
5284,Crush,Comedy,2001
5284,Crush,Romance,2001
25956,"Secret Garden, The",Children,1949
25956,"Secret Garden, The",Drama,1949
177977,The Secret Rivals,Action,1976
262735,Walk the Dog,Drama,2014
176237,The One-Man Band,Action,1900
176237,The One-Man Band,Fantasy,1900
176237,The One-Man Band,Thriller,1900
203222,The Lion King,Adventure,2019
203222,The Lion King,Animation,2019
203222,The Lion King,Children,2019
203222,The Lion King,Drama,2019
164707,Go Figure,Children,2005
164707,Go Figure,Comedy,2005
164707,Go Figure,Drama,2005
273977,365 Days: This Day,Drama,2022
273977,365 Days: This Day,Romance,2022
61465,Bangkok Dangerous,Action,2008
61465,Bangkok Dangerous,Crime,2008
61465,Bangkok Dangerous,Thriller,2008
106195,How I Live Now,Action,2013
106195,How I Live Now,Drama,2013
106195,How I Live Now,Thriller,2013
223316,Satte Pe Satta,Comedy,1982
151505,Carpet Racers,Documentary,2009
186631,Everybody Knows,Drama,2018
151426,L'arciere di fuoco,Adventure,1971
98376,"Yellow Cab Man, The",Comedy,1950
98376,"Yellow Cab Man, The",Drama,1950
98376,"Yellow Cab Man, The",Romance,1950
89492,Moneyball,Drama,2011
126158,Frenchmen 2,Comedy,2007
126158,Frenchmen 2,Romance,2007
205603,Always - Sunset on Third Street 3,Comedy,2012
205603,Always - Sunset on Third Street 3,Drama,2012
244562,Going Nuts - Tales from the Squirrel World,Documentary,2019
200556,Cry Danger,Crime,1951
200556,Cry Danger,Drama,1951
200556,Cry Danger,Thriller,1951
291685,Where the Wind Blows,Crime,2023
291685,Where the Wind Blows,Drama,2023
291685,Where the Wind Blows,Thriller,2023
71280,"Wreck of the Mary Deare, The",Drama,1959
71280,"Wreck of the Mary Deare, The",Thriller,1959
264980,To the Victory at Last,Drama,1997
83381,Seven Thieves,Crime,1960
83381,Seven Thieves,Drama,1960
4854,Clambake,Musical,1967
98114,Bloodtide,Horror,1982
161179,To Steal from a Thief,Crime,2016
161179,To Steal from a Thief,Thriller,2016
71433,"Black God, White Devil (Deus e o Diabo na Terra do Sol)",Adventure,1964
71433,"Black God, White Devil (Deus e o Diabo na Terra do Sol)",Crime,1964
71433,"Black God, White Devil (Deus e o Diabo na Terra do Sol)",Drama,1964
71433,"Black God, White Devil (Deus e o Diabo na Terra do Sol)",Western,1964
193213,Forget About It,Comedy,2006
193213,Forget About It,Drama,2006
26501,Choose Me,Comedy,1984
26501,Choose Me,Romance,1984
179309,Wuthering Heights,Drama,1953
179309,Wuthering Heights,Romance,1953
63436,Saw V,Crime,2008
63436,Saw V,Horror,2008
63436,Saw V,Thriller,2008
7319,Club Dread,Comedy,2004
7319,Club Dread,Horror,2004
123227,The Slaughter,Horror,2006
196097,The Zen Diaries of Garry Shandling: Parts 1 & 2,Comedy,NA
196097,The Zen Diaries of Garry Shandling: Parts 1 & 2,Documentary,NA
211185,Ella Fitzgerald: Just One of Those Things,Documentary,2019
250208,White People Money,Comedy,2021
147300,Adventures Of Sherlock Holmes And Dr. Watson: The Twentieth Century Approaches,Crime,1986
147300,Adventures Of Sherlock Holmes And Dr. Watson: The Twentieth Century Approaches,Mystery,1986
212715,Shanghai 13,Action,1984
184237,Uttama Villain,Comedy,2015
184237,Uttama Villain,Drama,2015
184237,Uttama Villain,Romance,2015
2738,Crimes of the Heart,Comedy,1986
2738,Crimes of the Heart,Drama,1986
269536,Sörensen's Fear,Comedy,2020
269536,Sörensen's Fear,Crime,2020
145626,Gold for the Caesars,Action,1963
145626,Gold for the Caesars,Adventure,1963
280388,Last Summer,Drama,2021
280388,Last Summer,Romance,2021
220156,All Inclusive,Documentary,2018
287011,Daniel Boone,Western,1936
108951,Rain or Shine,Comedy,1930
108951,Rain or Shine,Drama,1930
108951,Rain or Shine,Romance,1930
95784,Intohimon vallassa,Drama,1947
95784,Intohimon vallassa,Romance,1947
2852,"Soldier's Story, A",Drama,1984
76,Screamers,Action,1995
76,Screamers,Sci-Fi,1995
76,Screamers,Thriller,1995
193183,Death of a Nation,Documentary,2018
84565,Legend of the Eight Samurai (Satomi hakken-den),Action,1983
84565,Legend of the Eight Samurai (Satomi hakken-den),Adventure,1983
84565,Legend of the Eight Samurai (Satomi hakken-den),Drama,1983
84565,Legend of the Eight Samurai (Satomi hakken-den),Fantasy,1983
152834,Sin,Action,2003
152834,Sin,Romance,2003
152834,Sin,Thriller,2003
158290,Kaakha Kaakha,Action,2003
158290,Kaakha Kaakha,Crime,2003
158290,Kaakha Kaakha,Thriller,2003
4400,Donovan's Brain,Sci-Fi,1953
203180,Ducoboo 2: Crazy Vacation,Comedy,2012
208495,American Son,Drama,2019
173619,Fugitives,Comedy,1986
173619,Fugitives,Crime,1986
151139,Carnival Story,Drama,1954
151139,Carnival Story,Romance,1954
159449,African Safari,Documentary,2013
191283,Disgraced,Documentary,2017
280084,Teenage Yakuza,Action,1962
280084,Teenage Yakuza,Crime,1962
144928,El Analfabeto,Comedy,1961
190573,My Little Loves,Drama,1974
103139,"Mugger, The (El asaltante)",Drama,2007
151607,Funky Monkey,Children,2004
151607,Funky Monkey,Comedy,2004
139096,Unmatched,Documentary,2010
243842,Attack from the Sea,Drama,1953
243842,Attack from the Sea,War,1953
6650,Kind Hearts and Coronets,Comedy,1949
6650,Kind Hearts and Coronets,Drama,1949
81758,Faces of Schlock,Comedy,2005
81758,Faces of Schlock,Horror,2005
7176,Crimson Gold (Talaye sorgh),Drama,2003
276423,Jag är med barn,Comedy,1979
2312,Children of a Lesser God,Drama,1986
108529,Vizontele Tuuba,Comedy,2004
108529,Vizontele Tuuba,Drama,2004
158635,Just Between Us,Comedy,2010
158635,Just Between Us,Drama,2010
48780,"Prestige, The",Drama,2006
48780,"Prestige, The",Mystery,2006
48780,"Prestige, The",Sci-Fi,2006
48780,"Prestige, The",Thriller,2006
146210,Blue Mountain State: The Rise of Thadland,Comedy,2015
86355,Atlas Shrugged: Part 1,Drama,2011
86355,Atlas Shrugged: Part 1,Mystery,2011
86355,Atlas Shrugged: Part 1,Sci-Fi,2011
163310,A Visit with Truman Capote,Documentary,1966
155695,Bela Lugosi Meets a Brooklyn Gorilla,Comedy,1952
155695,Bela Lugosi Meets a Brooklyn Gorilla,Sci-Fi,1952
1688,Anastasia,Adventure,1997
1688,Anastasia,Animation,1997
1688,Anastasia,Children,1997
1688,Anastasia,Drama,1997
1688,Anastasia,Musical,1997
185965,Murder on the Cape,Drama,2017
139507,Lissi and the Wild Emperor,Animation,2007
139507,Lissi and the Wild Emperor,Comedy,2007
250576,Hot Cross Bunny,Animation,1948
250576,Hot Cross Bunny,Comedy,1948
131852,The Mad Genius,Drama,1931
131852,The Mad Genius,Horror,1931
131852,The Mad Genius,Romance,1931
101715,Loaded,Action,2008
101715,Loaded,Crime,2008
101715,Loaded,Drama,2008
101715,Loaded,Thriller,2008
54272,"Simpsons Movie, The",Animation,2007
54272,"Simpsons Movie, The",Comedy,2007
258583,La Recta Provincia,Drama,2007
187143,Hedi,Drama,2016
157931,La Cage,Drama,1975
117492,Alien Nation: Body and Soul,Sci-Fi,1995
5072,Metropolis,Animation,2001
5072,Metropolis,Sci-Fi,2001
259909,Italian Studies,Drama,2021
193661,Two Weeks in Hell,Documentary,2009
271777,Anthony,Comedy,2014
271777,Anthony,Drama,2014
167188,The Reunion 2 - The Funeral,Comedy,2014
122088,Water,Adventure,1985
122088,Water,Comedy,1985
122088,Water,Drama,1985
184193,Raees,Action,2017
184193,Raees,Crime,2017
184193,Raees,Thriller,2017
81853,These Are the Damned (a.k.a. The Damned),Drama,1963
81853,These Are the Damned (a.k.a. The Damned),Fantasy,1963
81853,These Are the Damned (a.k.a. The Damned),Romance,1963
81853,These Are the Damned (a.k.a. The Damned),Sci-Fi,1963
270624,The Painter and the Pointer,Animation,1944
178125,D@bbe 2,Horror,2009
178125,D@bbe 2,Mystery,2009
204718,The Gatehouse,Adventure,2016
204718,The Gatehouse,Drama,2016
204718,The Gatehouse,Fantasy,2016
204718,The Gatehouse,Horror,2016
42725,Grandma's Boy,Comedy,2006
287227,Fool's Paradise,Comedy,2023
202503,L.A. Takedown,Action,1989
202503,L.A. Takedown,Crime,1989
202503,L.A. Takedown,Drama,1989
202503,L.A. Takedown,Thriller,1989
232941,Baby It's You,Comedy,1983
232941,Baby It's You,Drama,1983
232941,Baby It's You,Romance,1983
102115,Prinsessa Ruusunen,Children,1949
102115,Prinsessa Ruusunen,Fantasy,1949
102115,Prinsessa Ruusunen,Romance,1949
192565,We the Animals,Drama,2018
157985,Unter Strom,Comedy,2009
140876,Do Lado de Fora,Comedy,2014
177549,Ziegfeld Girl,Drama,1941
177549,Ziegfeld Girl,Romance,1941
132688,Falling From Grace,Drama,1992
132688,Falling From Grace,Romance,1992
92427,Woman in Love (Rubbeldiekatz),Comedy,2011
237820,Born a Champion,Action,2021
237820,Born a Champion,Drama,2021
173571,The Second Tragic Fantozzi,Comedy,1976
8427,Americathon,Comedy,1979
8427,Americathon,Sci-Fi,1979
60145,"Penalty, The",Crime,1920
60145,"Penalty, The",Drama,1920
60145,"Penalty, The",Horror,1920
244188,7 Days Out,Documentary,2018
4401,Donovan's Reef,Action,1963
4401,Donovan's Reef,Comedy,1963
4401,Donovan's Reef,Romance,1963
124735,Love Bites,Comedy,1993
124735,Love Bites,Romance,1993
173629,Appleseed: Ex Machina,Action,2007
173629,Appleseed: Ex Machina,Animation,2007
173629,Appleseed: Ex Machina,Sci-Fi,2007
173629,Appleseed: Ex Machina,Thriller,2007
212801,Fist from Shaolin,Action,1993
236359,Serial Cook,Comedy,2018
236359,Serial Cook,Drama,2018
221184,Fireball 500,Action,1966
221184,Fireball 500,Comedy,1966
221184,Fireball 500,Drama,1966
771,"Life Is Rosy (a.k.a. Life Is Beautiful) (Vie est belle, La)",Comedy,1987
771,"Life Is Rosy (a.k.a. Life Is Beautiful) (Vie est belle, La)",Drama,1987
67247,Praying with Lior,Documentary,2008
211067,Os Farofeiros,Comedy,2018
270604,Schönes Schlamassel,Comedy,2020
270604,Schönes Schlamassel,Romance,2020
77332,Don's Plum,Drama,2001
129223,Tarzan's Savage Fury,Action,1952
129223,Tarzan's Savage Fury,Adventure,1952
122563,InSight,Mystery,2011
122563,InSight,Thriller,2011
907,"Gay Divorcee, The",Comedy,1934
907,"Gay Divorcee, The",Musical,1934
907,"Gay Divorcee, The",Romance,1934
131272,Last Flight Out,Action,2004
934,Father of the Bride,Comedy,1950
74864,Road Trip: Beer Pong,Comedy,2009
169468,Lure: Teen Fight Club,Action,2010
169468,Lure: Teen Fight Club,Crime,2010
169468,Lure: Teen Fight Club,Drama,2010
270928,Project Gemini,Sci-Fi,2022
149004,Bolshoi Babylon,Documentary,2015
280352,Unicorn Wars,Action,2022
280352,Unicorn Wars,Animation,2022
280352,Unicorn Wars,Comedy,2022
280352,Unicorn Wars,Fantasy,2022
280352,Unicorn Wars,Horror,2022
280352,Unicorn Wars,War,2022
209035,time for sushi,Animation,2017
209035,time for sushi,Comedy,2017
5909,Visitor Q (Bizita Q),Comedy,2001
5909,Visitor Q (Bizita Q),Drama,2001
5909,Visitor Q (Bizita Q),Horror,2001
107855,Ditirambo,Comedy,1969
107855,Ditirambo,Drama,1969
107855,Ditirambo,Mystery,1969
107855,Ditirambo,Thriller,1969
281460,Jerry's Diary,Animation,1949
281460,Jerry's Diary,Comedy,1949
105865,"Enemy Within, The (O ehthros mou)",Drama,2013
76091,Mother (Madeo),Crime,2009
76091,Mother (Madeo),Drama,2009
76091,Mother (Madeo),Mystery,2009
76091,Mother (Madeo),Thriller,2009
46965,Snakes on a Plane,Action,2006
46965,Snakes on a Plane,Comedy,2006
46965,Snakes on a Plane,Horror,2006
46965,Snakes on a Plane,Thriller,2006
1877,Little Men,Drama,1998
118234,"Party Animal, The",Comedy,1984
140830,The Legend Of Secret Pass,Animation,2010
140830,The Legend Of Secret Pass,Children,2010
140830,The Legend Of Secret Pass,Fantasy,2010
5590,"Mack, The",Crime,1973
234352,Close Calls,Horror,2017
160153,Angels One Five,Drama,1952
160153,Angels One Five,War,1952
116309,Crime in the Streets,Crime,1956
196037,Monstrum,Action,2018
196037,Monstrum,Fantasy,2018
154965,Mojave Phone Booth,Drama,2006
154965,Mojave Phone Booth,Horror,2006
5065,"Mothman Prophecies, The",Drama,2002
5065,"Mothman Prophecies, The",Fantasy,2002
5065,"Mothman Prophecies, The",Horror,2002
5065,"Mothman Prophecies, The",Mystery,2002
5065,"Mothman Prophecies, The",Thriller,2002
256729,This Game's Called Murder,Comedy,2021
256729,This Game's Called Murder,Thriller,2021
283017,The People's Joker,Comedy,2022
240204,Irresistible,Comedy,2011
240204,Irresistible,Drama,2011
3096,My Man Godfrey,Comedy,1957
25835,Dead End,Crime,1937
25835,Dead End,Drama,1937
25835,Dead End,Film-Noir,1937
136650,Balls Out,Comedy,2014
174339,Rose o' Salem Town,Drama,1910
211171,Glamour & Glory,Comedy,2012
79533,"Bugs Bunny / Road Runner Movie, The (a.k.a. The Great American Chase)",Animation,1979
79533,"Bugs Bunny / Road Runner Movie, The (a.k.a. The Great American Chase)",Children,1979
79533,"Bugs Bunny / Road Runner Movie, The (a.k.a. The Great American Chase)",Comedy,1979
216581,40: The Temptation of Christ,Drama,2020
179093,The Stray,Children,2017
179093,The Stray,Drama,2017
259529,Disney Parks Frozen Christmas Celebration,Children,2014
141737,Grantham and Rose,Comedy,2014
141737,Grantham and Rose,Drama,2014
196745,The Island,Comedy,2018
196745,The Island,Drama,2018
196745,The Island,Mystery,2018
276859,Jane Shore,Drama,1915
183547,T.J. Miller: Meticulously Ridiculous,Comedy,2017
187895,Ananda Thandavam,Children,2009
187895,Ananda Thandavam,Drama,2009
187895,Ananda Thandavam,Romance,2009
203537,Vidas Partidas,Drama,2016
233071,Concrete Plans,Thriller,2020
173211,Anjelah Johnson: The Homecoming Show,Comedy,2013
122865,The Violent Breed,Action,1984
195799,The Trial,Documentary,2018
181799,No Hunting,Animation,1955
2527,Westworld,Action,1973
2527,Westworld,Sci-Fi,1973
2527,Westworld,Thriller,1973
2527,Westworld,Western,1973
125287,Heidi,Children,2005
125287,Heidi,Drama,2005
97968,Gallowwalkers,Action,2012
97968,Gallowwalkers,Horror,2012
97968,Gallowwalkers,Sci-Fi,2012
97968,Gallowwalkers,Western,2012
164149,Theo and Hugo,Drama,2016
160984,The Son of Joseph,Comedy,2016
160984,The Son of Joseph,Drama,2016
97548,Giger's Necronomicon,Documentary,1975
110919,All Hands on Deck,Comedy,1961
110919,All Hands on Deck,Musical,1961
2405,"Jewel of the Nile, The",Action,1985
2405,"Jewel of the Nile, The",Adventure,1985
2405,"Jewel of the Nile, The",Comedy,1985
2405,"Jewel of the Nile, The",Romance,1985
155605,Test,Drama,2014
228651,The Making of Annihilation,Documentary,2018
194380,Subterano,Sci-Fi,2003
163647,Archivo 253,Horror,2015
259751,Parallel Mothers,Drama,2021
229061,Skin: A History of Nudity in the Movies,Documentary,2020
158352,I Aim at the Stars,Drama,1960
4279,True Believer,Crime,1989
194200,Hell Fest,Horror,2018
204374,The Olsen Gang's Big Score,Children,1972
204374,The Olsen Gang's Big Score,Comedy,1972
204374,The Olsen Gang's Big Score,Crime,1972
235765,The Pickup Game,Documentary,2019
106306,Snowball Effect: The Story of 'Clerks',Documentary,2004
181217,Doctor Who: The Return Of Doctor Mysterio,Adventure,2016
181217,Doctor Who: The Return Of Doctor Mysterio,Children,2016
181217,Doctor Who: The Return Of Doctor Mysterio,Drama,2016
181217,Doctor Who: The Return Of Doctor Mysterio,Sci-Fi,2016
262099,Stuck Together,Comedy,2021
156293,The Sultan's Daughter,Comedy,1943
156293,The Sultan's Daughter,War,1943
356,Forrest Gump,Comedy,1994
356,Forrest Gump,Drama,1994
356,Forrest Gump,Romance,1994
356,Forrest Gump,War,1994
181521,Manchester: 100 Days After The Attack,Documentary,2017
120753,City Cops,Action,1989
120753,City Cops,Thriller,1989
159409,The Stool Pigeon,Action,2010
159409,The Stool Pigeon,Drama,2010
159409,The Stool Pigeon,Thriller,2010
141106,Losers Take All,Comedy,2013
202952,Deadly Harvest,Drama,1977
202952,Deadly Harvest,Sci-Fi,1977
1221,"Godfather: Part II, The",Crime,1974
1221,"Godfather: Part II, The",Drama,1974
115905,Gibraltar,Crime,2013
199081,Jellyfish,Drama,2018
156272,Secrets of the Lone Wolf,Crime,1941
156272,Secrets of the Lone Wolf,Mystery,1941
156272,Secrets of the Lone Wolf,Romance,1941
276397,Rocketry: The Nambi Effect,Drama,2022
136974,Jinn,Thriller,2014
93083,Live Music,Animation,2009
158064,Vulgar Fractions,Documentary,2011
4691,Def-Con 4,Action,1985
4691,Def-Con 4,Sci-Fi,1985
2394,"Prince of Egypt, The",Animation,1998
2394,"Prince of Egypt, The",Musical,1998
112185,"Outlaw, The (Lope)",Drama,2010
142606,A Million,Thriller,2009
221588,The Go-Go's,Documentary,2020
155685,Extended Play,Comedy,2006
168722,Attraction,Sci-Fi,2017
136096,Vacations in Majorca,Comedy,1960
136096,Vacations in Majorca,Romance,1960
133653,Roald Dahl's Esio Trot,Comedy,2015
213571,It's Easier for a Camel...,Drama,2003
193663,Camp 14: Total Control Zone,Documentary,2012
195305,Stan & Ollie,Comedy,2018
195305,Stan & Ollie,Drama,2018
195283,Caroline,Drama,2018
141264,Flight Angels,Drama,1940
265142,Robin Robin,Adventure,2021
265142,Robin Robin,Animation,2021
265142,Robin Robin,Children,2021
106988,Carmina or Blow Up (Carmina o revienta),Comedy,2012
106988,Carmina or Blow Up (Carmina o revienta),Drama,2012
287687,Imani,Action,2023
181073,Mariah Carey's All I Want for Christmas Is You,Animation,2017
181073,Mariah Carey's All I Want for Christmas Is You,Children,2017
138412,Cha cha cha,Crime,2013
138412,Cha cha cha,Drama,2013
1025,"Sword in the Stone, The",Animation,1963
1025,"Sword in the Stone, The",Children,1963
1025,"Sword in the Stone, The",Fantasy,1963
1025,"Sword in the Stone, The",Musical,1963
271753,Juliet in Paris,Fantasy,1967
283329,Baby Blues,Drama,2008
283329,Baby Blues,Horror,2008
283329,Baby Blues,Thriller,2008
225970,Mank,Drama,2020
153106,The Fool of the World and the Flying Ship,Adventure,1990
153106,The Fool of the World and the Flying Ship,Animation,1990
153106,The Fool of the World and the Flying Ship,Children,1990
153106,The Fool of the World and the Flying Ship,Fantasy,1990
77613,Johnny Angel,Crime,1945
77613,Johnny Angel,Drama,1945
77613,Johnny Angel,Film-Noir,1945
195953,Pupendo,Comedy,2003
195953,Pupendo,Drama,2003
186283,20 Years Of Madness,Comedy,2016
186283,20 Years Of Madness,Documentary,2016
120889,The Child and the Policeman,Comedy,1989
26813,Calendar,Drama,1993
245688,Black Holes: The Edge of All We Know,Documentary,2020
274255,Intervenção,Action,2021
274255,Intervenção,Crime,2021
181841,Donald's Dream Voice,Animation,1948
124168,Paper Soldiers,Action,2002
124168,Paper Soldiers,Comedy,2002
156427,Sea Raiders,Action,1941
156427,Sea Raiders,War,1941
211502,Apparition,Horror,2019
175015,Cat City,Thriller,2008
149788,Crazy Waiting,Comedy,2008
149788,Crazy Waiting,Romance,2008
187301,Mississippi Hare,Animation,1949
187301,Mississippi Hare,Comedy,1949
93731,"Warm December, A",Drama,1973
93731,"Warm December, A",Romance,1973
148685,Night Owls,Comedy,2015
148685,Night Owls,Drama,2015
160297,Ragin Cajun Redneck Gators,Horror,2013
160297,Ragin Cajun Redneck Gators,Sci-Fi,2013
160297,Ragin Cajun Redneck Gators,Thriller,2013
5498,Red Beard (Akahige),Drama,1965
168410,Spring Broke,Documentary,2016
31485,"Professionals, The",Western,1966
140990,"Habanera, La",Drama,1937
122250,In Name Only,Drama,1939
122250,In Name Only,Romance,1939
226584,Being a Human Person,Documentary,2020
131928,Lovelines,Comedy,1984
2563,Dangerous Beauty,Drama,1998
251294,Night Shift,Comedy,2021
251294,Night Shift,Crime,2021
184751,Take Off,Drama,2017
184751,Take Off,Thriller,2017
184751,Take Off,War,2017
98623,Winners and Sinners (Qi mou miao ji: Wu fu xing),Action,1983
98623,Winners and Sinners (Qi mou miao ji: Wu fu xing),Comedy,1983
98623,Winners and Sinners (Qi mou miao ji: Wu fu xing),Crime,1983
165759,The Mill of Good Luck,Crime,1955
165759,The Mill of Good Luck,Drama,1955
276879,Historia Roja,Drama,2016
276879,Historia Roja,War,2016
178947,Mystery Liner,Mystery,1934
278674,Cinema Through the Eye of Magnum,Documentary,2017
137282,The Genius of Marian,Documentary,2013
180559,Winter Brothers,Drama,2017
35853,Blackout (Contraband),Adventure,1940
35853,Blackout (Contraband),Romance,1940
84529,Thirty-Five Something (Tout pour plaire),Comedy,2005
72165,Cirque du Freak: The Vampire's Assistant,Action,2009
72165,Cirque du Freak: The Vampire's Assistant,Adventure,2009
72165,Cirque du Freak: The Vampire's Assistant,Comedy,2009
72165,Cirque du Freak: The Vampire's Assistant,Fantasy,2009
72165,Cirque du Freak: The Vampire's Assistant,Horror,2009
72165,Cirque du Freak: The Vampire's Assistant,Thriller,2009
220440,Penguin,Crime,2020
220440,Penguin,Mystery,2020
220440,Penguin,Thriller,2020
194801,My Dinner With Hervé,Drama,2018
147322,You Are My Only Love,Drama,1993
147322,You Are My Only Love,Romance,1993
163006,Hands of Stone,Drama,2016
289141,Zoey 102,Comedy,2023
289141,Zoey 102,Romance,2023
59369,Taken,Action,2008
59369,Taken,Crime,2008
59369,Taken,Drama,2008
59369,Taken,Thriller,2008
135103,"Venice, the Moon and You",Comedy,1958
69483,"Not on Your Life (Verdugo, El) (Executioner, The)",Comedy,1963
69483,"Not on Your Life (Verdugo, El) (Executioner, The)",Drama,1963
26933,Fetishes,Documentary,1996
45837,Let It Be,Documentary,1970
249932,Do You Believe in Angels?,Comedy,1961
196945,And Breathe Normally,Drama,2018
30977,"Pickle, The",Comedy,1993
143219,Crossbar,Drama,1979
3748,"Match, The",Comedy,1999
3748,"Match, The",Romance,1999
268468,Hot Chocolate Holiday,Romance,2021
91688,Salvation Boulevard,Comedy,2011
91688,Salvation Boulevard,Thriller,2011
60609,Death Note,Adventure,2006
60609,Death Note,Crime,2006
60609,Death Note,Drama,2006
60609,Death Note,Horror,2006
60609,Death Note,Mystery,2006
83777,"Strongest Man in the World, The",Comedy,1975
83777,"Strongest Man in the World, The",Fantasy,1975
213397,Promising Young Woman,Crime,2020
213397,Promising Young Woman,Drama,2020
213397,Promising Young Woman,Thriller,2020
64839,"Wrestler, The",Drama,2008
275581,Man About Dog,Comedy,2004
77414,"Last Song, The",Drama,2010
77414,"Last Song, The",Romance,2010
175205,Soundtrack,Drama,2017
205180,Time Troopers,Action,1985
205180,Time Troopers,Sci-Fi,1985
176315,"Suffer, Little Children",Horror,1983
255443,Sharpe's Peril,Adventure,2008
255443,Sharpe's Peril,Drama,2008
255443,Sharpe's Peril,War,2008
262705,Lady Into Lassie,Comedy,1995
262705,Lady Into Lassie,Drama,1995
262705,Lady Into Lassie,Romance,1995
138012,Turn the Beat Around,Drama,2010
291489,Big House Bunny,Animation,1950
291489,Big House Bunny,Children,1950
291489,Big House Bunny,Comedy,1950
251794,The Misfits,Action,2021
251794,The Misfits,Comedy,2021
251794,The Misfits,Crime,2021
241084,La Tirana,Drama,1958
191071,Baba,Action,2002
191071,Baba,Drama,2002
188905,Optocht van voorstanders van het Esperanto,Documentary,1911
687,Country Life,Drama,1994
687,Country Life,Romance,1994
92240,Kagi (Odd Obsession),Drama,1959
202661,Incorrigible,Comedy,1975
202661,Incorrigible,Crime,1975
199758,Wir hau'n die Pauker in die Pfanne,Comedy,1970
125317,The Colony,Thriller,1995
124539,Gunshy,Action,1998
124539,Gunshy,Crime,1998
124539,Gunshy,Thriller,1998
221334,Bavaria - A magical journey,Documentary,2012
7226,No Good Deed (a.k.a. The House on Turk Street),Crime,2002
7226,No Good Deed (a.k.a. The House on Turk Street),Drama,2002
7226,No Good Deed (a.k.a. The House on Turk Street),Thriller,2002
287817,Spitfire,Drama,1934
284603,Sun and Concrete,Drama,2023
1849,Prince Valiant,Adventure,1997
128506,Rent-a-Cat,Comedy,2012
128506,Rent-a-Cat,Drama,2012
207149,The Ultimate Legacy,Adventure,2015
207149,The Ultimate Legacy,Comedy,2015
207149,The Ultimate Legacy,Drama,2015
68855,Montana,Action,1950
68855,Montana,Adventure,1950
68855,Montana,Romance,1950
68855,Montana,Western,1950
280936,Excess Will Save Us,Comedy,2022
280936,Excess Will Save Us,Documentary,2022
280936,Excess Will Save Us,Drama,2022
268002,The Magician's Cavern,Comedy,1901
268002,The Magician's Cavern,Fantasy,1901
1668,One Night Stand,Drama,1997
164915,A Thief Of Time,Mystery,2004
74261,Cimarron,Drama,1960
74261,Cimarron,Western,1960
216675,The Last Descent,Drama,2016
202315,Hard to Die,Action,1993
202315,Hard to Die,Comedy,1993
202315,Hard to Die,Thriller,1993
32724,Ghosts... of the Civil Dead,Crime,1988
32724,Ghosts... of the Civil Dead,Drama,1988
257697,The Dwarf,Drama,1912
221570,Gold Fever in Lapland,Adventure,1999
221570,Gold Fever in Lapland,Drama,1999
232911,Drowning Love,Drama,2016
232911,Drowning Love,Romance,2016
171193,The Dark Tapes,Horror,2017
171193,The Dark Tapes,Sci-Fi,2017
171193,The Dark Tapes,Thriller,2017
42740,Looking for Comedy in the Muslim World,Comedy,2005
102862,"Human Scale, The",Documentary,2012
240068,Air Collision,Action,2012
240068,Air Collision,Thriller,2012
212321,Starship,Action,2011
212321,Starship,Comedy,2011
212321,Starship,Sci-Fi,2011
212321,Starship,Thriller,2011
131872,Dance 'Til Dawn,Children,1988
131872,Dance 'Til Dawn,Comedy,1988
130362,La disubbidienza,Drama,1981
3395,Nadine,Comedy,1987
189769,Money,Thriller,2017
182821,The Vengeful Beauty,Action,1978
182821,The Vengeful Beauty,Adventure,1978
1935,How Green Was My Valley,Drama,1941
1935,How Green Was My Valley,Musical,1941
1935,How Green Was My Valley,Romance,1941
49917,When the Levees Broke: A Requiem in Four Acts,Documentary,2006
202171,Bates Motel,Drama,1987
202171,Bates Motel,Horror,1987
25869,"47 Ronin, The (Genroku Chûshingura)",Drama,1941
172471,Bangkok Hilton,Drama,1989
215705,Last Man Club,Drama,2016
171225,Sam Was Here,Horror,2016
171225,Sam Was Here,Mystery,2016
171225,Sam Was Here,Thriller,2016
96865,Sam Peckinpah: Man of Iron,Documentary,1993
7234,"Strada, La",Drama,1954
233991,The Bloodhound,Horror,2020
233991,The Bloodhound,Mystery,2020
161902,Terror of Frankenstein,Horror,1977
161902,Terror of Frankenstein,Sci-Fi,1977
285907,Arizona Heat,Thriller,1988
3460,Hillbillys in a Haunted House,Comedy,1967
57432,Timber Falls,Horror,2007
57432,Timber Falls,Thriller,2007
192181,Daddy Cool,Comedy,2017
163050,Desperate Man Blues,Documentary,2003
274245,The Getaway King,Action,2021
274245,The Getaway King,Comedy,2021
274245,The Getaway King,Crime,2021
163833,The Big Boodle,Crime,1957
163833,The Big Boodle,Thriller,1957
181365,Monty Python: Parrot Sketch Not Included,Comedy,1989
98845,Crooked Arrows,Drama,2012
210917,Lara,Comedy,2019
210917,Lara,Drama,2019
114273,Bethlehem,Drama,2013
114273,Bethlehem,Thriller,2013
114273,Bethlehem,War,2013
210085,Doe,Thriller,2018
240616,Toxic,Action,2008
240616,Toxic,Comedy,2008
240616,Toxic,Thriller,2008
215961,Escape of Mr. McKinley,Sci-Fi,1975
277056,The Birth of Love,Drama,1993
105717,My Grandfather's People (Dedemin insanlari),Comedy,2011
105717,My Grandfather's People (Dedemin insanlari),Drama,2011
217681,The Wild Fields,Adventure,2018
217681,The Wild Fields,Comedy,2018
217681,The Wild Fields,Drama,2018
217681,The Wild Fields,Western,2018
3381,Slaves to the Underground,Comedy,1997
3381,Slaves to the Underground,Drama,1997
48713,Mr. Conservative: Goldwater on Goldwater,Documentary,2006
235967,The Phantom of the Convent,Horror,1934
129502,Sword of Sherwood Forest,Adventure,1960
129502,Sword of Sherwood Forest,Fantasy,1960
194590,Территория Джа,Comedy,NA
194590,Территория Джа,Fantasy,NA
194590,Территория Джа,Sci-Fi,NA
159149,Rescued by Rover,Drama,1905
60284,Gunnin' for That #1 Spot,Documentary,2008
213636,The Man of the Labyrinth,Thriller,2019
165087,Brimstone,Mystery,2016
165087,Brimstone,Thriller,2016
165087,Brimstone,Western,2016
145212,The Forgotten Ones,Drama,2008
145212,The Forgotten Ones,Horror,2008
79980,Children of Invention,Drama,2009
5296,"Sweetest Thing, The",Comedy,2002
5296,"Sweetest Thing, The",Romance,2002
71591,Abbott and Costello Meet Captain Kidd,Adventure,1952
71591,Abbott and Costello Meet Captain Kidd,Comedy,1952
71591,Abbott and Costello Meet Captain Kidd,Musical,1952
172505,8 First Dates,Comedy,2012
4902,"Devil's Backbone, The (Espinazo del diablo, El)",Drama,2001
4902,"Devil's Backbone, The (Espinazo del diablo, El)",Fantasy,2001
4902,"Devil's Backbone, The (Espinazo del diablo, El)",Horror,2001
4902,"Devil's Backbone, The (Espinazo del diablo, El)",Thriller,2001
4902,"Devil's Backbone, The (Espinazo del diablo, El)",War,2001
200904,His Prehistoric Past,Comedy,1914
37663,Blue Hill Avenue,Crime,2001
37663,Blue Hill Avenue,Drama,2001
226398,Fallacy,Drama,2014
119950,The Magnificent Trio,Action,1966
119950,The Magnificent Trio,Drama,1966
119950,The Magnificent Trio,Romance,1966
174265,The 'Teddy' Bears,Comedy,1907
174265,The 'Teddy' Bears,Fantasy,1907
4446,Final Fantasy: The Spirits Within,Adventure,2001
4446,Final Fantasy: The Spirits Within,Animation,2001
4446,Final Fantasy: The Spirits Within,Fantasy,2001
4446,Final Fantasy: The Spirits Within,Sci-Fi,2001
272449,Infinite Storm,Drama,2022
272449,Infinite Storm,Thriller,2022
172081,All Inclusive 2,Comedy,2013
197267,Cuibul de viespi,Comedy,1987
197267,Cuibul de viespi,Romance,1987
277834,South Park: The 25th Anniversary Concert,Animation,2022
277834,South Park: The 25th Anniversary Concert,Comedy,2022
165215,Stalked by My Doctor,Thriller,2015
127102,The First Men in the Moon,Sci-Fi,2010
136818,Silent Retreat,Horror,2016
136818,Silent Retreat,Mystery,2016
136818,Silent Retreat,Thriller,2016
85746,Scipio Africanus: The Defeat of Hannibal (Scipione l'africano),Drama,1937
85746,Scipio Africanus: The Defeat of Hannibal (Scipione l'africano),War,1937
136158,The Virtuous Bigamist,Comedy,1956
136158,The Virtuous Bigamist,Drama,1956
532,Serial Mom,Comedy,1994
532,Serial Mom,Crime,1994
532,Serial Mom,Horror,1994
244756,The Girl Who Believes in Miracles,Children,2021
244756,The Girl Who Believes in Miracles,Drama,2021
674,Barbarella,Adventure,1968
674,Barbarella,Comedy,1968
674,Barbarella,Sci-Fi,1968
212148,Girl Thing,Drama,2019
198027,The Woman of Everyone,Comedy,1969
198027,The Woman of Everyone,Drama,1969
198027,The Woman of Everyone,Fantasy,1969
200146,Ebba the Movie,Documentary,1982
287219,A Bride from the North,Comedy,1975
287219,A Bride from the North,Romance,1975
135971,Return to Sleepaway Camp,Horror,2008
214770,Morrhår och ärtor,Comedy,1986
291965,Wish Upon a Wedding,Comedy,2023
291965,Wish Upon a Wedding,Romance,2023
131548,Hardbodies,Comedy,1984
113949,Aaron Loves Angela,Comedy,1975
113949,Aaron Loves Angela,Drama,1975
113949,Aaron Loves Angela,Romance,1975
113949,Aaron Loves Angela,Thriller,1975
140503,The Biscuit Eater,Children,1972
140503,The Biscuit Eater,Drama,1972
190259,Lily and Jim,Animation,1997
190259,Lily and Jim,Comedy,1997
124003,Easy to Wed,Comedy,1946
124003,Easy to Wed,Romance,1946
166860,"Yes, My Darling Daughter",Comedy,1939
166860,"Yes, My Darling Daughter",Romance,1939
84479,Remember My Name,Drama,1978
84479,Remember My Name,Thriller,1978
3903,Urbania,Drama,2000
188475,"Aphrodite, Goddess of Love",Drama,1958
3731,Cutter's Way,Drama,1981
3731,Cutter's Way,Thriller,1981
153190,The Amazing Mr. Bickford,Animation,1987
87808,Street Without End (Kagirinaki hodo),Drama,1934
133837,Alien Origin,Fantasy,2012
133837,Alien Origin,Sci-Fi,2012
133837,Alien Origin,Thriller,2012
157034,The Bad Man,Comedy,1941
157034,The Bad Man,Western,1941
262615,"Yum, Yum, Yum! A Taste of Cajun and Creole Cooking",Documentary,1990
114044,Honeymoon,Horror,2014
6623,Passionada,Comedy,2002
6623,Passionada,Romance,2002
3195,Tess of the Storm Country,Drama,1922
50949,Mafioso,Comedy,1962
50949,Mafioso,Crime,1962
50949,Mafioso,Drama,1962
154335,Countdown at Kusini,Drama,1976
140343,Assault at West Point: The Court-Martial of Johnson Whittaker,Drama,1994
140343,Assault at West Point: The Court-Martial of Johnson Whittaker,Thriller,1994
48049,Assassin(s),Crime,1997
48049,Assassin(s),Drama,1997
108510,Of Snails and Men (Despre oameni si melci),Comedy,2012
105135,"Pit, The",Horror,1981
276323,WITCH: We Intend to Cause Havoc,Documentary,2019
291336,The Least of These: A Christmas Story,Comedy,2018
291336,The Least of These: A Christmas Story,Drama,2018
90281,My Joy (Schastye moe),Drama,2010
283173,Shayda,Drama,2023
245412,Tentacles,Drama,2021
245412,Tentacles,Fantasy,2021
245412,Tentacles,Horror,2021
287699,Oppenheimer,Drama,2023
182001,The Plastics Inventor,Animation,1944
145094,Howl,Horror,2015
279006,The Other Me,Drama,2022
279006,The Other Me,Thriller,2022
272445,Mike Epps: Indiana Mike,Comedy,2022
160102,Scream at the Devil,Mystery,2015
161098,Prince of Broadway,Comedy,2008
161098,Prince of Broadway,Drama,2008
54220,"Sterile Cuckoo, The",Comedy,1969
54220,"Sterile Cuckoo, The",Drama,1969
227308,Everything I Like,Drama,1993
204968,Red Faction: Origins,Sci-Fi,2011
141191,OPA!,Comedy,2005
141191,OPA!,Romance,2005
230709,Wild Mountain Thyme,Drama,2020
230709,Wild Mountain Thyme,Romance,2020
181529,Angels in the Snow,Children,2015
181529,Angels in the Snow,Drama,2015
198089,The Night Stalker,Crime,1987
198089,The Night Stalker,Drama,1987
198089,The Night Stalker,Thriller,1987
34155,Saraband,Drama,2003
206091,Little Spirou,Comedy,2017
63280,"Winning of Barbara Worth, The",Drama,1926
63280,"Winning of Barbara Worth, The",Romance,1926
63280,"Winning of Barbara Worth, The",Western,1926
249534,The Beetle,Documentary,2008
150641,Return of the Texan,Drama,1952
150641,Return of the Texan,Western,1952
271138,The Territory,Documentary,2022
131462,Thunder at the Border,Adventure,1966
131462,Thunder at the Border,Western,1966
286633,London Can Take It!,Documentary,1940
286633,London Can Take It!,War,1940
187073,Ninja in the Dragon's Den,Action,1982
187073,Ninja in the Dragon's Den,Comedy,1982
145871,The Grasshopper,Comedy,1967
145871,The Grasshopper,Romance,1967
134387,At Ellen’s Age,Comedy,2011
134387,At Ellen’s Age,Drama,2011
2127,"First Love, Last Rites",Drama,1997
2127,"First Love, Last Rites",Romance,1997
227304,Eleanor's Secret,Animation,2009
227304,Eleanor's Secret,Children,2009
232447,"Oh, My Son!",Drama,1979
245868,A Lady to Love,Drama,1930
245868,A Lady to Love,Romance,1930
150914,Goodbye Gemini,Drama,1970
234213,Flowers of Taipei: Taiwan New Cinema,Documentary,2014
189721,What Girls are Silent About,Comedy,2013
101214,Genghis Khan,Adventure,1965
101214,Genghis Khan,Drama,1965
101214,Genghis Khan,War,1965
195909,Strange Colours,Drama,2017
39777,Tarzan the Ape Man,Action,1932
39777,Tarzan the Ape Man,Adventure,1932
58365,Chicago 10,Animation,2007
58365,Chicago 10,Documentary,2007
113232,National Lampoon's Pucked,Comedy,2006
175711,Gangsters and Philantropists,Action,1963
175711,Gangsters and Philantropists,Comedy,1963
175711,Gangsters and Philantropists,Crime,1963
248858,Dispatches from Cleveland,Documentary,2017
142552,The Saint of Gamblers,Action,1995
142552,The Saint of Gamblers,Comedy,1995
46154,"War Within, The",Drama,2005
3038,"Face in the Crowd, A",Drama,1957
176507,Love at the Christmas Table,Comedy,2012
176507,Love at the Christmas Table,Romance,2012
6561,"Mouse That Roared, The",Comedy,1959
6561,"Mouse That Roared, The",War,1959
204272,The Vultures on the Road,Action,1990
204272,The Vultures on the Road,Crime,1990
204272,The Vultures on the Road,Thriller,1990
53189,Eagle vs Shark,Comedy,2007
277468,Yahşi Batı,Adventure,2009
277468,Yahşi Batı,Comedy,2009
277468,Yahşi Batı,Western,2009
226170,Matchmaker Christmas,Romance,2019
195165,Holmes and Watson,Adventure,2018
195165,Holmes and Watson,Comedy,2018
195165,Holmes and Watson,Mystery,2018
758,"Jar, The (Khomreh)",Drama,1992
157178,Ardh Satya,Crime,1983
157178,Ardh Satya,Drama,1983
93420,"Art of Flight, The",Adventure,2011
93420,"Art of Flight, The",Documentary,2011
53859,Goal II: Living the Dream,Action,2007
53859,Goal II: Living the Dream,Drama,2007
168036,The Good Witch's Gift,Children,2010
168036,The Good Witch's Gift,Drama,2010
168036,The Good Witch's Gift,Fantasy,2010
240934,Shooting 'Panic Room',Documentary,2004
252646,False Positive,Horror,2021
245600,O Menino da Porteira,Drama,2009
245600,O Menino da Porteira,Western,2009
1961,Rain Man,Drama,1988
191453,Tik Tik Tik,Crime,1981
191453,Tik Tik Tik,Drama,1981
191453,Tik Tik Tik,Thriller,1981
132963,Mr. Superinvisible,Action,1970
132963,Mr. Superinvisible,Comedy,1970
116853,A Good Marriage,Thriller,2014
107865,"Glass-blower's Children, The (Glasblåsarns barn)",Children,1998
107865,"Glass-blower's Children, The (Glasblåsarns barn)",Drama,1998
186207,The Ashram,Fantasy,2018
186207,The Ashram,Thriller,2018
210705,Automation,Sci-Fi,2019
160551,Black November,Action,2012
160551,Black November,Crime,2012
160551,Black November,Drama,2012
191791,Forgetting Dad,Documentary,2008
141028,L'infermiera di notte,Comedy,1979
115207,Mount Head (Atama yama),Animation,2002
115207,Mount Head (Atama yama),Comedy,2002
115207,Mount Head (Atama yama),Drama,2002
115207,Mount Head (Atama yama),Fantasy,2002
283635,Wallander 21 - The Sniper,Crime,2009
283635,Wallander 21 - The Sniper,Thriller,2009
151208,The Kid with X-Ray Eyes,Children,1999
151208,The Kid with X-Ray Eyes,Comedy,1999
7000,Hudson Hawk,Action,1991
7000,Hudson Hawk,Adventure,1991
7000,Hudson Hawk,Comedy,1991
200030,Dead Souls,Documentary,2018
198509,Sergio Leone - Une Amérique de légende,Documentary,2018
47063,Loch Ness,Drama,1996
238066,Crocodile 2: Death Swamp,Horror,2002
136493,Chandni Bar,Drama,2001
178255,No Subtitles Necessary: Laszlo & Vilmos,Documentary,2009
190499,Buy Me,Drama,2017
258157,Ride or Die,Drama,2021
258157,Ride or Die,Romance,2021
258157,Ride or Die,Thriller,2021
991,Michael Collins,Drama,1996
183399,"His Majesty, the Scarecrow of Oz",Adventure,1914
183399,"His Majesty, the Scarecrow of Oz",Children,1914
183399,"His Majesty, the Scarecrow of Oz",Comedy,1914
183399,"His Majesty, the Scarecrow of Oz",Fantasy,1914
6789,"Apartment, The (Appartement, L')",Drama,1996
6789,"Apartment, The (Appartement, L')",Mystery,1996
6789,"Apartment, The (Appartement, L')",Romance,1996
145277,Mommy,Horror,1995
238056,Hans Röckle and the Devil,Children,1974
238056,Hans Röckle and the Devil,Fantasy,1974
200926,French Cinema Mon Amour,Documentary,2015
135476,Amélie au pays des Bodin's,Comedy,2010
98499,"Fearless Hyena, The (Xiao quan guai zhao)",Action,1979
98499,"Fearless Hyena, The (Xiao quan guai zhao)",Comedy,1979
280938,Excess Will Save Us,Documentary,2019
192787,What Keeps You Alive,Thriller,2018
224913,Se son rose,Comedy,2018
286777,BlackBerry,Comedy,2023
286777,BlackBerry,Drama,2023
209303,Shockwave Countdown To Disaster,Action,2017
209303,Shockwave Countdown To Disaster,Sci-Fi,2017
214354,Devil Hunters,Action,1989
198959,Missing,Drama,2016
198959,Missing,Mystery,2016
198959,Missing,Thriller,2016
136020,Spectre,Action,2015
136020,Spectre,Adventure,2015
136020,Spectre,Crime,2015
163781,Hail the Judge,Comedy,1994
196733,The Cabin,Thriller,2018
149670,Namastey London,Drama,2007
149670,Namastey London,Romance,2007
226458,Se mi lasci non vale,Comedy,2016
204498,Island of the Dead,Horror,2000
204498,Island of the Dead,Thriller,2000
187665,Tongue in Cheek,Comedy,1989
26072,Murder She Said,Comedy,1961
26072,Murder She Said,Crime,1961
26072,Murder She Said,Drama,1961
26072,Murder She Said,Mystery,1961
211107,Finding Father Christmas,Drama,2016
171725,Moontrap,Horror,1989
171725,Moontrap,Sci-Fi,1989
123463,Out of Bounds,Action,1986
123463,Out of Bounds,Crime,1986
123463,Out of Bounds,Thriller,1986
120390,Natural Selection,Comedy,2011
120390,Natural Selection,Drama,2011
73139,Out 1: Spectre,Comedy,1974
73139,Out 1: Spectre,Drama,1974
73139,Out 1: Spectre,Thriller,1974
150862,Evaporating Borders,Documentary,2014
120934,Korengal,Documentary,2014
120934,Korengal,War,2014
190765,Sanju,Comedy,2018
190765,Sanju,Drama,2018
90118,"Sheep Has Five Legs, The (Le mouton à cinq pattes)",Comedy,1954
66365,Trancers,Action,1985
66365,Trancers,Sci-Fi,1985
92738,Beautiful Kate,Drama,2009
92738,Beautiful Kate,Mystery,2009
218833,Ouija Shark,Comedy,2020
218833,Ouija Shark,Horror,2020
126140,Love Can Seriously Damage Your Health,Comedy,1997
126140,Love Can Seriously Damage Your Health,Romance,1997
202289,Space Chicken,Action,2017
202289,Space Chicken,Adventure,2017
202289,Space Chicken,Animation,2017
202289,Space Chicken,Children,2017
202289,Space Chicken,Comedy,2017
202289,Space Chicken,Sci-Fi,2017
70377,Where Danger Lives,Drama,1950
70377,Where Danger Lives,Film-Noir,1950
70377,Where Danger Lives,Romance,1950
70377,Where Danger Lives,Thriller,1950
111885,Mad Love (Sappho),Drama,1921
111885,Mad Love (Sappho),Romance,1921
202679,Secrets of Chatsworth,Documentary,2013
122270,The Suspicions of Mr. Whicher: The Murder at Road Hill House,Drama,2011
122270,The Suspicions of Mr. Whicher: The Murder at Road Hill House,Mystery,2011
232885,Survive The Hollow Shoals,Horror,2018
247500,Homunculus,Drama,2021
247500,Homunculus,Thriller,2021
191279,G-Funk,Documentary,2017
278464,Something Good — Negro Kiss,Romance,1898
157417,Laughing Gas,Comedy,1914
200554,Scream Dream,Comedy,1989
200554,Scream Dream,Horror,1989
200554,Scream Dream,Thriller,1989
2964,Julien Donkey-Boy,Drama,1999
48901,Corto Maltese in Siberia (Corto Maltese - La cour secrète des Arcanes),Adventure,2002
48901,Corto Maltese in Siberia (Corto Maltese - La cour secrète des Arcanes),Animation,2002
48901,Corto Maltese in Siberia (Corto Maltese - La cour secrète des Arcanes),Drama,2002
48901,Corto Maltese in Siberia (Corto Maltese - La cour secrète des Arcanes),Romance,2002
48901,Corto Maltese in Siberia (Corto Maltese - La cour secrète des Arcanes),War,2002
281276,Darby and the Dead,Comedy,2022
281276,Darby and the Dead,Fantasy,2022
160392,Trenchcoat,Children,1983
160392,Trenchcoat,Comedy,1983
160392,Trenchcoat,Crime,1983
160392,Trenchcoat,Mystery,1983
131660,Bastards,Action,2006
131660,Bastards,Drama,2006
131660,Bastards,War,2006
285925,Ghosted,Action,2023
285925,Ghosted,Adventure,2023
285925,Ghosted,Comedy,2023
285925,Ghosted,Romance,2023
160472,The Great Alone,Adventure,2015
160472,The Great Alone,Documentary,2015
160472,The Great Alone,Drama,2015
172527,Hooked on the Game,Action,2009
172527,Hooked on the Game,Sci-Fi,2009
272141,Playground,Drama,2021
204234,Hallowed Ground,Horror,2019
26911,Meltdown (Shu dan long wei),Action,1995
26911,Meltdown (Shu dan long wei),Comedy,1995
26911,Meltdown (Shu dan long wei),Crime,1995
6255,"Bible, The (a.k.a. Bible... In the Beginning, The)",Drama,1966
120230,For the Defense,Drama,1930
192659,Liar's Edge,Thriller,1992
224487,Joshua and the Promised Land,Adventure,2004
224487,Joshua and the Promised Land,Animation,2004
224487,Joshua and the Promised Land,Children,2004
136499,Pablo Francisco: They Put it Out There,Comedy,2011
261835,"Poirot: ""The Labours of Hercules""",Crime,2013
261835,"Poirot: ""The Labours of Hercules""",Drama,2013
261835,"Poirot: ""The Labours of Hercules""",Mystery,2013
227981,Planet Earth,Sci-Fi,1974
259673,Night of the Hunter,Thriller,1991
221296,Last and First Men,Documentary,2020
277654,Tomorrow's Weather,Comedy,2003
277654,Tomorrow's Weather,Drama,2003
5192,"Island, The",Adventure,1980
5192,"Island, The",Horror,1980
5192,"Island, The",Thriller,1980
245508,The Boys of Paul Street,Children,1969
2024,"Rapture, The",Drama,1991
2024,"Rapture, The",Mystery,1991
79363,Music in the Air,Comedy,1934
79363,Music in the Air,Musical,1934
79363,Music in the Air,Romance,1934
60393,Transylvania,Drama,2006
286833,Beautiful Disaster,Comedy,2023
286833,Beautiful Disaster,Drama,2023
286833,Beautiful Disaster,Romance,2023
115386,Charlie Chan's Chance,Mystery,1932
281244,Where's Mama?,Animation,1960
243992,Boo,Horror,2005
4502,Ernest Saves Christmas,Children,1988
4502,Ernest Saves Christmas,Comedy,1988
164528,A Brand New Life,Drama,2009
140495,The Shadow Strikes,Mystery,1937
188263,Two Soldiers,Comedy,1943
188263,Two Soldiers,Drama,1943
188263,Two Soldiers,Romance,1943
188263,Two Soldiers,War,1943
3051,Anywhere But Here,Comedy,1999
3051,Anywhere But Here,Drama,1999
218059,"Hissein Habré, A Chadian Tragedy",Documentary,2016
33397,300 Miles to Heaven (300 Mil do Nieba),Drama,1989
111560,Affectionately Yours,Comedy,1941
111560,Affectionately Yours,Romance,1941
189483,Cannon Fodder,Animation,1995
205497,Mother Krampus,Horror,2017
205098,Distances,Comedy,2018
205098,Distances,Drama,2018
265702,As Gouda as It Gets,Comedy,2021
265702,As Gouda as It Gets,Romance,2021
133065,From Hell to Victory,Action,1979
133065,From Hell to Victory,War,1979
5562,Snipes,Drama,2001
5562,Snipes,Thriller,2001
2110,Dead Men Don't Wear Plaid,Comedy,1982
2110,Dead Men Don't Wear Plaid,Crime,1982
2110,Dead Men Don't Wear Plaid,Thriller,1982
7745,"Scent of Green Papaya, The (Mùi du du xhan - L'odeur de la papaye verte)",Drama,1993
172847,Strayed,Thriller,2009
184961,In Search of Dr. Seuss,Animation,1994
184961,In Search of Dr. Seuss,Children,1994
184961,In Search of Dr. Seuss,Comedy,1994
49902,"Decameron, The (Decameron, Il)",Comedy,1971
49902,"Decameron, The (Decameron, Il)",Drama,1971
3624,Shanghai Noon,Action,2000
3624,Shanghai Noon,Adventure,2000
3624,Shanghai Noon,Comedy,2000
3624,Shanghai Noon,Western,2000
189637,A Single Life,Animation,2014
210987,Elegy to the Visitor from the Revolution,Drama,2011
245416,Duck Soup,Comedy,1927
2263,"Seventh Sign, The",Drama,1988
2263,"Seventh Sign, The",Fantasy,1988
2263,"Seventh Sign, The",Thriller,1988
182751,Wat Mannen Willen,Comedy,2015
182751,Wat Mannen Willen,Romance,2015
192503,Thunder Road,Comedy,2018
192503,Thunder Road,Drama,2018
6317,Cartouche,Action,1962
6317,Cartouche,Adventure,1962
6317,Cartouche,Comedy,1962
6317,Cartouche,Drama,1962
83227,L.627,Crime,1992
83227,L.627,Drama,1992
83227,L.627,Thriller,1992
97177,Colin Quinn: Long Story Short,Comedy,2011
125245,The Great Rupert,Children,1950
125245,The Great Rupert,Comedy,1950
5407,"Bûche, La",Comedy,1999
5407,"Bûche, La",Drama,1999
175099,Amelia's 25th,Comedy,2013
175099,Amelia's 25th,Romance,2013
55681,Valhalla,Adventure,1986
55681,Valhalla,Animation,1986
55681,Valhalla,Children,1986
55681,Valhalla,Fantasy,1986
3590,"Lords of Flatbush, The",Comedy,1974
3590,"Lords of Flatbush, The",Drama,1974
257709,The Old Ways,Fantasy,2020
257709,The Old Ways,Horror,2020
210073,Pay Day,Comedy,1922
171921,Battlefield Death Tales,Horror,2012
171921,Battlefield Death Tales,War,2012
144838,Million Dollar Baby,Comedy,1941
144838,Million Dollar Baby,Romance,1941
25742,Destiny (a.k.a. Between Two Worlds) (Der müde Tod),Fantasy,1921
85056,I Am Number Four,Action,2011
85056,I Am Number Four,Sci-Fi,2011
85056,I Am Number Four,Thriller,2011
85056,I Am Number Four,IMAX,2011
44709,Akeelah and the Bee,Drama,2006
203811,The Tattooed Stranger,Crime,1950
203811,The Tattooed Stranger,Drama,1950
114396,Cesar Chavez,Drama,2014
200912,Maigret and the St. Fiacre Case,Crime,1959
200912,Maigret and the St. Fiacre Case,Drama,1959
200912,Maigret and the St. Fiacre Case,Mystery,1959
200912,Maigret and the St. Fiacre Case,Thriller,1959
207093,Walt Disney,Documentary,2015
167492,Enter the Battlefield: Life on the Magic - The Gathering Pro Tour,Documentary,2016
73370,"Thorn Birds, The",Drama,1983
73370,"Thorn Birds, The",Romance,1983
43419,Bandidas,Action,2006
43419,Bandidas,Comedy,2006
43419,Bandidas,Crime,2006
43419,Bandidas,Western,2006
82356,Boy Interrupted,Documentary,2008
112330,Bitch Hug (Bitchkram),Drama,2012
289679,Scenes from Allen's Last Three Days on Earth as a Spirit,Documentary,1997
239578,Braille,Action,2011
83531,"Two of Us, The (Le vieil homme et l'enfant)",Comedy,1967
83531,"Two of Us, The (Le vieil homme et l'enfant)",Drama,1967
26825,Josh and S.A.M.,Adventure,1993
26825,Josh and S.A.M.,Comedy,1993
26825,Josh and S.A.M.,Drama,1993
231251,Amy & Isabelle,Drama,2001
166988,Overdose,Drama,1983
270070,Charli XCX: Alone Together,Documentary,2021
180971,The Meateater,Horror,1979
142731,Stolen Identity,Action,1953
142731,Stolen Identity,Crime,1953
142731,Stolen Identity,Drama,1953
142731,Stolen Identity,Mystery,1953
142731,Stolen Identity,Thriller,1953
59129,Outpost,Action,2008
59129,Outpost,Horror,2008
2629,"Love Letter, The",Comedy,1999
2629,"Love Letter, The",Romance,1999
187199,Devil You Know,Mystery,2013
187199,Devil You Know,Thriller,2013
1081,Victor/Victoria,Comedy,1982
1081,Victor/Victoria,Musical,1982
1081,Victor/Victoria,Romance,1982
5861,Tales of Ordinary Madness (Storie di Ordinaria Follia),Drama,1981
188851,Chandrettan Evideya,Children,2015
188851,Chandrettan Evideya,Comedy,2015
188851,Chandrettan Evideya,Drama,2015
114072,Cheech and Chong's Animated Movie,Animation,2013
114072,Cheech and Chong's Animated Movie,Comedy,2013
105448,Eros (Men and Women) (Noite Vazia),Drama,1964
178343,Mary's Land,Comedy,2013
178343,Mary's Land,Documentary,2013
178343,Mary's Land,Drama,2013
178343,Mary's Land,Mystery,2013
168506,The Greatest Man in Siam,Animation,1944
289139,Kaze to Ki no Uta Sanctus: Sei Naru Kana,Animation,1987
289139,Kaze to Ki no Uta Sanctus: Sei Naru Kana,Drama,1987
289139,Kaze to Ki no Uta Sanctus: Sei Naru Kana,Romance,1987
124889,The Adventures of Tom Thumb & Thumbelina,Animation,2002
478,Jimmy Hollywood,Comedy,1994
478,Jimmy Hollywood,Crime,1994
478,Jimmy Hollywood,Drama,1994
226512,The Snake Girl and the Silver-Haired Witch,Horror,1968
226512,The Snake Girl and the Silver-Haired Witch,Mystery,1968
226512,The Snake Girl and the Silver-Haired Witch,Thriller,1968
172137,Pioneer Heroes,Drama,2015
166544,A Kind of Murder,Thriller,2016
151900,Arrowhead,Action,2015
151900,Arrowhead,Adventure,2015
151900,Arrowhead,Mystery,2015
151900,Arrowhead,Sci-Fi,2015
155162,Jack and the Beanstalk,Adventure,1902
155162,Jack and the Beanstalk,Children,1902
155162,Jack and the Beanstalk,Fantasy,1902
156210,Sugar,Drama,2004
156210,Sugar,Romance,2004
176603,The Snowman,Crime,2017
176603,The Snowman,Thriller,2017
213606,Brothers in Blood: The Lions of Sabi Sand,Documentary,2015
243232,A Very British Psycho,Documentary,1997
275489,Goopy Geer,Animation,1932
275489,Goopy Geer,Comedy,1932
207365,Guidable - The Real History of Ratos de Porão,Documentary,2008
97540,"Visiteurs du soir, Les (Devil's Envoys, The)",Drama,1942
97540,"Visiteurs du soir, Les (Devil's Envoys, The)",Fantasy,1942
97540,"Visiteurs du soir, Les (Devil's Envoys, The)",Romance,1942
285581,The Blackwell Ghost 6,Drama,2022
285581,The Blackwell Ghost 6,Horror,2022
281296,The Rust,Drama,2021
269804,Stolen Glory,Comedy,1912
136455,Iron Man & Captain America: Heroes United,Action,2014
136455,Iron Man & Captain America: Heroes United,Adventure,2014
136455,Iron Man & Captain America: Heroes United,Animation,2014
246634,Oh My God,Comedy,2015
157170,Eat My Dust,Action,1976
6652,Joe Kidd,Western,1972
277432,The Chaos Class Welcome,Comedy,2004
289519,Kamikazen (Ultima notte a Milano),Comedy,1988
232593,Christmas on the Vine,Romance,2020
62644,"Wave, The (Welle, Die)",Drama,2008
1026,So Dear to My Heart,Children,1949
1026,So Dear to My Heart,Drama,1949
199892,The Three Heroes: The Heiress to the Throne,Animation,2018
199892,The Three Heroes: The Heiress to the Throne,Children,2018
286753,Cold War,Animation,1951
150425,Lana: Queen of the Amazons,Adventure,1964
87053,Zoo in Budapest,Drama,1933
87053,Zoo in Budapest,Romance,1933
4495,Crossing Delancey,Comedy,1988
4495,Crossing Delancey,Romance,1988
155525,All the Love You Cannes!,Documentary,2002
134095,My Love,Animation,2006
134095,My Love,Drama,2006
71178,Street of Shame (Akasen chitai),Drama,1956
146437,San Francisco 2.0,Documentary,2015
291495,Carry on Jatta 3,Comedy,2023
291495,Carry on Jatta 3,Drama,2023
235927,One Life at a Time,Drama,2020
8971,Veer Zaara,Drama,2004
8971,Veer Zaara,Musical,2004
8971,Veer Zaara,Romance,2004
202819,The Merry Wives of Windsor,Comedy,1982
179623,Die zertanzten Schuhe,Children,2011
179623,Die zertanzten Schuhe,Fantasy,2011
128723,James Dean,Drama,2001
225884,Slow Video,Comedy,2014
225884,Slow Video,Drama,2014
139064,Gang of Four,Adventure,1989
139064,Gang of Four,Drama,1989
139064,Gang of Four,Mystery,1989
163601,The Work and the Glory II: American Zion,Drama,2005
289071,Curtain Call,Comedy,1940
206710,Spider in the Web,Thriller,2019
198171,Celluloid,Drama,2014
198171,Celluloid,Thriller,2014
189017,Stone,Action,1974
189017,Stone,Crime,1974
189017,Stone,Thriller,1974
156615,Silent Retreat,Horror,2013
156615,Silent Retreat,Mystery,2013
156615,Silent Retreat,Thriller,2013
277856,See How They Run,Comedy,2022
277856,See How They Run,Crime,2022
277856,See How They Run,Mystery,2022
244414,Never Ever,Drama,2016
52108,It's Impossible to Learn to Plow by Reading Books,Drama,1988
261437,About an Age,Drama,2018
281792,Canvas,Animation,2021
281792,Canvas,Horror,2021
157198,Macross Frontier: The Wings of Goodbye,Action,2011
157198,Macross Frontier: The Wings of Goodbye,Animation,2011
157198,Macross Frontier: The Wings of Goodbye,Romance,2011
141793,Women of the World,Documentary,1963
73914,Sometimes a Great Notion,Action,1970
73914,Sometimes a Great Notion,Adventure,1970
73914,Sometimes a Great Notion,Drama,1970
83430,Fool N Final,Action,2007
83430,Fool N Final,Comedy,2007
83430,Fool N Final,Romance,2007
268928,Ratboy,Comedy,1986
268928,Ratboy,Crime,1986
268928,Ratboy,Drama,1986
276531,Take the Night,Crime,2022
276531,Take the Night,Thriller,2022
158761,Super Juice Me!,Documentary,2014
282119,Kalev,Drama,2022
245288,Sometime Other Than Now,Drama,2021
53123,Once,Drama,2006
53123,Once,Musical,2006
53123,Once,Romance,2006
163352,Variety Girl,Comedy,1947
124083,Honolulu,Comedy,1939
124083,Honolulu,Romance,1939
85275,Uncounted: The New Math of American Elections,Documentary,2008
211127,The Ninth Precinct,Crime,2019
211127,The Ninth Precinct,Fantasy,2019
211127,The Ninth Precinct,Thriller,2019
220598,Kathy Griffin: Everybody Can Suck It,Comedy,2007
173139,The Bad Batch,Horror,2017
173139,The Bad Batch,Romance,2017
173139,The Bad Batch,Thriller,2017
144962,Phantom Boy,Adventure,2015
144962,Phantom Boy,Animation,2015
144962,Phantom Boy,Children,2015
5353,Butterflies Are Free,Comedy,1972
5353,Butterflies Are Free,Drama,1972
120118,The Forest,Drama,2012
120118,The Forest,Fantasy,2012
272491,General Report,Documentary,1977
86880,Pirates of the Caribbean: On Stranger Tides,Action,2011
86880,Pirates of the Caribbean: On Stranger Tides,Adventure,2011
86880,Pirates of the Caribbean: On Stranger Tides,Fantasy,2011
86880,Pirates of the Caribbean: On Stranger Tides,IMAX,2011
120952,Filly Brown,Drama,2012
251996,Possibly in Michigan,Horror,1983
257703,Nineties,Comedy,1992
198819,Friends: Naki on Monster Island,Animation,2011
198819,Friends: Naki on Monster Island,Children,2011
198819,Friends: Naki on Monster Island,Comedy,2011
46065,Ice Bound,Drama,2003
124727,Just for Kicks,Documentary,2005
119948,Let's Kill Ward's Wife,Comedy,2014
205935,Girl Slaves of Morgana Le Fay,Drama,1971
205935,Girl Slaves of Morgana Le Fay,Fantasy,1971
126779,Grandmother,Drama,2010
281290,A Big Fat Family Christmas,Comedy,2022
281290,A Big Fat Family Christmas,Drama,2022
281290,A Big Fat Family Christmas,Romance,2022
171347,The Sisters,Drama,2005
171347,The Sisters,Horror,2005
224591,Last Shot,Drama,2020
190583,Goa,Comedy,2010
190583,Goa,Romance,2010
4530,Permanent Record,Drama,1988
127323,Vice,Action,2015
127323,Vice,Adventure,2015
127323,Vice,Sci-Fi,2015
127323,Vice,Thriller,2015
214900,Theatre of War,Documentary,2018
3932,"Invisible Man, The",Horror,1933
3932,"Invisible Man, The",Sci-Fi,1933
244530,Pagglait,Comedy,2021
244530,Pagglait,Drama,2021
106057,Wind with the Gone (El viento se llevó lo qué),Comedy,1998
106057,Wind with the Gone (El viento se llevó lo qué),Drama,1998
260009,Incision,Horror,2020
167886,The Phantom,Action,1943
60032,Hounddog,Drama,2007
238824,Backyard Blockbusters,Documentary,2012
208441,Pig Hag,Drama,2019
174051,Photographer,Comedy,2015
174051,Photographer,Drama,2015
186239,Road Movie,Drama,1974
1186,"Sex, Lies, and Videotape",Drama,1989
132796,San Andreas,Action,2015
132796,San Andreas,Drama,2015
132796,San Andreas,Thriller,2015
208643,William,Drama,2019
208643,William,Sci-Fi,2019
175423,Sunstroke,Drama,2014
162956,Kiss Kiss (Bang Bang),Action,2001
162956,Kiss Kiss (Bang Bang),Crime,2001
179263,Fidgety Bram,Children,2012
179263,Fidgety Bram,Comedy,2012
6349,Breakin',Drama,1984
6349,Breakin',Musical,1984
261039,"Barbie: Big City, Big Dreams",Animation,2021
261039,"Barbie: Big City, Big Dreams",Children,2021
280472,Mili,Thriller,2022
6042,Blind Spot: Hitler's Secretary (Im toten Winkel - Hitlers Sekretärin),Documentary,2002
158330,The Secret Diaries of Miss Anne Lister,Children,2010
158330,The Secret Diaries of Miss Anne Lister,Drama,2010
188087,Nepoddayushchiyesya,Comedy,1959
152731,Los Hermanos Del Hierro,Adventure,1961
152731,Los Hermanos Del Hierro,Drama,1961
152731,Los Hermanos Del Hierro,Western,1961
99607,Immaculate Conception of Little Dizzle,Comedy,2009
159032,Noon Sunday,Drama,1970
271783,Wanderers of the Desert,Drama,1984
49200,"Foreign Affair, A",Comedy,1948
49200,"Foreign Affair, A",Drama,1948
49200,"Foreign Affair, A",Romance,1948
174115,Jupiter's Thunderballs,Comedy,1903
174115,Jupiter's Thunderballs,Fantasy,1903
262369,Attica,Documentary,2021
110752,Mondo Hollywood,Documentary,1967
167972,The Secret of Arkandias,Adventure,2014
167972,The Secret of Arkandias,Comedy,2014
167972,The Secret of Arkandias,Fantasy,2014
140910,Nene,Drama,1977
236371,Ursa Minor Blue,Adventure,1993
236371,Ursa Minor Blue,Animation,1993
236371,Ursa Minor Blue,Fantasy,1993
129512,Teen Spirit,Comedy,2007
268918,Ghetto Swedish,Drama,2015
248242,Anuradha,Children,1960
248242,Anuradha,Drama,1960
248242,Anuradha,Romance,1960
181067,"¡Bruja, más que bruja!",Comedy,1976
181067,"¡Bruja, más que bruja!",Crime,1976
181067,"¡Bruja, más que bruja!",Drama,1976
181067,"¡Bruja, más que bruja!",Romance,1976
203633,The Bribe,Comedy,2018
203633,The Bribe,Crime,2018
113394,"Pretty One, The",Comedy,2013
113394,"Pretty One, The",Drama,2013
128596,Let My Puppets Come,Comedy,1976
157891,Lust for a Vampire,Horror,1971
245692,Demons from Her Past,Crime,2007
245692,Demons from Her Past,Drama,2007
245692,Demons from Her Past,Mystery,2007
201114,The House on Tombstone Hill,Horror,1989
220886,Rosie,Drama,2013
207505,Nightmares,Drama,1979
283427,Mira,Adventure,2022
283427,Mira,Children,2022
283427,Mira,Drama,2022
283427,Mira,Sci-Fi,2022
263287,"If I Can’t Have Love, I Want Power",Fantasy,2021
268992,"Next Stop, Christmas",Drama,2021
268992,"Next Stop, Christmas",Fantasy,2021
268992,"Next Stop, Christmas",Romance,2021
6188,Old School,Comedy,2003
5633,Heaven,Drama,2002
27740,Blind Shaft (Mang jing),Drama,2003
251582,All-American Murder,Mystery,1991
251582,All-American Murder,Romance,1991
251582,All-American Murder,Thriller,1991
170807,Dance to Death,Action,2017
170807,Dance to Death,Fantasy,2017
278412,Aadi,Action,2002
278412,Aadi,Drama,2002
281036,Anjelah Johnson: Mahalo & Goodnight,Comedy,2017
205679,Our Homeland,Drama,2012
280376,Milano '83,Documentary,1983
250362,Censor,Horror,2021
48381,"Assault, The (Aanslag, De)",Drama,1986
48381,"Assault, The (Aanslag, De)",Romance,1986
48381,"Assault, The (Aanslag, De)",War,1986
8463,Johnny Belinda,Drama,1948
203595,Gaijin: A Brazilian Odyssey,Drama,1980
258235,All of Us,Comedy,2020
258235,All of Us,Drama,2020
4459,Alaska: Spirit of the Wild,Documentary,1997
4459,Alaska: Spirit of the Wild,IMAX,1997
3957,Billy Jack,Action,1971
3957,Billy Jack,Drama,1971
41912,Slim Susie (Smala Sussie),Comedy,2003
41912,Slim Susie (Smala Sussie),Crime,2003
41912,Slim Susie (Smala Sussie),Mystery,2003
216999,The Elephant and the Butterfly,Children,2017
216999,The Elephant and the Butterfly,Drama,2017
287347,The Weavers: Wasn't That a Time,Documentary,1982
136952,Monster Brawl,Comedy,2011
136952,Monster Brawl,Horror,2011
5208,"Ninth Configuration, The (a.k.a. Twinkle, Twinkle, Killer Kane)",Drama,1980
5208,"Ninth Configuration, The (a.k.a. Twinkle, Twinkle, Killer Kane)",War,1980
213533,The Burnt Orange Heresy,Drama,2020
213533,The Burnt Orange Heresy,Mystery,2020
213533,The Burnt Orange Heresy,Thriller,2020
220900,Body Electric,Drama,2017
205585,It's a Fairy!,Comedy,2016
212014,Chasing Happiness,Documentary,2019
98162,Babbitt,Drama,1934
206447,Classic Albums: Lou Reed - Transformer,Documentary,2001
25741,"Phantom Carriage, The (Körkarlen)",Drama,1921
186463,Home of the Giants,Crime,2007
186463,Home of the Giants,Drama,2007
220584,Kathy Griffin: Straight to Hell,Comedy,2007
170887,Scoop!,Mystery,2016
1066,Shall We Dance,Comedy,1937
1066,Shall We Dance,Musical,1937
1066,Shall We Dance,Romance,1937
221380,Campus Confidential,Children,2005
221380,Campus Confidential,Comedy,2005
8612,Lassie Come Home,Adventure,1943
8612,Lassie Come Home,Children,1943
8612,Lassie Come Home,Drama,1943
270430,The Golden Chance,Drama,1915
130048,Dracula in Pakistan,Crime,1967
130048,Dracula in Pakistan,Drama,1967
130048,Dracula in Pakistan,Horror,1967
199097,Amphetamine,Drama,2010
114400,Chain Lightning,Action,1950
114400,Chain Lightning,Drama,1950
189643,The Cakemaker,Drama,2017
136760,Sherman's Way,Comedy,2008
136760,Sherman's Way,Documentary,2008
269496,What Makes Women Laugh?,Comedy,1997
269496,What Makes Women Laugh?,Romance,1997
215159,Dark Light,Horror,2019
215159,Dark Light,Sci-Fi,2019
215159,Dark Light,Thriller,2019
288917,Dr Jason Leong: Ride with Caution,Comedy,2023
119303,The Walking Stick,Crime,1970
119303,The Walking Stick,Drama,1970
119303,The Walking Stick,Romance,1970
174835,Grimm,Adventure,2003
174835,Grimm,Comedy,2003
174835,Grimm,Drama,2003
262999,Spaceship To The Unknown,Sci-Fi,1966
34416,Let's Get Lost,Documentary,1988
34416,Let's Get Lost,Musical,1988
3028,"Taming of the Shrew, The",Comedy,1967
102245,Small Apartments,Comedy,2012
102245,Small Apartments,Crime,2012
102245,Small Apartments,Drama,2012
80354,Men in the City (Männerherzen),Comedy,2009
289171,Reinventing Elvis: The 68' Comeback,Documentary,2023
199840,Genesis,Animation,1968
199840,Genesis,Comedy,1968
267652,Cross Country Christmas,Romance,2020
2756,Wanted: Dead or Alive,Action,1987
7644,Divorce Iranian Style,Documentary,1998
7407,Africa Screams,Adventure,1949
7407,Africa Screams,Comedy,1949
179517,The Horse Dancer,Romance,2017
148087,The Life and Times of Grizzly Adams,Adventure,1974
148087,The Life and Times of Grizzly Adams,Children,1974
148087,The Life and Times of Grizzly Adams,Western,1974
156204,Side Show,Comedy,1931
112697,After Tonight,Drama,1933
112697,After Tonight,Romance,1933
112697,After Tonight,War,1933
60684,Watchmen,Action,2009
60684,Watchmen,Drama,2009
60684,Watchmen,Mystery,2009
60684,Watchmen,Sci-Fi,2009
60684,Watchmen,Thriller,2009
60684,Watchmen,IMAX,2009
170957,Cars 3,Adventure,2017
170957,Cars 3,Animation,2017
170957,Cars 3,Comedy,2017
252882,Middle Class Melodies,Comedy,2020
252882,Middle Class Melodies,Drama,2020
252882,Middle Class Melodies,Romance,2020
84252,Back Street,Drama,1961
103661,United,Drama,2011
114535,Rovaniemen markkinoilla,Comedy,1951
114535,Rovaniemen markkinoilla,Musical,1951
262,"Little Princess, A",Children,1995
262,"Little Princess, A",Drama,1995
255863,Standoff,Crime,2020
91191,À l'aventure,Drama,2008
243414,My Dad's a Soccer Mom,Children,2014
243414,My Dad's a Soccer Mom,Comedy,2014
243414,My Dad's a Soccer Mom,Drama,2014
123359,My Way,Drama,2012
169010,The Swimmers,Horror,2014
1307,When Harry Met Sally...,Comedy,1989
1307,When Harry Met Sally...,Romance,1989
216953,The Devil's Business,Horror,2012
211570,Chiara e Francesco,Documentary,2007
146680,Deadbeat at Dawn,Action,1988
146680,Deadbeat at Dawn,Crime,1988
146680,Deadbeat at Dawn,Thriller,1988
7311,"Goodbye, Mr. Chips",Drama,1939
7311,"Goodbye, Mr. Chips",Romance,1939
152039,The Image Revolution,Documentary,2013
194833,Effedia - Sulla mia cattiva strada,Documentary,2008
5,Father of the Bride Part II,Comedy,1995
217661,Backstabbed,Thriller,2016
177947,Tattoo,Drama,1966
177947,Tattoo,Thriller,1966
223832,Saving Flora,Adventure,2018
223832,Saving Flora,Children,2018
223832,Saving Flora,Drama,2018
153080,Dopo quella notte,Drama,2010
94041,Appropriate Adult,Drama,2011
211568,Nuts for love,Drama,2000
211568,Nuts for love,Romance,2000
5176,Luminarias,Comedy,2000
5176,Luminarias,Romance,2000
113659,Assassination,Drama,1967
113659,Assassination,Thriller,1967
86856,To the Shores of Tripoli,Drama,1942
86856,To the Shores of Tripoli,Romance,1942
86856,To the Shores of Tripoli,War,1942
51088,Reno 911!: Miami,Comedy,2007
169036,Peter and the Farm,Documentary,2016
732,Original Gangstas,Crime,1996
47477,Good News,Comedy,1947
47477,Good News,Musical,1947
47477,Good News,Romance,1947
3101,Fatal Attraction,Drama,1987
3101,Fatal Attraction,Thriller,1987
184599,The Houses October Built 2,Horror,2017
168782,Onus,Drama,2016
168782,Onus,Mystery,2016
168782,Onus,Thriller,2016
208223,Escher: Journey into Infinity,Documentary,2018
143785,Sesso E Volentieri,Comedy,1982
243734,Before Your Time,Children,2017
280566,Frank and Penelope,Crime,2022
280566,Frank and Penelope,Horror,2022
280566,Frank and Penelope,Thriller,2022
287591,You Hurt My Feelings,Comedy,2023
287591,You Hurt My Feelings,Drama,2023
246648,Notes on an American Film Director at Work,Documentary,2008
167334,Barry,Drama,2016
129824,Buffalo Rider,Adventure,1978
129824,Buffalo Rider,Western,1978
27530,My Wife Is a Gangster (Jopog manura),Action,2001
27530,My Wife Is a Gangster (Jopog manura),Comedy,2001
27530,My Wife Is a Gangster (Jopog manura),Romance,2001
548,Terminal Velocity,Action,1994
548,Terminal Velocity,Mystery,1994
548,Terminal Velocity,Thriller,1994
204736,The Bloody Brood,Crime,1959
204736,The Bloody Brood,Drama,1959
204736,The Bloody Brood,Thriller,1959
174889,"Accidental Courtesy: Daryl Davis, Race & America",Documentary,2016
127068,The Castle of Fu Manchu,Action,1969
127068,The Castle of Fu Manchu,Crime,1969
127068,The Castle of Fu Manchu,Horror,1969
179367,The Attacks Of 26-11,Crime,2013
179367,The Attacks Of 26-11,Drama,2013
179367,The Attacks Of 26-11,War,2013
140890,Holiday,Drama,2014
166189,The Standoff,Comedy,2016
131828,Doug Benson: Doug Dynasty,Comedy,2014
201240,The Brink,Documentary,2019
180725,Laughing Gravy,Comedy,1931
166954,Under the Sea 3D,Documentary,2009
140451,Black Scorpion,Action,1995
140451,Black Scorpion,Sci-Fi,1995
4650,Relentless,Thriller,1989
260187,Wedding Every Weekend,Comedy,2020
260187,Wedding Every Weekend,Romance,2020
189563,Birth of Civilization,Documentary,2007
285911,Nezouh,Drama,2023
249860,"Magdalena, Possessed by the Devil",Horror,1974
153234,Toy Reanimator,Fantasy,2002
153234,Toy Reanimator,Sci-Fi,2002
68028,What Doesn't Kill You,Crime,2008
68028,What Doesn't Kill You,Drama,2008
91309,Applause (Applaus),Drama,2009
279852,I Love My Mum,Comedy,2019
135627,Debug,Horror,2014
135627,Debug,Sci-Fi,2014
159395,Atlantic Rhapsody,Comedy,1990
159395,Atlantic Rhapsody,Drama,1990
25994,Salt of the Earth,Drama,1954
158599,Ivko's Feast,Comedy,2005
2511,"Long Goodbye, The",Crime,1973
2511,"Long Goodbye, The",Film-Noir,1973
196921,Alien Boy: The Life and Death of James Chasse,Documentary,2013
169574,Lisa Lampanelli: Back to the Drawing Board,Comedy,2015
284999,Freibad,Comedy,2022
3270,"Cutting Edge, The",Comedy,1992
3270,"Cutting Edge, The",Drama,1992
3270,"Cutting Edge, The",Romance,1992
239494,King Dick,Animation,1973
116513,'Master Harold' ... And the Boys,Drama,2010
185635,My Enemy's Enemy,Documentary,2007
155822,The Taiwan Oyster,Drama,2012
117662,Easy Living,Drama,1949
196223,Hellboy,Action,2019
196223,Hellboy,Adventure,2019
196223,Hellboy,Fantasy,2019
188179,My Perfect Romance,Romance,2018
111852,Generation Iron,Documentary,2013
219408,The Devil and the Statue,Drama,1901
219408,The Devil and the Statue,Fantasy,1901
219408,The Devil and the Statue,Horror,1901
219408,The Devil and the Statue,Romance,1901
202489,Wings of Life,Documentary,2011
212989,#Iamhere,Comedy,2020
212989,#Iamhere,Romance,2020
283537,Beck 35 - Flesh & Blood,Crime,2018
283537,Beck 35 - Flesh & Blood,Drama,2018
283537,Beck 35 - Flesh & Blood,Mystery,2018
283537,Beck 35 - Flesh & Blood,Thriller,2018
187951,Father of Lights,Documentary,2012
57970,U2 3D,Documentary,2007
57970,U2 3D,IMAX,2007
170735,X: The Unheard Music,Documentary,1986
78629,"Man There Was, A (Terje Vigen)",Drama,1917
215033,"Come Here, Mukhtar!",Drama,1964
215033,"Come Here, Mukhtar!",Mystery,1964
204692,In the Tall Grass,Drama,NA
204692,In the Tall Grass,Horror,NA
204692,In the Tall Grass,Thriller,NA
8502,Show Boat,Drama,1951
8502,Show Boat,Musical,1951
8502,Show Boat,Romance,1951
99899,Marked for Murder,Action,1993
99899,Marked for Murder,Drama,1993
70964,Witch Hunt,Documentary,2008
258037,Oh My Ghost 3,Comedy,2012
244676,The Party Is Over,Drama,2018
253488,Game of Four,Comedy,2007
175679,My Sister's Quinceanera,Drama,2013
2050,Herbie Goes Bananas,Adventure,1980
2050,Herbie Goes Bananas,Children,1980
2050,Herbie Goes Bananas,Comedy,1980
171507,Unspeakable Horrors: The Plan 9 Conspiracy,Comedy,NA
171507,Unspeakable Horrors: The Plan 9 Conspiracy,Documentary,NA
4059,"Amati Girls, The",Drama,2000
157561,Thani Oruvan,Action,2015
157561,Thani Oruvan,Thriller,2015
221232,The Grizzlies,Drama,2020
148095,Premam,Comedy,2015
148095,Premam,Romance,2015
189109,Pandas,Documentary,2018
3481,High Fidelity,Comedy,2000
3481,High Fidelity,Drama,2000
3481,High Fidelity,Romance,2000
187527,All the President's Men Revisited,Documentary,2013
159592,The Labyrinth of Love,Drama,1993
268556,Time for Them to Come Home for Christmas,Comedy,2021
268556,Time for Them to Come Home for Christmas,Romance,2021
125373,Love on the Side,Comedy,2004
125373,Love on the Side,Romance,2004
85894,Johnny in the Clouds,Drama,1945
85894,Johnny in the Clouds,Romance,1945
85894,Johnny in the Clouds,War,1945
127080,The Diary of Preston Plummer,Drama,2012
127080,The Diary of Preston Plummer,Romance,2012
280934,By Candlelight,Comedy,1933
280934,By Candlelight,Romance,1933
203278,Plus One,Comedy,2019
203278,Plus One,Romance,2019
131904,Surf II,Comedy,1984
218817,A Soldier's Love Story,Romance,2010
108536,Medora,Documentary,2013
185205,Free to Be… You and Me,Animation,1974
185205,Free to Be… You and Me,Children,1974
230119,Cranston Academy: Monster Zone,Animation,2020
255281,Pororoca,Drama,2018
2512,"Ballad of Narayama, The (Narayama bushiko)",Drama,1983
186889,The Nouba of the Women of Mount Chenoa,Drama,1978
201436,What We Left Behind: Looking Back at Star Trek: Deep Space Nine,Documentary,2018
131062,20 Years After,Drama,2008
131062,20 Years After,Fantasy,2008
131062,20 Years After,Sci-Fi,2008
191381,The Sand Storm,Drama,2014
191381,The Sand Storm,Sci-Fi,2014
135919,Bhoothnath Returns,Comedy,2014
135919,Bhoothnath Returns,Drama,2014
135919,Bhoothnath Returns,Fantasy,2014
135919,Bhoothnath Returns,Horror,2014
138184,Treehouse,Horror,2014
138184,Treehouse,Mystery,2014
138184,Treehouse,Thriller,2014
3899,Circus,Crime,2000
3899,Circus,Drama,2000
3899,Circus,Thriller,2000
121491,Off Beat,Drama,2004
121491,Off Beat,Romance,2004
226672,Archenemy,Action,2020
226672,Archenemy,Adventure,2020
174877,Color of the Ocean,Drama,2012
260385,Chompy & The Girls,Comedy,2021
260385,Chompy & The Girls,Horror,2021
214560,The Immortal,Action,2019
214560,The Immortal,Crime,2019
144210,Just Eat It: A Food Waste Story,Documentary,2014
6523,Mr. Baseball,Comedy,1992
6523,Mr. Baseball,Romance,1992
250920,Going to America,Comedy,2015
250920,Going to America,Drama,2015
184349,Elsa & Fred,Comedy,2005
184349,Elsa & Fred,Drama,2005
184349,Elsa & Fred,Romance,2005
86233,New Kids Turbo,Action,2010
86233,New Kids Turbo,Comedy,2010
283495,Beck 11 - The Cartel,Crime,2001
283495,Beck 11 - The Cartel,Drama,2001
283495,Beck 11 - The Cartel,Mystery,2001
283495,Beck 11 - The Cartel,Thriller,2001
286625,The All-Around Reduced Personality: Outtakes,Documentary,1978
286625,The All-Around Reduced Personality: Outtakes,Drama,1978
202021,Hell's Half Acre,Drama,1954
202021,Hell's Half Acre,Mystery,1954
202021,Hell's Half Acre,Thriller,1954
123735,Vito,Documentary,2011
256297,This Little Love of Mine,Comedy,2021
256297,This Little Love of Mine,Romance,2021
202359,Homecoming: A Film by Beyoncé,Documentary,2019
163334,Star Spangled Rhythm,Comedy,1942
282575,Jaya Jaya Jaya Jaya Hey,Children,2022
282575,Jaya Jaya Jaya Jaya Hey,Comedy,2022
282575,Jaya Jaya Jaya Jaya Hey,Drama,2022
106686,José and Pilar (José e Pilar),Documentary,2010
5982,Esther Kahn,Drama,2000
190165,Severus Snape and the Marauders,Adventure,2016
190165,Severus Snape and the Marauders,Drama,2016
190165,Severus Snape and the Marauders,Fantasy,2016
190165,Severus Snape and the Marauders,Mystery,2016
90106,Pigskin Parade,Musical,1936
186163,The Adventures of Jinbao,Animation,2012
188389,Aditya 369,Sci-Fi,1991
215889,Mr. Local,Action,2019
215889,Mr. Local,Comedy,2019
215889,Mr. Local,Romance,2019
118466,"Kingdom of Dreams and Madness, The",Animation,2013
118466,"Kingdom of Dreams and Madness, The",Documentary,2013
204704,Ready or Not,Comedy,2019
204704,Ready or Not,Horror,2019
204704,Ready or Not,Thriller,2019
161422,Alias John Preston,Horror,1955
161422,Alias John Preston,Mystery,1955
5370,Big Bad Mama II,Action,1987
5370,Big Bad Mama II,Comedy,1987
254480,Journey to the Center of the Earth,Action,2008
254480,Journey to the Center of the Earth,Adventure,2008
254480,Journey to the Center of the Earth,Children,2008
254480,Journey to the Center of the Earth,Sci-Fi,2008
146850,Desire,Drama,1946
104721,"Motivation, The",Documentary,2013
69493,Tu£sday,Action,2008
69493,Tu£sday,Crime,2008
69493,Tu£sday,Mystery,2008
69493,Tu£sday,Thriller,2008
197721,Orange Mittai,Comedy,2015
197721,Orange Mittai,Drama,2015
27889,Hell's Gate 11:11,Horror,2004
27889,Hell's Gate 11:11,Thriller,2004
217218,The Source of Shadows,Horror,2020
215877,Guimba the Tyrant,Comedy,1996
215877,Guimba the Tyrant,Drama,1996
39414,Shopgirl,Comedy,2005
39414,Shopgirl,Drama,2005
39414,Shopgirl,Romance,2005
172091,8 New Dates,Comedy,2015
172091,8 New Dates,Romance,2015
216921,Das Wunder von Wörgl,Documentary,2018
216921,Das Wunder von Wörgl,Drama,2018
291200,The Wedding Veil Unveiled,Comedy,2022
291200,The Wedding Veil Unveiled,Romance,2022
241450,"Gon, The Little Fox",Animation,2019
255493,Earth,Documentary,2019
288201,The First Day of my Life,Drama,2023
150479,The Battle of Sutjeska,War,1973
281032,More Than Ever,Drama,2022
216661,Skinheads USA: Soldiers of the Race War,Documentary,1993
154065,Dad's Army,Comedy,2016
3001,"Suburbans, The",Drama,1999
128999,Mafia Killer,Crime,1973
128999,Mafia Killer,Drama,1973
102171,Late Autumn (Man-choo),Drama,2010
102171,Late Autumn (Man-choo),Romance,2010
94312,"Catechism Cataclysm, The",Comedy,2011
269266,Fishing Boats,Documentary,1958
200788,Αιγαίο SOS,Action,2018
200788,Αιγαίο SOS,Comedy,2018
90011,Wrestling (Bræðrabylta),Drama,2007
90011,Wrestling (Bræðrabylta),Romance,2007
214810,Barbie: Star Light Adventure,Animation,2016
214810,Barbie: Star Light Adventure,Children,2016
264412,The Perfect Vagina,Documentary,2008
41569,King Kong,Action,2005
41569,King Kong,Adventure,2005
41569,King Kong,Drama,2005
41569,King Kong,Fantasy,2005
41569,King Kong,Thriller,2005
125623,That Night's Wife,Drama,1930
114617,Murph: The Protector,Documentary,2013
114617,Murph: The Protector,War,2013
175837,Tragedy in a Temporary Town,Drama,1956
3741,Badlands,Crime,1973
3741,Badlands,Drama,1973
3741,Badlands,Thriller,1973
258551,The 21st Century Race For Space,Documentary,2017
141440,Flowers,Drama,2014
194108,Replay,Drama,2001
194108,Replay,Romance,2001
178417,A Lustful Man,Comedy,1961
178417,A Lustful Man,Drama,1961
37949,Kwik Stop,Comedy,2001
37949,Kwik Stop,Drama,2001
37949,Kwik Stop,Romance,2001
250168,Little Rural Riding Hood,Animation,1949
250168,Little Rural Riding Hood,Comedy,1949
175687,Blood Hunters,Horror,2016
175687,Blood Hunters,Thriller,2016
116734,7eventy 5ive,Horror,2007
116734,7eventy 5ive,Thriller,2007
1604,Money Talks,Action,1997
1604,Money Talks,Comedy,1997
79617,She-Wolf of London,Action,1946
79617,She-Wolf of London,Drama,1946
79617,She-Wolf of London,Horror,1946
79617,She-Wolf of London,Mystery,1946
180677,Child of Satan,Action,2016
180677,Child of Satan,Drama,2016
180677,Child of Satan,Horror,2016
180677,Child of Satan,Mystery,2016
180677,Child of Satan,Thriller,2016
5112,Last Orders,Drama,2001
66344,"Last Movie, The",Drama,1971
159237,There Should Be Rules,Drama,2015
32381,Bells Are Ringing,Comedy,1960
32381,Bells Are Ringing,Musical,1960
32381,Bells Are Ringing,Romance,1960
223187,Ben Platt: Live from Radio City Music Hall,Documentary,2020
191489,Peppermint,Action,2018
191489,Peppermint,Crime,2018
191489,Peppermint,Thriller,2018
94902,Ten North Frederick,Drama,1958
94902,Ten North Frederick,Romance,1958
236899,The Young Observant,Documentary,2020
121432,The Man Who Shook the Hand of Vicente Fernandez,Comedy,2012
121432,The Man Who Shook the Hand of Vicente Fernandez,Drama,2012
121432,The Man Who Shook the Hand of Vicente Fernandez,Western,2012
162564,Who Killed Aunt Maggie?,Mystery,1940
191947,Let's Go with Pancho Villa,Drama,1936
191947,Let's Go with Pancho Villa,War,1936
6297,Holes,Adventure,2003
6297,Holes,Children,2003
6297,Holes,Comedy,2003
6297,Holes,Mystery,2003
63119,Filth and Wisdom,Comedy,2008
63119,Filth and Wisdom,Drama,2008
63119,Filth and Wisdom,Musical,2008
63119,Filth and Wisdom,Romance,2008
2525,Alligator,Action,1980
2525,Alligator,Horror,1980
2525,Alligator,Sci-Fi,1980
82005,"Extra Man, The",Comedy,2010
225097,Sleepy Hollow High,Horror,2000
60124,Turn the River,Drama,2007
282695,There's Something Wrong with the Children,Horror,2023
177257,Poison for the Fairies,Drama,1984
177257,Poison for the Fairies,Fantasy,1984
177257,Poison for the Fairies,Horror,1984
177257,Poison for the Fairies,Thriller,1984
197145,The Lost Strait,War,2018
115678,"Like Sunday, Like Rain",Drama,2014
115678,"Like Sunday, Like Rain",Romance,2014
182813,Saving Capitalism,Documentary,2017
145823,Land of Death,Action,2004
145823,Land of Death,Horror,2004
145823,Land of Death,Thriller,2004
187993,The Old New Year,Comedy,1981
149681,Horror High,Horror,1974
149681,Horror High,Sci-Fi,1974
223123,Just Retired,Comedy,2019
258915,Happier Than Ever: A Love Letter to Los Angeles,Animation,2021
258915,Happier Than Ever: A Love Letter to Los Angeles,Documentary,2021
205843,The Call of the Wild,Documentary,2007
223996,Fatima,Children,2020
223996,Fatima,Drama,2020
6504,Gasoline (Benzina),Crime,2001
149154,Uuno Turhapuro – This Is My Life,Comedy,2004
174689,My Friends Need Killing,Crime,1976
174689,My Friends Need Killing,Drama,1976
174689,My Friends Need Killing,Horror,1976
36392,Supercross,Action,2005
131646,Casomai,Comedy,2002
131646,Casomai,Romance,2002
161322,The Sporting Club,Comedy,1971
7074,"Navigator, The",Comedy,1924
91591,Macon County Line,Action,1974
91591,Macon County Line,Drama,1974
214550,David Lynch Cooks Quinoa,Documentary,2007
170749,The Wild Women of Wongo,Adventure,1958
170749,The Wild Women of Wongo,Comedy,1958
170749,The Wild Women of Wongo,Fantasy,1958
208791,Last Screening,Drama,2011
208791,Last Screening,Horror,2011
115176,Toute la mémoire du monde,Documentary,1956
7243,Intolerance: Love's Struggle Throughout the Ages,Drama,1916
121731,The Shanghai Chest,Comedy,1948
121731,The Shanghai Chest,Crime,1948
121731,The Shanghai Chest,Mystery,1948
121731,The Shanghai Chest,Thriller,1948
263193,Isolation,Horror,2021
158009,New Year Sacrifice,Drama,1956
115439,10 minutes (10 minuta),Drama,2002
115439,10 minutes (10 minuta),War,2002
207,"Walk in the Clouds, A",Drama,1995
207,"Walk in the Clouds, A",Romance,1995
109713,Star Wars: Threads of Destiny,Action,2014
109713,Star Wars: Threads of Destiny,Adventure,2014
109713,Star Wars: Threads of Destiny,Sci-Fi,2014
120272,Get Crazy,Comedy,1983
122723,The Man Who Came Back,Action,2008
122723,The Man Who Came Back,Adventure,2008
122723,The Man Who Came Back,Documentary,2008
122723,The Man Who Came Back,Drama,2008
122723,The Man Who Came Back,Thriller,2008
122723,The Man Who Came Back,Western,2008
273133,Hustle,Comedy,2022
273133,Hustle,Drama,2022
196205,HERRliche Zeiten,Comedy,2018
198785,Sarkar,Action,2018
198785,Sarkar,Drama,2018
209373,Nowhere to Land,Thriller,2000
287857,Melchior the Apothecary: The Executioner's Daughter,Crime,2023
287857,Melchior the Apothecary: The Executioner's Daughter,Drama,2023
287857,Melchior the Apothecary: The Executioner's Daughter,Thriller,2023
134708,Comedy Central Roast of Donald Trump,Comedy,2011
3433,Death Wish 4: The Crackdown,Action,1987
3433,Death Wish 4: The Crackdown,Drama,1987
194332,Muchas gracias de nada,Comedy,1980
175209,Bromance,Comedy,2016
175209,Bromance,Drama,2016
175209,Bromance,Romance,2016
229577,Spy Cat,Adventure,2019
229577,Spy Cat,Animation,2019
229577,Spy Cat,Children,2019
229577,Spy Cat,Comedy,2019
157915,Old Shatterhand,Adventure,1964
157915,Old Shatterhand,Western,1964
181431,Simba,Drama,1955
181431,Simba,Romance,1955
3637,Vagabond (Sans toit ni loi),Drama,1985
134248,Hot Girls Wanted,Documentary,2015
89066,Guilty Pleasures,Documentary,2010
286489,Alter Ego,Drama,2016
286489,Alter Ego,Fantasy,2016
138160,Crackie,Drama,2009
968,Night of the Living Dead,Horror,1968
968,Night of the Living Dead,Sci-Fi,1968
968,Night of the Living Dead,Thriller,1968
131404,Sweepstakes Winner,Comedy,1939
8581,Pirates of Silicon Valley,Documentary,1999
8581,Pirates of Silicon Valley,Drama,1999
280030,Skandal! Bringing Down Wirecard,Documentary,2022
1233,"Boot, Das (Boat, The)",Action,1981
1233,"Boot, Das (Boat, The)",Drama,1981
1233,"Boot, Das (Boat, The)",War,1981
133355,Notebooks on Cities and Clothes,Documentary,1989
6998,House of Cards,Drama,1993
258763,Unforgiven: The Boys Who Killed A Child,Documentary,2001
235781,Darling Nikki,Drama,2019
146790,La rivincita di Natale,Comedy,2004
146790,La rivincita di Natale,Drama,2004
226966,Wings: Sky Force Heroes,Adventure,2014
226966,Wings: Sky Force Heroes,Animation,2014
226966,Wings: Sky Force Heroes,Comedy,2014
149757,The Frog Prince,Children,NA
90488,"Perfect Couple, A",Comedy,1979
90488,"Perfect Couple, A",Romance,1979
248876,Senior Entourage,Comedy,2021
3940,Slumber Party Massacre III,Horror,1990
175135,Wild Rose,Romance,1932
153668,Innocent Sorcerers,Drama,1960
153668,Innocent Sorcerers,Romance,1960
54878,"Professional Gun, A (Mercenary, The) (Mercenario, Il)",Comedy,1968
54878,"Professional Gun, A (Mercenary, The) (Mercenario, Il)",Western,1968
156680,Killing Them Safely,Documentary,2015
144860,Fred Rogers: America's Favorite Neighbor,Children,2004
144860,Fred Rogers: America's Favorite Neighbor,Documentary,2004
176081,The Twin Swords,Action,1965
26685,"Garden, The",Drama,1990
238062,Call of the Blonde Goddess,Crime,1977
238062,Call of the Blonde Goddess,Drama,1977
183441,İftarlık Gazoz,Comedy,2016
183441,İftarlık Gazoz,Drama,2016
85316,Winnie the Pooh and Tigger Too,Animation,1974
85316,Winnie the Pooh and Tigger Too,Children,1974
282745,Scarlet,Drama,2023
170070,Unutursam Fısılda,Drama,2014
214999,Inside the Rain,Comedy,2020
214999,Inside the Rain,Drama,2020
214999,Inside the Rain,Romance,2020
134306,What a Carve Up!,Comedy,1961
134306,What a Carve Up!,Horror,1961
134306,What a Carve Up!,Mystery,1961
134306,What a Carve Up!,Thriller,1961
88744,Rise of the Planet of the Apes,Action,2011
88744,Rise of the Planet of the Apes,Drama,2011
88744,Rise of the Planet of the Apes,Sci-Fi,2011
88744,Rise of the Planet of the Apes,Thriller,2011
144430,Crying Fist,Drama,2005
100490,Living Free,Adventure,1972
100490,Living Free,Children,1972
100490,Living Free,Drama,1972
3583,Black Tights (1-2-3-4 ou Les Collants noirs),Drama,1960
3583,Black Tights (1-2-3-4 ou Les Collants noirs),Musical,1960
206262,Eye for an Eye,Thriller,2019
99636,English Vinglish,Comedy,2012
99636,English Vinglish,Drama,2012
286313,Taulant Wants a Sister,Children,1984
286313,Taulant Wants a Sister,Drama,1984
235299,A Nameless Band,Comedy,1982
221050,Albert Fish: In Sin He Found Salvation,Crime,2007
221050,Albert Fish: In Sin He Found Salvation,Documentary,2007
120829,Scattered Clouds (Midaregumo),Drama,1967
203671,Nowhere,Drama,2019
203671,Nowhere,Thriller,2019
176615,Bluebeard,Thriller,2017
125559,Lucky Country,Adventure,2009
125559,Lucky Country,Drama,2009
125559,Lucky Country,Thriller,2009
168920,Postcard,Drama,2010
168920,Postcard,Romance,2010
168920,Postcard,War,2010
135250,Johnny Kapahala - Back on Board,Children,2007
135250,Johnny Kapahala - Back on Board,Comedy,2007
135250,Johnny Kapahala - Back on Board,Drama,2007
250130,Batty Baseball,Animation,1944
250130,Batty Baseball,Children,1944
250130,Batty Baseball,Comedy,1944
262821,Creature of the Walking Dead,Horror,1965
262821,Creature of the Walking Dead,Sci-Fi,1965
191073,Valli,Drama,1993
224164,The Door,Horror,2014
178975,Guinea Pig: Android of Notre Dame,Horror,1989
141501,Starve,Horror,2014
141501,Starve,Thriller,2014
61493,Flash Point (a.k.a. Flashpoint) (Dou fo sin),Action,2007
126729,Blood and Lace,Horror,1971
213161,Toby Tyler,Children,1960
213161,Toby Tyler,Drama,1960
250542,Your Turn,Documentary,2019
177483,The Strange Thing About the Johnsons,Comedy,2011
177483,The Strange Thing About the Johnsons,Drama,2011
25830,Show Boat,Comedy,1936
25830,Show Boat,Drama,1936
25830,Show Boat,Musical,1936
25830,Show Boat,Romance,1936
280234,"The Nuns, the Priests, and the Bombs",Documentary,2018
3110,Country,Drama,1984
148890,Johan Falk: The Outlaws,Action,2009
148890,Johan Falk: The Outlaws,Thriller,2009
6518,Flight of the Intruder,Action,1991
6518,Flight of the Intruder,War,1991
185317,The Empty Hands,Drama,2017
183597,Please Stand By,Comedy,2017
183597,Please Stand By,Drama,2017
266128,Boys On Film 21: Beautiful Secret,Comedy,2021
266128,Boys On Film 21: Beautiful Secret,Drama,2021
266128,Boys On Film 21: Beautiful Secret,Romance,2021
3052,Dogma,Adventure,1999
3052,Dogma,Comedy,1999
3052,Dogma,Fantasy,1999
166578,Kimmy Dora,Comedy,2009
166578,Kimmy Dora,Drama,2009
166578,Kimmy Dora,Romance,2009
138890,The Magician,Drama,1926
138890,The Magician,Romance,1926
107404,"Executioner, The (Massacre Mafia Style)",Crime,1978
107404,"Executioner, The (Massacre Mafia Style)",Drama,1978
107404,"Executioner, The (Massacre Mafia Style)",Thriller,1978
220580,Kathy Griffin: Allegedly,Comedy,2004
243432,World Cup Heist,Drama,2020
80210,"End of Poverty, The",Documentary,2008
536,"Simple Twist of Fate, A",Drama,1994
211305,Mega Scorpions,Action,2003
211305,Mega Scorpions,Comedy,2003
211305,Mega Scorpions,Horror,2003
211305,Mega Scorpions,Sci-Fi,2003
229479,Here Now,Comedy,2015
92963,Bustin' Down the Door,Documentary,2009
204662,Gude Crest: The Emblem of Gude,Adventure,1990
204662,Gude Crest: The Emblem of Gude,Animation,1990
204662,Gude Crest: The Emblem of Gude,Fantasy,1990
209665,A Christmas in Vermont,Comedy,2016
106351,Apache Territory,Action,1958
106351,Apache Territory,Western,1958
162138,Charge!,Western,1973
88748,"Magnificent Yankee, The",Drama,1950
288993,Little Dixie,Action,2023
288993,Little Dixie,Crime,2023
288993,Little Dixie,Drama,2023
288993,Little Dixie,Thriller,2023
180495,Rojo y Negro,Drama,1942
162144,Late Extra,Crime,1935
162144,Late Extra,Drama,1935
269672,The Falls,Drama,2021
1752,Hard Rain,Action,1998
1752,Hard Rain,Crime,1998
1752,Hard Rain,Thriller,1998
238474,Keeping Fit,Children,1942
238474,Keeping Fit,War,1942
199259,Graveyard Disturbance,Horror,1987
271018,Nature's Half Acre,Documentary,1951
211608,I Want to Deliver Your Voice,Animation,2017
211608,I Want to Deliver Your Voice,Drama,2017
211608,I Want to Deliver Your Voice,Fantasy,2017
5931,Britannia Hospital,Comedy,1982
5931,Britannia Hospital,Drama,1982
191851,Invasion!,Animation,2016
187277,Dead of Night,Horror,1977
187277,Dead of Night,Mystery,1977
187277,Dead of Night,Sci-Fi,1977
187277,Dead of Night,Thriller,1977
142262,Naked You Die,Mystery,1968
2446,In Dreams,Horror,1999
2446,In Dreams,Thriller,1999
181019,The Goldwyn Follies,Romance,1938
4410,Something Wild,Comedy,1986
4410,Something Wild,Crime,1986
4410,Something Wild,Drama,1986
127252,The Veil of Twilight,Crime,2014
127252,The Veil of Twilight,Fantasy,2014
127252,The Veil of Twilight,Mystery,2014
138090,House of the Sleeping Beauties,Drama,2006
138090,House of the Sleeping Beauties,Thriller,2006
223298,Clarita,Horror,2019
183769,People Get Eaten,Comedy,2015
183769,People Get Eaten,Drama,2015
218851,Valentine in the Vineyard,Romance,2019
182565,Aspirational,Comedy,2014
91970,The Man Next Door,Comedy,2009
91970,The Man Next Door,Drama,2009
130073,Cinderella,Children,2015
130073,Cinderella,Drama,2015
130073,Cinderella,Fantasy,2015
130073,Cinderella,Romance,2015
225850,Seven Women for Satan,Horror,1976
6028,"Easy Come, Easy Go",Adventure,1967
6028,"Easy Come, Easy Go",Musical,1967
132216,The Last Mile,Crime,1959
132216,The Last Mile,Drama,1959
132216,The Last Mile,Thriller,1959
191085,"Check It Out, Yo!",Drama,2006
140257,L'Art de séduire,Comedy,2011
140257,L'Art de séduire,Romance,2011
200480,La barraca,Drama,1945
96594,Flowing (Nagareru),Drama,1956
287049,"And the King Said, What a Fantastic Machine",Documentary,2023
172033,Fallen Angel,Drama,2003
172033,Fallen Angel,Romance,2003
81983,Bread and Alley (Nan va Koutcheh),Drama,1970
115348,"Wise Kids, The",Drama,2011
4677,Turner & Hooch,Comedy,1989
4677,Turner & Hooch,Crime,1989
213507,Bandits of Orgosolo,Drama,1961
280796,Sam & Kate,Comedy,2022
280796,Sam & Kate,Drama,2022
280796,Sam & Kate,Romance,2022
237936,Dollar,Comedy,1938
107565,"Fuck You, Goethe (Fack Ju Göhte)",Comedy,2013
26156,Dragon Gate Inn (Dragon Inn) (Long men kezhan),Action,1967
26156,Dragon Gate Inn (Dragon Inn) (Long men kezhan),Adventure,1967
132344,Holiday in the Sun,Action,2001
132344,Holiday in the Sun,Adventure,2001
132344,Holiday in the Sun,Children,2001
132344,Holiday in the Sun,Comedy,2001
221888,The Bambi Effect,Drama,2011
121442,Whispering Smith,Western,1948
276403,Chickenhare and the Hamster of Darkness,Adventure,2022
276403,Chickenhare and the Hamster of Darkness,Animation,2022
276403,Chickenhare and the Hamster of Darkness,Children,2022
276403,Chickenhare and the Hamster of Darkness,Comedy,2022
276403,Chickenhare and the Hamster of Darkness,Fantasy,2022
84300,"Whisperers, The",Drama,1967
84300,"Whisperers, The",Thriller,1967
26481,First Name: Carmen (Prénom Carmen),Crime,1983
26481,First Name: Carmen (Prénom Carmen),Drama,1983
26481,First Name: Carmen (Prénom Carmen),Romance,1983
209159,Window of the Soul,Documentary,2001
268486,The Clue to Love,Children,2021
268486,The Clue to Love,Comedy,2021
268486,The Clue to Love,Romance,2021
196543,Илья Муромец и Соловей Разбойник,Animation,1978
32777,Major Barbara,Comedy,1941
195333,Tiger Boy,Drama,2012
133311,The 'Socalled' Movie,Documentary,2010
154628,On the Bowery,Documentary,1957
93201,"Ice Rink, The (La patinoire)",Comedy,1998
93201,"Ice Rink, The (La patinoire)",Romance,1998
156832,Gentlemen Marry Brunettes,Comedy,1955
54020,McQ,Action,1974
54020,McQ,Crime,1974
54020,McQ,Drama,1974
230123,A Godwink Christmas,Children,2018
230123,A Godwink Christmas,Romance,2018
31359,Moolaadé,Drama,2004
143561,Swat: Unit 887,Action,2015
143561,Swat: Unit 887,Thriller,2015
138034,The Border,Drama,2007
278616,God's Creatures,Drama,2022
40457,"House That Dripped Blood, The",Horror,1971
40457,"House That Dripped Blood, The",Mystery,1971
254456,Imagine,Documentary,1972
117300,Demoted,Comedy,2011
138520,Bad vs Worse,Drama,2012
138520,Bad vs Worse,Horror,2012
138520,Bad vs Worse,Thriller,2012
286801,Peter Pan & Wendy,Adventure,2023
286801,Peter Pan & Wendy,Children,2023
286801,Peter Pan & Wendy,Fantasy,2023
251422,P!NK: All I Know So Far,Documentary,2021
56693,Close My Eyes,Drama,1991
56693,Close My Eyes,Romance,1991
64338,Gypsy,Comedy,1993
64338,Gypsy,Drama,1993
64338,Gypsy,Musical,1993
111538,"Wicked, Wicked",Horror,1973
111538,"Wicked, Wicked",Mystery,1973
111538,"Wicked, Wicked",Thriller,1973
168870,Lucky and Zorba,Animation,1998
48575,Brute Force,Drama,1947
48575,Brute Force,Film-Noir,1947
48575,Brute Force,Thriller,1947
182303,Hittin' the Trail for Hallelujah Land,Animation,1931
182303,Hittin' the Trail for Hallelujah Land,Comedy,1931
195011,The King of Ads,Documentary,1991
144250,Mediastan,Documentary,2013
140944,Taras Bulba,Action,2009
140944,Taras Bulba,Drama,2009
140944,Taras Bulba,War,2009
122928,Manolito Four Eyes,Comedy,1999
277888,Squeal,Comedy,2022
277888,Squeal,Fantasy,2022
277888,Squeal,Horror,2022
104563,Too Hot to Handle,Adventure,1938
104563,Too Hot to Handle,Comedy,1938
104563,Too Hot to Handle,Romance,1938
190407,Maestro,Animation,2005
165445,King of the Roaring 20's: The Story of Arnold Rothstein,Crime,1961
165445,King of the Roaring 20's: The Story of Arnold Rothstein,Drama,1961
26010,Carousel,Musical,1956
26010,Carousel,Romance,1956
142697,Ghoul,Thriller,2012
276573,Beggars in Ermine,Drama,1934
280700,The Box,Horror,2018
130706,Last Rites,Horror,1980
5218,Ice Age,Adventure,2002
5218,Ice Age,Animation,2002
5218,Ice Age,Children,2002
5218,Ice Age,Comedy,2002
72678,"Région centrale, La",Drama,1971
43699,"Wind, The",Drama,1928
43699,"Wind, The",Western,1928
200972,Bonne chance,Comedy,1935
200972,Bonne chance,Romance,1935
177211,God of Gamblers' Return,Action,1994
177211,God of Gamblers' Return,Comedy,1994
219057,Fat Girls,Comedy,2006
219057,Fat Girls,Drama,2006
171325,Santo vs. the Zombies,Action,1961
171325,Santo vs. the Zombies,Adventure,1961
171325,Santo vs. the Zombies,Horror,1961
171325,Santo vs. the Zombies,Mystery,1961
187215,The Seagull,Drama,2018
169754,Wolves,Drama,2017
93656,Last Exit,Crime,2003
93656,Last Exit,Drama,2003
93656,Last Exit,Thriller,2003
132642,Target Earth,Sci-Fi,1954
98840,Audition (Konkurs),Documentary,1964
208809,National Geographic: Incredible Human Machine,Documentary,2007
161700,Dogpound Shuffle,Drama,1975
213590,Hero,Action,2019
213590,Hero,Comedy,2019
213590,Hero,Crime,2019
213590,Hero,Thriller,2019
196695,All the Creatures Were Stirring,Horror,2018
124931,Return from the Ashes,Drama,1965
122470,Inside Out,Crime,2011
122470,Inside Out,Drama,2011
175093,The Dark Side of Love,Drama,2012
194949,X - The eXploited,Crime,2018
108756,Adam and Eve (Adão e Eva),Drama,1995
37727,Flightplan,Action,2005
37727,Flightplan,Drama,2005
37727,Flightplan,Thriller,2005
179745,Wolfguy - Enraged Lycanthrope,Action,1975
179745,Wolfguy - Enraged Lycanthrope,Horror,1975
157613,Citizen Tania,Crime,1989
157613,Citizen Tania,Drama,1989
164913,American Mystery! Coyote Waits,Drama,2003
164913,American Mystery! Coyote Waits,Mystery,2003
164913,American Mystery! Coyote Waits,Thriller,2003
211702,Seven Keys to Baldpate,Comedy,1935
211702,Seven Keys to Baldpate,Mystery,1935
211702,Seven Keys to Baldpate,Romance,1935
211702,Seven Keys to Baldpate,Thriller,1935
99305,Kumaré,Documentary,2011
121459,Wrong Side of Town,Action,2010
121459,Wrong Side of Town,Crime,2010
189415,Últimos días de la víctima,Crime,1982
189415,Últimos días de la víctima,Thriller,1982
616,"Aristocats, The",Animation,1970
616,"Aristocats, The",Children,1970
130448,Poltergeist,Horror,2015
130448,Poltergeist,Thriller,2015
198825,Deadly Switch,Thriller,2019
243142,The Devil Below,Horror,2021
243142,The Devil Below,Thriller,2021
145491,Our Lips Are Sealed,Children,2000
145491,Our Lips Are Sealed,Comedy,2000
145491,Our Lips Are Sealed,Drama,2000
129221,Impulse,Crime,1954
129221,Impulse,Drama,1954
227877,Zola,Drama,2020
278360,Who Invited Them,Comedy,2022
278360,Who Invited Them,Horror,2022
220564,Sabse Bada Khiladi,Action,1995
220564,Sabse Bada Khiladi,Crime,1995
220564,Sabse Bada Khiladi,Drama,1995
199333,Balloon,Thriller,2018
6505,Ed and His Dead Mother,Comedy,1993
6505,Ed and His Dead Mother,Horror,1993
53996,Transformers,Action,2007
53996,Transformers,Sci-Fi,2007
53996,Transformers,Thriller,2007
53996,Transformers,IMAX,2007
166217,Christmas with Holly,Children,2012
166217,Christmas with Holly,Drama,2012
155139,Happy,Drama,2006
155139,Happy,Romance,2006
162824,People in the Sun,Comedy,2011
162824,People in the Sun,Drama,2011
165801,The Cheaters,Comedy,1945
165801,The Cheaters,Drama,1945
264828,Portuguese Vacation,Drama,1963
153134,Revue,Documentary,2008
273051,La brigade,Comedy,2022
167246,The IRA Informant,Action,1997
167246,The IRA Informant,Thriller,1997
167246,The IRA Informant,War,1997
26996,Safe House,Thriller,1998
134661,The Cry of the Owl,Drama,1987
134661,The Cry of the Owl,Romance,1987
172225,Puck Hogs,Comedy,2009
282447,Persona 3 the Movie: #3 Falling Down,Action,2015
282447,Persona 3 the Movie: #3 Falling Down,Animation,2015
282447,Persona 3 the Movie: #3 Falling Down,Fantasy,2015
202059,Locked Up,Crime,2017
202059,Locked Up,Drama,2017
202059,Locked Up,Thriller,2017
141197,Corleone,Crime,1978
141197,Corleone,Thriller,1978
188759,Vishwa Vikhyatharaya Payyanma,Comedy,2017
158994,Something for the Birds,Comedy,1952
195315,Le Grand Bain,Comedy,2018
195315,Le Grand Bain,Drama,2018
4050,"St. Francisville Experiment, The",Horror,2000
4050,"St. Francisville Experiment, The",Thriller,2000
33928,Trekkies 2,Documentary,2004
33928,Trekkies 2,Sci-Fi,2004
122595,The Deep Six,Drama,1958
122595,The Deep Six,War,1958
161504,Wyrd Sisters,Animation,1997
161504,Wyrd Sisters,Fantasy,1997
128021,Living in a Big Way,Comedy,1947
65181,Nobel Son,Comedy,2007
65181,Nobel Son,Crime,2007
65181,Nobel Son,Drama,2007
65181,Nobel Son,Thriller,2007
197841,Mysteries of Love,Documentary,2002
285927,Family Time,Comedy,2023
285927,Family Time,Drama,2023
273441,Battle: Freestyle,Drama,2022
273441,Battle: Freestyle,Romance,2022
239002,Trance,Drama,2020
168474,Ukonvaaja,Documentary,2016
188305,"Don't Worry, He Won't Get Far on Foot",Comedy,2018
188305,"Don't Worry, He Won't Get Far on Foot",Drama,2018
207786,The Massie Affair,Documentary,2018
141363,Chop,Comedy,2011
141363,Chop,Horror,2011
141363,Chop,Thriller,2011
283057,Mother and Son,Drama,2022
131626,Lily & Kat,Comedy,2015
131626,Lily & Kat,Drama,2015
121419,Mardi Gras: Spring Break,Comedy,2011
286129,Borrowed,Drama,2022
45192,"Nibelungen: Siegfried, Die",Adventure,1924
45192,"Nibelungen: Siegfried, Die",Drama,1924
45192,"Nibelungen: Siegfried, Die",Fantasy,1924
5482,"Country Bears, The",Children,2002
5482,"Country Bears, The",Comedy,2002
8858,"Apple, The",Musical,1980
8858,"Apple, The",Sci-Fi,1980
197037,Fidaa,Comedy,2017
197037,Fidaa,Drama,2017
197037,Fidaa,Romance,2017
124809,The Man in the Net,Drama,1959
124809,The Man in the Net,Mystery,1959
124809,The Man in the Net,Thriller,1959
6487,"Heart of Me, The",Drama,2002
6487,"Heart of Me, The",Romance,2002
196427,The Party's Just Beginning,Comedy,2018
196427,The Party's Just Beginning,Drama,2018
242100,Hate by Dani Rovira,Comedy,2021
124811,The Power and the Glory,Drama,1933
182633,Kilukkam,Children,1991
182633,Kilukkam,Comedy,1991
61628,Sunflower (Xiang ri kui),Drama,2005
276009,Collision,Crime,2022
276009,Collision,Thriller,2022
943,"Ghost and Mrs. Muir, The",Drama,1947
943,"Ghost and Mrs. Muir, The",Fantasy,1947
943,"Ghost and Mrs. Muir, The",Romance,1947
175745,"Jean Ziegler, l'optimisme de la volonté",Documentary,2016
2414,Young Sherlock Holmes,Action,1985
2414,Young Sherlock Holmes,Adventure,1985
2414,Young Sherlock Holmes,Children,1985
2414,Young Sherlock Holmes,Fantasy,1985
2414,Young Sherlock Holmes,Mystery,1985
2414,Young Sherlock Holmes,Thriller,1985
132705,Kidnapped,Adventure,1938
132705,Kidnapped,Drama,1938
1733,Afterglow,Drama,1997
1733,Afterglow,Romance,1997
239990,McHale's Navy,Comedy,1964
279306,The Greatest Beer Run Ever,Comedy,2022
279306,The Greatest Beer Run Ever,Drama,2022
279306,The Greatest Beer Run Ever,War,2022
221022,Fresh Meat,Comedy,2012
221022,Fresh Meat,Horror,2012
41714,Dona Flor and Her Two Husbands (Dona Flor e Seus Dois Maridos),Comedy,1976
229701,Lapsis,Sci-Fi,2020
26049,Fires on the Plain (Nobi),Drama,1959
26049,Fires on the Plain (Nobi),War,1959
64519,Boomerang,Crime,1947
64519,Boomerang,Drama,1947
64519,Boomerang,Film-Noir,1947
228165,Blood Monkey,Action,2007
228165,Blood Monkey,Adventure,2007
228165,Blood Monkey,Horror,2007
228165,Blood Monkey,Thriller,2007
191975,1809-1810: mientras llega el día,Drama,1809
264958,One Ephemeral Mission,Animation,1993
2262,About Last Night...,Comedy,1986
2262,About Last Night...,Drama,1986
2262,About Last Night...,Romance,1986
72512,Efectos secundarios,Comedy,2006
133883,Suzanne,Drama,2013
192231,Malibu Spring Break,Comedy,2003
149640,The Condemned of Altona,Drama,1962
144660,Gloria,Drama,2014
141666,Ga-ga: Glory to the Heroes,Horror,1986
141666,Ga-ga: Glory to the Heroes,Sci-Fi,1986
142881,Candlestick,Mystery,2014
142881,Candlestick,Thriller,2014
226938,Attacking the Darkness,Comedy,2015
226938,Attacking the Darkness,Documentary,2015
155358,Camino,Action,2016
155358,Camino,Adventure,2016
155358,Camino,Thriller,2016
178413,Land of Oblivion,Drama,2011
152455,The Cook,Children,1972
152455,The Cook,Comedy,1972
152455,The Cook,Drama,1972
87520,Transformers: Dark of the Moon,Action,2011
87520,Transformers: Dark of the Moon,Adventure,2011
87520,Transformers: Dark of the Moon,Sci-Fi,2011
87520,Transformers: Dark of the Moon,War,2011
87520,Transformers: Dark of the Moon,IMAX,2011
116253,IMAX: Coral Reef Adventure,Children,2003
116253,IMAX: Coral Reef Adventure,Documentary,2003
116253,IMAX: Coral Reef Adventure,IMAX,2003
2077,"Journey of Natty Gann, The",Adventure,1985
2077,"Journey of Natty Gann, The",Children,1985
112995,Sorrow and Joy (Sorg og glæde),Drama,2013
216394,Desire,Comedy,1937
3442,Band of the Hand,Action,1986
3442,Band of the Hand,Crime,1986
3442,Band of the Hand,Drama,1986
178839,Crooked House,Mystery,2017
183823,09:06,Drama,2009
183823,09:06,Thriller,2009
120224,Fools for Scandal,Comedy,1938
120224,Fools for Scandal,Romance,1938
171933,Shark Killer,Action,2015
165357,The Telephone Book,Comedy,1971
165357,The Telephone Book,Drama,1971
165357,The Telephone Book,Romance,1971
206753,American Exorcist,Horror,2017
250828,The Vanishing Lion,Fantasy,2003
250828,The Vanishing Lion,Romance,2003
202639,How to Rip Whale Tooth,Children,1977
202639,How to Rip Whale Tooth,Comedy,1977
164135,Bangkok Traffic Love Story,Comedy,2009
164135,Bangkok Traffic Love Story,Romance,2009
275093,Cypress Hill: Insane in the Brain,Documentary,2022
232897,Deadly Embrace,Drama,1989
232897,Deadly Embrace,Thriller,1989
66051,"Badlanders, The",Romance,1958
66051,"Badlanders, The",Western,1958
127174,What is This Film Called Love?,Documentary,2012
2941,South Pacific,Musical,1958
2941,South Pacific,Romance,1958
2941,South Pacific,War,1958
172921,Zombie vs. Ninja,Action,1989
172921,Zombie vs. Ninja,Comedy,1989
172921,Zombie vs. Ninja,Horror,1989
209983,Christmas in Homestead,Romance,2016
102604,"Jeffrey Dahmer Files, The",Crime,2012
102604,"Jeffrey Dahmer Files, The",Documentary,2012
115715,Learning to Ride,Drama,2014
115715,Learning to Ride,Romance,2014
230877,You've Been Trumped Too,Documentary,2016
283735,Ivalu,Drama,2022
7484,Gimme Shelter,Documentary,1970
270918,Silence Has No Wings,Drama,1966
202103,I Am Mother,Sci-Fi,2019
202103,I Am Mother,Thriller,2019
103483,V/H/S/2,Horror,2013
103483,V/H/S/2,Thriller,2013
122791,Duchess and the Dirtwater Fox,Comedy,1976
122791,Duchess and the Dirtwater Fox,Western,1976
99659,"Sea of Grass, The",Drama,1947
99659,"Sea of Grass, The",Western,1947
137062,Naruto Shippuden the Movie: Road to Ninja,Action,2012
137062,Naruto Shippuden the Movie: Road to Ninja,Adventure,2012
137062,Naruto Shippuden the Movie: Road to Ninja,Animation,2012
137062,Naruto Shippuden the Movie: Road to Ninja,Fantasy,2012
189671,Big Red,Action,1962
189671,Big Red,Adventure,1962
189671,Big Red,Children,1962
189671,Big Red,Drama,1962
173537,977,Drama,2006
173537,977,Sci-Fi,2006
153863,O Diabo a Quatro,Children,2005
153863,O Diabo a Quatro,Drama,2005
201486,Family,Comedy,2018
203827,Getting Over,Documentary,2018
213111,Dragon Quest: Your Story,Action,2019
213111,Dragon Quest: Your Story,Adventure,2019
213111,Dragon Quest: Your Story,Animation,2019
213111,Dragon Quest: Your Story,Children,2019
213111,Dragon Quest: Your Story,Comedy,2019
213111,Dragon Quest: Your Story,Fantasy,2019
141958,A Little Thing Called Love,Comedy,2010
141958,A Little Thing Called Love,Romance,2010
4104,Ernest Goes to Camp,Comedy,1987
279092,Low Life,Crime,2022
279092,Low Life,Drama,2022
279092,Low Life,Thriller,2022
195895,Alarm,Animation,2009
174085,Fast and Furry-Ous,Animation,1949
174085,Fast and Furry-Ous,Children,1949
174085,Fast and Furry-Ous,Comedy,1949
274533,"Love, Classified",Comedy,2022
274533,"Love, Classified",Romance,2022
79109,Captains of the Clouds,Action,1942
79109,Captains of the Clouds,Drama,1942
79109,Captains of the Clouds,War,1942
89104,Puzzlehead,Drama,2005
89104,Puzzlehead,Sci-Fi,2005
202753,The Big Apartment,Comedy,2006
136078,The Boom,Comedy,1963
187537,Sensitivity Training,Comedy,2016
158159,The Nostalgist,Action,2014
158159,The Nostalgist,Adventure,2014
158159,The Nostalgist,Fantasy,2014
158159,The Nostalgist,Sci-Fi,2014
127258,The Passerby,Drama,1982
141670,Shield of Straw,Thriller,2013
289911,Sunday Afternoon,Comedy,1999
88140,Captain America: The First Avenger,Action,2011
88140,Captain America: The First Avenger,Adventure,2011
88140,Captain America: The First Avenger,Sci-Fi,2011
88140,Captain America: The First Avenger,Thriller,2011
88140,Captain America: The First Avenger,War,2011
289839,My Name Is Alfred Hitchcock,Documentary,2023
158619,The Faith of Anna Waters,Drama,2016
158619,The Faith of Anna Waters,Horror,2016
158619,The Faith of Anna Waters,Mystery,2016
158619,The Faith of Anna Waters,Thriller,2016
167010,The Cannibal Man,Drama,1973
167010,The Cannibal Man,Horror,1973
167010,The Cannibal Man,Thriller,1973
189081,Le repas des fauves,Drama,1964
145200,Pluto's Judgement Day,Animation,1935
234669,Mesa of Lost Women,Horror,1953
234669,Mesa of Lost Women,Sci-Fi,1953
131437,Moby Dick,Action,2011
131437,Moby Dick,Horror,2011
131437,Moby Dick,Thriller,2011
139817,Doors Open,Crime,2012
139817,Doors Open,Drama,2012
3989,One Day in September,Documentary,1999
187237,The Broken Land,Western,1962
266552,The Great Yokai War,Horror,1968
27604,Suicide Club (Jisatsu saakuru),Horror,2001
27604,Suicide Club (Jisatsu saakuru),Mystery,2001
27604,Suicide Club (Jisatsu saakuru),Thriller,2001
187577,The Death & Life of John F. Donovan,Drama,NA
121967,Tender Scoundrel,Comedy,1966
121967,Tender Scoundrel,Crime,1966
282321,Ode to Joy,Drama,2006
171243,Malibu Express,Action,1985
171243,Malibu Express,Adventure,1985
171243,Malibu Express,Comedy,1985
171243,Malibu Express,Crime,1985
27724,Hitler: The Rise of Evil,Drama,2003
78698,Mercy Streets,Action,2000
78698,Mercy Streets,Crime,2000
78698,Mercy Streets,Drama,2000
95223,4.3.2.1,Crime,2010
95223,4.3.2.1,Thriller,2010
197929,Histoire(s) du Cinéma: A New Wave,Documentary,1998
26496,One Deadly Summer (L'été meurtrier),Comedy,1983
26496,One Deadly Summer (L'été meurtrier),Drama,1983
26496,One Deadly Summer (L'été meurtrier),Mystery,1983
228939,Dudes!,Comedy,2001
223486,Stage Mother,Comedy,2020
223486,Stage Mother,Drama,2020
141145,A Ticket to Tomahawk,Comedy,1950
141145,A Ticket to Tomahawk,Western,1950
289749,The Arc of Oblivion,Documentary,2023
286553,Murder in the Front Row: The San Francisco Bay Area Thrash Metal Story,Documentary,2019
190055,Love Struck,Comedy,2014
190055,Love Struck,Drama,2014
190055,Love Struck,Romance,2014
234536,Meander,Drama,2020
234536,Meander,Horror,2020
234536,Meander,Sci-Fi,2020
167950,Bloodfist 2050,Action,2050
113466,Far Out Isn't Far Enough: The Tomi Ungerer Story,Documentary,2012
207399,Metamorphosis,Documentary,2018
79191,Roadracers,Drama,1994
116030,Children of the Corn 666: Isaac's Return,Horror,1999
116030,Children of the Corn 666: Isaac's Return,Mystery,1999
166717,Wolfskinder,Drama,2013
166717,Wolfskinder,War,2013
91391,HealtH,Comedy,1980
120266,Framed,Crime,1947
120266,Framed,Drama,1947
120266,Framed,Film-Noir,1947
81147,Barefoot Gen 2 (Hadashi no Gen II),Animation,1986
81147,Barefoot Gen 2 (Hadashi no Gen II),Drama,1986
81147,Barefoot Gen 2 (Hadashi no Gen II),War,1986
196957,Stronger Than The World: The Story of José Aldo,Drama,2016
6173,Into the West,Adventure,1992
6173,Into the West,Children,1992
133757,The Happening,Comedy,1967
288441,Surrounded,Action,2023
288441,Surrounded,Drama,2023
288441,Surrounded,Western,2023
71888,See You in the Morning,Drama,1989
71888,See You in the Morning,Romance,1989
153512,Riuscirà l'avvocato Franco Benenato a sconfiggere il suo acerrimo nemico il pretore Ciccio De Ingras?,Comedy,1971
86593,African Cats,Adventure,2011
86593,African Cats,Documentary,2011
74332,Me and Him (Ich und Er),Comedy,1988
205873,Cinderella,Animation,1922
205873,Cinderella,Children,1922
205873,Cinderella,Fantasy,1922
175223,Encounter with Fritz Lang,Documentary,1964
280198,Shtemp,Action,1991
115611,Felix the Cat: The Movie,Adventure,1988
115611,Felix the Cat: The Movie,Animation,1988
115611,Felix the Cat: The Movie,Children,1988
115611,Felix the Cat: The Movie,Fantasy,1988
115611,Felix the Cat: The Movie,Musical,1988
115611,Felix the Cat: The Movie,Sci-Fi,1988
263757,Zero to Hero,Drama,2021
213748,Victor,Comedy,2009
8382,Hello Again,Comedy,1987
195651,Balançoires,Documentary,1896
148198,Eagles Over London,Action,1969
148198,Eagles Over London,Drama,1969
85538,That Evening Sun,Drama,2009
233705,Truth or Dare,Children,1997
233705,Truth or Dare,Drama,1997
6436,This Boy's Life,Drama,1993
30952,Last Train from Gun Hill,Drama,1959
30952,Last Train from Gun Hill,Western,1959
179897,The Little Match Girl,Drama,1928
179897,The Little Match Girl,Fantasy,1928
96283,Diary of a Wimpy Kid: Dog Days,Children,2012
96283,Diary of a Wimpy Kid: Dog Days,Comedy,2012
130071,Nymph,Fantasy,2014
130071,Nymph,Horror,2014
80617,Cats & Dogs: The Revenge of Kitty Galore,Action,2010
80617,Cats & Dogs: The Revenge of Kitty Galore,Children,2010
80617,Cats & Dogs: The Revenge of Kitty Galore,Comedy,2010
101962,Wolf Children (Okami kodomo no ame to yuki),Animation,2012
101962,Wolf Children (Okami kodomo no ame to yuki),Fantasy,2012
135829,Dhoom 2,Action,2006
135829,Dhoom 2,Crime,2006
135829,Dhoom 2,Drama,2006
135829,Dhoom 2,Thriller,2006
223696,It's Still Your Bed,Drama,2019
223696,It's Still Your Bed,Romance,2019
137072,Born Bad,Drama,2011
137072,Born Bad,Thriller,2011
144800,City Beneath the Sea,Action,1953
144800,City Beneath the Sea,Adventure,1953
121326,The Blood of Fu Manchu,Adventure,1968
121326,The Blood of Fu Manchu,Crime,1968
121326,The Blood of Fu Manchu,Horror,1968
229699,Fireball: Visitors From Darker Worlds,Documentary,2020
265510,The Downfall of Santa Claus,Animation,2018
188765,Polish Legends: Operacja Bazyliszek,Sci-Fi,2016
275325,Yamabuki,Drama,2022
222723,Winnetou: The Secret of the Silver Lake,Adventure,2016
222723,Winnetou: The Secret of the Silver Lake,Western,2016
278192,Queen of Glory,Comedy,2022
278192,Queen of Glory,Drama,2022
269440,Incoherence,Comedy,1994
269440,Incoherence,Drama,1994
173421,Texas Rising,Drama,2015
173421,Texas Rising,Western,2015
191315,Mirapakay,Action,2011
191315,Mirapakay,Drama,2011
191315,Mirapakay,Romance,2011
95875,Total Recall,Action,2012
95875,Total Recall,Sci-Fi,2012
95875,Total Recall,Thriller,2012
206054,Baby Wants a Bottleship,Animation,1942
134831,Paranormal Whacktivity,Comedy,2013
134831,Paranormal Whacktivity,Horror,2013
202966,Torment,Crime,1986
202966,Torment,Horror,1986
202966,Torment,Mystery,1986
202966,Torment,Thriller,1986
282973,Safe Place,Drama,2022
282973,Safe Place,Thriller,2022
180619,Diaz: Don't Clean Up This Blood,Drama,2012
217729,The Rolling Stones: Bridges to Babylon Tour '97-98,Documentary,1997
160720,Exhibit A,Thriller,2007
211406,Ni une ni deux,Comedy,2019
212401,Inherit the Viper,Crime,2020
212401,Inherit the Viper,Drama,2020
212401,Inherit the Viper,Thriller,2020
207648,Claire Darling,Drama,2019
188033,"Encore, Once More Encore!",Comedy,1992
188033,"Encore, Once More Encore!",Drama,1992
188033,"Encore, Once More Encore!",Romance,1992
213780,I Want You,Comedy,2007
213780,I Want You,Romance,2007
266018,These Foolish Things,Comedy,2006
266018,These Foolish Things,Drama,2006
266018,These Foolish Things,Romance,2006
281606,Bob the Drag Queen: Live at Caroline's,Comedy,2020
135807,The Invincible Armour,Action,1977
135807,The Invincible Armour,Thriller,1977
68337,Moving Midway,Documentary,2007
129725,A Gunfight,Western,1971
124302,Kermit's Swamp Years,Children,2002
124302,Kermit's Swamp Years,Comedy,2002
124302,Kermit's Swamp Years,Fantasy,2002
222310,Fearless,Animation,2020
222310,Fearless,Comedy,2020
260767,Kampung Latah Kena Kuarantin,Comedy,2021
131932,Modern Girls,Comedy,1986
131932,Modern Girls,Romance,1986
4817,Born Romantic,Comedy,2000
4817,Born Romantic,Drama,2000
4817,Born Romantic,Romance,2000
128938,Signpost to Murder,Crime,1964
128938,Signpost to Murder,Thriller,1964
6183,Pillow Talk,Comedy,1959
6183,Pillow Talk,Musical,1959
6183,Pillow Talk,Romance,1959
144628,Seeds of Time,Documentary,2015
143367,Silence,Drama,2016
143367,Silence,Thriller,2016
109935,The Artist and the Model,Drama,2012
163318,Wondrous Boccaccio,Comedy,2015
163318,Wondrous Boccaccio,Drama,2015
170963,A Beginner's Guide to Snuff,Comedy,2016
170963,A Beginner's Guide to Snuff,Horror,2016
170963,A Beginner's Guide to Snuff,Thriller,2016
278432,The Fire Within: A Requiem for Katia and Maurice Krafft,Documentary,2022
269552,The Triumph of Sherlock Holmes,Crime,1935
269552,The Triumph of Sherlock Holmes,Mystery,1935
269552,The Triumph of Sherlock Holmes,Thriller,1935
8381,For Me and My Gal,Drama,1942
8381,For Me and My Gal,Musical,1942
8381,For Me and My Gal,Romance,1942
169138,Love & Loathing & Lulu & Ayano,Drama,2010
287665,Tin & Tina,Horror,2023
287665,Tin & Tina,Mystery,2023
287665,Tin & Tina,Thriller,2023
250932,Audrey's Rain,Drama,2003
282911,Elvis Gratton 2: Miracle à Memphis,Comedy,1999
137529,The Female Bunch,Action,1971
137529,The Female Bunch,Crime,1971
137529,The Female Bunch,Drama,1971
137529,The Female Bunch,Western,1971
130388,Black Field,Drama,2009
130388,Black Field,Romance,2009
290133,Commitment Phobia,Comedy,2021
290133,Commitment Phobia,Romance,2021
143984,Jet Attack,Drama,1958
143984,Jet Attack,War,1958
1938,"Lost Weekend, The",Drama,1945
175707,A German Life,Documentary,2016
157355,Frank and the Wondercat,Documentary,2015
235151,Modern Times: The Way of All Flesh,Documentary,1997
190797,Rated 'R': Republicans in Hollywood,Documentary,2004
216342,Three Sad Tigers,Drama,1968
224146,Home by Spring,Drama,2018
224146,Home by Spring,Romance,2018
92029,Westbound,Western,1959
163112,Winnie the Pooh Goes Visiting,Animation,1971
237382,The Libertine,Comedy,1968
237382,The Libertine,Drama,1968
209589,Iliza Shlesinger: Unveiled,Comedy,2019
256601,Splatter Disco,Comedy,2007
256601,Splatter Disco,Horror,2007
164001,Warkop DKI Reborn: Jangkrik Boss!,Comedy,2016
249180,Violet Evergarden: The Movie,Animation,2020
249180,Violet Evergarden: The Movie,Drama,2020
249180,Violet Evergarden: The Movie,Fantasy,2020
249180,Violet Evergarden: The Movie,Romance,2020
142370,We Are the Freaks,Comedy,2014
213263,Above the Clouds,Comedy,2018
213263,Above the Clouds,Drama,2018
195719,Core of the World,Drama,2018
185727,The silence,Drama,2015
78101,Life After Tomorrow,Documentary,2006
102672,New York: A Documentary Film,Documentary,1999
90947,"Oslo, August 31st (Oslo, 31. august)",Drama,2011
6458,"Blue Max, The",Adventure,1966
6458,"Blue Max, The",Drama,1966
6458,"Blue Max, The",War,1966
287149,Moomin and Midsummer Madness,Animation,2008
287149,Moomin and Midsummer Madness,Children,2008
89490,Straw Dogs,Thriller,2011
58033,Already Dead,Action,2007
58033,Already Dead,Fantasy,2007
58033,Already Dead,Thriller,2007
93287,"Big Year, The",Comedy,2011
142276,War Between the Planets,Sci-Fi,1966
260983,Rickover: The Birth of Nuclear Power,Documentary,2014
176201,Šíleně smutná princezna,Children,1968
176201,Šíleně smutná princezna,Comedy,1968
234482,Fierce,Comedy,2020
156501,Triple Trouble,Action,1950
156501,Triple Trouble,Comedy,1950
156501,Triple Trouble,Crime,1950
156501,Triple Trouble,Drama,1950
177561,Do It Like An Hombre,Comedy,2017
230151,Barbra: The Music ... The Mem'ries ... The Magic!,Documentary,2017
216019,Smoke Jumpers,Action,1996
216019,Smoke Jumpers,Drama,1996
275247,The Buddhist Fist,Action,1980
115256,Charlie Chan in City in Darkness,Drama,1939
115256,Charlie Chan in City in Darkness,Mystery,1939
115256,Charlie Chan in City in Darkness,Thriller,1939
191167,Love Strikes!,Comedy,2011
191167,Love Strikes!,Romance,2011
109979,Blonde Inspiration,Comedy,1941
109979,Blonde Inspiration,Drama,1941
109979,Blonde Inspiration,Romance,1941
3742,Battleship Potemkin,Drama,1925
3742,Battleship Potemkin,War,1925
163194,Davy Crockett and the River Pirates,Action,1956
163194,Davy Crockett and the River Pirates,Adventure,1956
163194,Davy Crockett and the River Pirates,Children,1956
98593,Other Worlds (D'autres mondes),Documentary,2004
211143,Citizen Boilesen,Documentary,2009
123781,Nothing Too Good for a Cowboy,Action,1998
123781,Nothing Too Good for a Cowboy,Drama,1998
123781,Nothing Too Good for a Cowboy,Romance,1998
123781,Nothing Too Good for a Cowboy,Western,1998
160018,Comment c'est loin,Comedy,2015
2559,"King and I, The",Animation,1999
2559,"King and I, The",Children,1999
289143,Passport to Destiny,Comedy,1944
289143,Passport to Destiny,War,1944
176531,Keep Smiling,Comedy,2013
176531,Keep Smiling,Drama,2013
78278,No One Knows About Persian Cats (Kasi az gorbehaye irani khabar nadareh),Drama,2009
222224,Who's Got the Black Box?,Thriller,1967
211335,Josh Kirby... Time Warrior: Eggs from 70 Million B.C.,Children,1995
170175,Happy Ever After,Comedy,1954
133415,Alexia,Horror,2013
133415,Alexia,Thriller,2013
167118,Sugar Mountain,Drama,2016
167118,Sugar Mountain,Thriller,2016
1369,I Can't Sleep (J'ai pas sommeil),Drama,1994
1369,I Can't Sleep (J'ai pas sommeil),Thriller,1994
191141,The Honey Killer,Comedy,2018
191141,The Honey Killer,Drama,2018
277308,Nightflyers,Horror,1987
277308,Nightflyers,Sci-Fi,1987
130103,Blue Collar Comedy Tour: One for the Road,Comedy,2006
167928,Demon of Paradise,Horror,1987
167928,Demon of Paradise,Thriller,1987
124579,Three Daring Daughters,Romance,1948
1742,Caught Up,Crime,1998
266472,The Robbery,Action,2017
266472,The Robbery,Comedy,2017
195587,Dangerous Encounters of the First Kind,Action,1980
195587,Dangerous Encounters of the First Kind,Crime,1980
195587,Dangerous Encounters of the First Kind,Thriller,1980
4200,Double Impact,Action,1991
194720,When the Clouds Roll By,Action,1919
194720,When the Clouds Roll By,Comedy,1919
194720,When the Clouds Roll By,Romance,1919
286357,Evil Dead Rise,Horror,2023
286357,Evil Dead Rise,Thriller,2023
137415,Acceptable Risk,Drama,2001
137415,Acceptable Risk,Sci-Fi,2001
137415,Acceptable Risk,Thriller,2001
175577,Rory Scovel Tries Stand-Up for the First Time,Comedy,2017
26476,Merry Christmas Mr. Lawrence,Drama,1983
26476,Merry Christmas Mr. Lawrence,War,1983
56651,Seduced and Abandoned (Sedotta e abbandonata),Comedy,1964
56651,Seduced and Abandoned (Sedotta e abbandonata),Drama,1964
278152,God's Little Village,Comedy,2009
3620,"Myth of Fingerprints, The",Comedy,1997
3620,"Myth of Fingerprints, The",Drama,1997
253742,Rival,Drama,2020
153808,Boris Without Beatrice,Drama,2016
169910,Bill Maher: Be More Cynical,Comedy,2000
272623,Northern Quality,Comedy,2022
168422,Breakdown,Thriller,2016
1499,Anaconda,Action,1997
1499,Anaconda,Adventure,1997
1499,Anaconda,Thriller,1997
169112,Love Me Not,Drama,2006
116321,Cry 'Havoc',Drama,1943
116321,Cry 'Havoc',War,1943
137755,An American Terror,Drama,2013
137755,An American Terror,Horror,2013
161342,The Man with the Carnation,Drama,1980
37683,Chapter Two,Comedy,1979
37683,Chapter Two,Drama,1979
37683,Chapter Two,Romance,1979
281138,18 Bronze Girls of Shaolin,Action,1983
281138,18 Bronze Girls of Shaolin,Adventure,1983
281138,18 Bronze Girls of Shaolin,Comedy,1983
281180,Touch 3 Don't Pass Me By,Animation,1987
281180,Touch 3 Don't Pass Me By,Drama,1987
281180,Touch 3 Don't Pass Me By,Romance,1987
119051,Crime at the Chinese Restaurant,Comedy,1981
119051,Crime at the Chinese Restaurant,Mystery,1981
119051,Crime at the Chinese Restaurant,Thriller,1981
194478,TED: The Future We Will Create,Documentary,2007
225219,Henpecked,Comedy,1983
80137,If God Is Willing and da Creek Don't Rise,Documentary,2010
128661,The Man Who Wouldn't Die,Crime,1994
128661,The Man Who Wouldn't Die,Drama,1994
128661,The Man Who Wouldn't Die,Thriller,1994
145192,Alpine Climbers,Animation,1936
138562,Bipolar,Mystery,2014
138562,Bipolar,Thriller,2014
272893,Assault on the Pay Train,Crime,1962
272893,Assault on the Pay Train,Drama,1962
291459,One Perfect Match,Comedy,2023
291459,One Perfect Match,Romance,2023
210055,Florida Straits,Action,1989
210055,Florida Straits,Adventure,1989
210055,Florida Straits,Romance,1989
181075,The Man Who Invented Christmas,Drama,2017
147068,The Desert Hawk,Action,1950
147068,The Desert Hawk,Adventure,1950
3988,How the Grinch Stole Christmas (a.k.a. The Grinch),Children,2000
3988,How the Grinch Stole Christmas (a.k.a. The Grinch),Comedy,2000
3988,How the Grinch Stole Christmas (a.k.a. The Grinch),Fantasy,2000
260415,Defining Moments,Comedy,2021
285931,Patterns of life: Prana,Documentary,2021
122278,Ping Pong Summer,Comedy,2014
175735,Je hais les enfants!,Comedy,2003
69518,Pornorama,Comedy,2007
281098,Zillion,Drama,2022
149344,Pete's Christmas,Children,2013
149344,Pete's Christmas,Fantasy,2013
142875,Star,Comedy,2014
142875,Star,Drama,2014
142875,Star,Romance,2014
164727,Cloud 9,Action,2014
164727,Cloud 9,Drama,2014
164727,Cloud 9,Romance,2014
8905,1492: Conquest of Paradise,Adventure,1492
8905,1492: Conquest of Paradise,Drama,1492
275343,Faultline,Action,2004
202287,Pegasus,Action,2019
202287,Pegasus,Comedy,2019
205869,Dossiê Jango,Documentary,2013
80094,"Last Exorcism, The",Horror,2010
80094,"Last Exorcism, The",Thriller,2010
144816,The Missing Juror,Mystery,1944
172355,Breakfast With Jonny Wilkinson,Comedy,2013
287853,Bezos,Drama,2023
212427,Bacchus Uncovered: Ancient God of Ecstasy,Documentary,2018
122671,The Moon and Sixpence,Drama,1942
122383,The Legend of Gator Face,Adventure,1996
122383,The Legend of Gator Face,Comedy,1996
122383,The Legend of Gator Face,Horror,1996
2081,"Little Mermaid, The",Animation,1989
2081,"Little Mermaid, The",Children,1989
2081,"Little Mermaid, The",Comedy,1989
2081,"Little Mermaid, The",Musical,1989
2081,"Little Mermaid, The",Romance,1989
190771,Il ritorno di Cagliostro,Comedy,2003
141030,My Father's Nurse,Comedy,1976
244434,Mister Twister Goes Camping,Children,2013
244434,Mister Twister Goes Camping,Comedy,2013
244434,Mister Twister Goes Camping,Drama,2013
265334,A Castle for Christmas,Children,2021
265334,A Castle for Christmas,Comedy,2021
265334,A Castle for Christmas,Romance,2021
106022,Toy Story of Terror,Animation,2013
106022,Toy Story of Terror,Children,2013
106022,Toy Story of Terror,Comedy,2013
89831,"Strip, The",Drama,1951
89831,"Strip, The",Film-Noir,1951
230391,Black Beauty,Drama,2020
267726,ZVP,Action,2017
267726,ZVP,Sci-Fi,2017
251840,The Saint's Return,Mystery,1953
262797,Paranoia Tapes,Fantasy,2017
262797,Paranoia Tapes,Horror,2017
262797,Paranoia Tapes,Mystery,2017
262797,Paranoia Tapes,Thriller,2017
6061,Kedma,Drama,2002
6061,Kedma,War,2002
6054,"Moon-Spinners, The",Children,1964
6054,"Moon-Spinners, The",Mystery,1964
67073,Day of the Dead,Horror,2008
164310,Primal Force,Adventure,1999
164310,Primal Force,Sci-Fi,1999
145026,A Nightingale Falling,Drama,2014
145026,A Nightingale Falling,War,2014
107117,"Armstrong Lie, The",Documentary,2013
281416,Land of Legends,Action,2022
281416,Land of Legends,Adventure,2022
281416,Land of Legends,Romance,2022
191707,The Truth Beneath,Thriller,2016
187393,Mechanical Principles,Documentary,1930
266396,We Are Triathletes,Documentary,2018
279192,Simchas and Sorrows,Comedy,2022
279192,Simchas and Sorrows,Drama,2022
225956,GAL,Drama,2006
225956,GAL,Thriller,2006
161632,Protagonist,Documentary,2007
6162,Gerry,Adventure,2002
6162,Gerry,Drama,2002
38886,"Squid and the Whale, The",Comedy,2005
38886,"Squid and the Whale, The",Drama,2005
248302,How to Steal a Dog,Children,2014
248302,How to Steal a Dog,Comedy,2014
248302,How to Steal a Dog,Drama,2014
227492,Neon Days,Comedy,2020
227492,Neon Days,Drama,2020
78174,Sex and the City 2,Comedy,2010
78174,Sex and the City 2,Drama,2010
78174,Sex and the City 2,Romance,2010
110517,Old Drac (Vampira),Comedy,1974
110517,Old Drac (Vampira),Horror,1974
84504,Raja,Drama,2003
132624,The Hacker Wars,Documentary,2014
150312,Sleepless,Crime,2001
150312,Sleepless,Horror,2001
150312,Sleepless,Mystery,2001
150312,Sleepless,Thriller,2001
204318,The Nightingale,Drama,2019
110535,"Boy, Did I Get a Wrong Number!",Comedy,1966
358,Higher Learning,Drama,1995
278426,The Young Magician,Children,1987
278426,The Young Magician,Fantasy,1987
138568,Top of the World,Action,1998
138568,Top of the World,Drama,1998
138568,Top of the World,Thriller,1998
279338,Hired Wife,Comedy,1940
175393,Sebastian's Voodoo,Animation,2008
175393,Sebastian's Voodoo,Horror,2008
71108,"White Ribbon, The (Das weiße Band)",Drama,2009
71108,"White Ribbon, The (Das weiße Band)",Mystery,2009
5692,"Mechanic, The",Action,1972
5692,"Mechanic, The",Thriller,1972
254486,Murder Can Hurt You!,Comedy,1980
172805,Odd Job,Action,2016
172805,Odd Job,Comedy,2016
137674,Fatal Memories,Drama,1992
1277,Cyrano de Bergerac,Comedy,1990
1277,Cyrano de Bergerac,Drama,1990
1277,Cyrano de Bergerac,Romance,1990
206533,Diane,Crime,2017
206533,Diane,Drama,2017
206533,Diane,Horror,2017
206533,Diane,Mystery,2017
206533,Diane,Thriller,2017
201893,MDMA,Drama,2017
7276,Hell's Kitchen,Drama,1998
269594,The Viewing Booth,Documentary,2020
116469,Kickboxer 5,Action,1995
116469,Kickboxer 5,Thriller,1995
139289,The Shattering,Horror,2015
201488,Modest Heroes,Adventure,2018
201488,Modest Heroes,Animation,2018
201488,Modest Heroes,Fantasy,2018
278448,The Next 365 Days,Drama,2022
278448,The Next 365 Days,Romance,2022
25816,Bonnie Scotland (Heroes of the Regiment),Comedy,1935
143717,Meet Market,Comedy,2008
143717,Meet Market,Romance,2008
44685,Riot On!,Documentary,2004
129735,Golden Goddess of Rio Beni,Adventure,1964
1891,"Ugly, The",Horror,1997
1891,"Ugly, The",Thriller,1997
3024,Piranha,Horror,1978
3024,Piranha,Sci-Fi,1978
224411,You're Not Alone,Horror,2020
224411,You're Not Alone,Thriller,2020
192527,Mortadelo & Filemon Mission Save the Planet,Children,2008
192527,Mortadelo & Filemon Mission Save the Planet,Comedy,2008
192527,Mortadelo & Filemon Mission Save the Planet,Fantasy,2008
60590,"Heartbeat Detector (Question humaine, La)",Drama,2007
60590,"Heartbeat Detector (Question humaine, La)",Thriller,2007
4327,"Magnificent Seven, The",Adventure,1960
4327,"Magnificent Seven, The",Western,1960
286259,The Christening,Comedy,2022
4062,Mystic Pizza,Comedy,1988
4062,Mystic Pizza,Drama,1988
4062,Mystic Pizza,Romance,1988
57,Home for the Holidays,Drama,1995
111638,An Enemy of the People,Drama,1966
215743,Alfie Darling,Drama,1975
3292,"Big Combo, The",Film-Noir,1955
222115,"Rob Schneider: Asian Momma, Mexican Kids",Comedy,2020
8806,Masks (Masques),Thriller,1987
8761,"Three Lives of Thomasina, The",Children,1964
8761,"Three Lives of Thomasina, The",Drama,1964
140239,Helter Skelter,Drama,2012
140239,Helter Skelter,Fantasy,2012
140239,Helter Skelter,Horror,2012
281038,Three Wise Men and a Baby,Comedy,2022
281038,Three Wise Men and a Baby,Drama,2022
280790,My Life as a Comedian,Drama,2019
6114,Permanent Vacation,Drama,1982
87919,"Mysterious Lady, The",Drama,1928
87919,"Mysterious Lady, The",Romance,1928
247628,My Fiona,Drama,2020
164925,The Stolen Years,Adventure,1998
164925,The Stolen Years,Drama,1998
230183,The Call,Mystery,2020
230183,The Call,Thriller,2020
188603,Breath,Drama,2018
239222,Kill Plan,Thriller,2021
7395,Cheaper by the Dozen,Comedy,1950
7395,Cheaper by the Dozen,Drama,1950
123483,The Zero Hour,Action,2010
57868,"Prisoner of Shark Island, The",Drama,1936
154694,Ciudad Delirio,Comedy,2014
154694,Ciudad Delirio,Romance,2014
190131,Lucky Stiff,Comedy,2014
27871,Something the Lord Made,Drama,2004
184841,Kid Glove Killer,Crime,1942
210801,Ghost,Animation,1984
210801,Ghost,Fantasy,1984
211468,The Rise of Jordan Peterson,Documentary,2019
180117,Sesso nero,Drama,1980
2229,"Pleasure Garden, The",Drama,1925
206373,A Haunting at the Rectory,Horror,2015
141952,To Save A Life,Drama,2010
133998,The Reward,Drama,1965
133998,The Reward,Western,1965
169846,Sword of D'Artagnan,Adventure,2015
169846,Sword of D'Artagnan,Children,2015
194941,Solitary,Documentary,2016
121991,Wicked as They Come,Crime,1956
121991,Wicked as They Come,Drama,1956
121991,Wicked as They Come,Mystery,1956
216779,A Dog Named Duke,Children,2012
216779,A Dog Named Duke,Comedy,2012
216779,A Dog Named Duke,Drama,2012
161034,Sultan,Action,2016
161034,Sultan,Drama,2016
248324,The Odd Job,Comedy,1978
2838,I Woke Up Early the Day I Died,Comedy,1998
2838,I Woke Up Early the Day I Died,Crime,1998
2838,I Woke Up Early the Day I Died,Thriller,1998
274101,The Teckman Mystery,Mystery,1954
51019,Fifty-Fifty (a.k.a. Schizo) (Shiza),Crime,2004
51019,Fifty-Fifty (a.k.a. Schizo) (Shiza),Drama,2004
51019,Fifty-Fifty (a.k.a. Schizo) (Shiza),Romance,2004
51019,Fifty-Fifty (a.k.a. Schizo) (Shiza),Thriller,2004
289521,Dangerous Afternoon,Drama,1961
3776,Melody Time,Animation,1948
3776,Melody Time,Children,1948
3776,Melody Time,Musical,1948
202517,Kung Fu Panda: Secrets of the Scroll,Action,2016
202517,Kung Fu Panda: Secrets of the Scroll,Adventure,2016
202517,Kung Fu Panda: Secrets of the Scroll,Animation,2016
202517,Kung Fu Panda: Secrets of the Scroll,Children,2016
202517,Kung Fu Panda: Secrets of the Scroll,Comedy,2016
124835,The Wild North,Western,1952
125341,Tough Enough,Drama,1983
144128,Attention! Bandits!,Drama,1951
144128,Attention! Bandits!,War,1951
253068,Terence McKenna's True Hallucinations,Documentary,2016
122167,Slander,Crime,1957
122167,Slander,Drama,1957
122167,Slander,Film-Noir,1957
193687,Когда зажигаются ёлки,Animation,1950
102062,"Band Called Death, A",Documentary,2012
135703,Meet the Fokkens,Documentary,2011
258017,Mungaru Male,Comedy,2006
258017,Mungaru Male,Drama,2006
258017,Mungaru Male,Romance,2006
52287,Meet the Robinsons,Action,2007
52287,Meet the Robinsons,Adventure,2007
52287,Meet the Robinsons,Animation,2007
52287,Meet the Robinsons,Children,2007
52287,Meet the Robinsons,Comedy,2007
52287,Meet the Robinsons,Sci-Fi,2007
82449,I Love You Too,Comedy,2010
227058,Obsessive Rythms,Romance,2014
280004,Kunstkamera,Documentary,2022
143154,Sparrows Can't Sing,Comedy,1963
143154,Sparrows Can't Sing,Drama,1963
26350,"Passenger, The (Professione: reporter)",Drama,1975
289153,Happiness for Beginners,Adventure,2023
289153,Happiness for Beginners,Comedy,2023
289153,Happiness for Beginners,Romance,2023
105288,Ferocious,Crime,2012
105288,Ferocious,Thriller,2012
167892,Savage!,Action,1973
167892,Savage!,Adventure,1973
239194,Heart of the Home,Horror,2021
202635,Záskok,Comedy,1994
172885,That still Karloson!,Children,2012
172885,That still Karloson!,Comedy,2012
172885,That still Karloson!,Fantasy,2012
205547,The Heckling Hare,Animation,1941
205547,The Heckling Hare,Comedy,1941
26498,Boy Meets Girl,Drama,1984
93674,Passion of Love (Passione d'amore),Drama,1981
93674,Passion of Love (Passione d'amore),Romance,1981
121338,Carry on Cabby,Adventure,1963
121338,Carry on Cabby,Comedy,1963
121338,Carry on Cabby,Romance,1963
26404,In Praise of Older Women,Drama,1978
258013,Ye Maaya Chesave,Drama,2010
258013,Ye Maaya Chesave,Romance,2010
274639,Laughing Matters,Comedy,2020
274639,Laughing Matters,Romance,2020
8017,10 Rillington Place,Crime,1971
8017,10 Rillington Place,Drama,1971
8017,10 Rillington Place,Thriller,1971
133367,LFO,Drama,2013
133367,LFO,Sci-Fi,2013
125157,The Spanish Gardener,Drama,1956
172681,Law of Corruption,Action,2005
172681,Law of Corruption,Crime,2005
172681,Law of Corruption,Drama,2005
213147,Sirene,Animation,1968
213147,Sirene,Comedy,1968
213147,Sirene,Drama,1968
213147,Sirene,Fantasy,1968
118782,Fat Pizza,Action,2003
118782,Fat Pizza,Adventure,2003
118782,Fat Pizza,Comedy,2003
118782,Fat Pizza,Crime,2003
118782,Fat Pizza,Thriller,2003
281830,A Not So Merry Christmas,Comedy,2022
51357,Citizen X,Crime,1995
51357,Citizen X,Drama,1995
51357,Citizen X,Thriller,1995
44663,"Caiman, The (Il caimano)",Comedy,2006
44663,"Caiman, The (Il caimano)",Drama,2006
44663,"Caiman, The (Il caimano)",Romance,2006
206643,Mubarakan,Comedy,2017
206643,Mubarakan,Drama,2017
135258,"Merry Christmas, Drake and Josh",Comedy,2008
127875,The Gold Spinners,Documentary,2013
6895,Normal,Drama,2003
198521,The Great New Wonderful,Comedy,2005
198521,The Great New Wonderful,Drama,2005
166886,High The True Tale of American Marijuana,Documentary,2008
156700,Monsterwolf,Fantasy,2010
156700,Monsterwolf,Horror,2010
34645,Race with the Devil,Action,1975
34645,Race with the Devil,Horror,1975
34645,Race with the Devil,Mystery,1975
201672,Top Knot Detective,Action,2017
201672,Top Knot Detective,Comedy,2017
201672,Top Knot Detective,Crime,2017
201672,Top Knot Detective,Drama,2017
201672,Top Knot Detective,Mystery,2017
141528,Move,Comedy,1970
141528,Move,Fantasy,1970
149725,Thou Shalt Laugh 3,Comedy,2008
199049,The After,Drama,2014
199049,The After,Fantasy,2014
199049,The After,Mystery,2014
283593,"Haunted, Horrifying Sounds from Beyond the Grave",Horror,2018
249426,The Sion Sono,Documentary,2016
151363,I'm a Stranger Here Myself,Documentary,1975
218173,That's My Boy,Comedy,1951
190361,My Generation,Documentary,2018
33229,"Angry Silence, The",Drama,1960
214806,Float,Animation,2019
214806,Float,Children,2019
214806,Float,Drama,2019
7582,Old Acquaintance,Drama,1943
163915,The Raffle,Drama,1991
188025,Sparrow,Drama,1993
197105,Vechera na khutore bliz Dikanki,Children,2001
110387,"Unknown Known, The",Documentary,2013
160135,Miss Julie,Drama,2011
164280,Endless Poetry,Drama,2016
164280,Endless Poetry,Fantasy,2016
5466,My Wife is an Actress (Ma Femme est une Actrice),Comedy,2001
5466,My Wife is an Actress (Ma Femme est une Actrice),Drama,2001
5466,My Wife is an Actress (Ma Femme est une Actrice),Romance,2001
108579,Samurai Cop,Action,1989
108579,Samurai Cop,Thriller,1989
246422,Three Sisters with Maiden Hearts,Drama,1935
194929,Constantine: City of Demons - The Movie,Animation,2018
183943,Podium,Comedy,2004
279804,Klondike,Drama,2022
270550,The Musicians,Documentary,1960
46325,Susan Lenox (Her Fall and Rise),Adventure,1931
46325,Susan Lenox (Her Fall and Rise),Drama,1931
46325,Susan Lenox (Her Fall and Rise),Romance,1931
132350,Emotional Arithmetic,Drama,2007
101964,Mugabe and the White African,Documentary,2009
279038,In Desert and Wilderness,Adventure,2001
3469,Inherit the Wind,Drama,1960
199586,Midnight Traveler,Documentary,2019
30850,"Merchant of Venice, The",Drama,2004
94076,Position Among The Stars (Stand van de Sterren),Documentary,2010
50970,Myra Breckinridge,Comedy,1970
161274,Cannibal Holocaust II,Adventure,1988
161274,Cannibal Holocaust II,Horror,1988
167540,María (y los demás),Comedy,2016
167540,María (y los demás),Drama,2016
71931,5th Day of Peace (Dio è con noi),Drama,1969
71931,5th Day of Peace (Dio è con noi),War,1969
147308,Vanished Empire,Drama,2008
147308,Vanished Empire,Romance,2008
252726,The Nanny Reunion: A Nosh to Remember,Comedy,2004
287043,Blanquita,Drama,2023
208963,The Last Message,Comedy,1975
209491,The Chromium Hook,Comedy,2000
88954,"Very Harold & Kumar 3D Christmas, A",Comedy,2011
184493,Entanglement,Comedy,2018
184493,Entanglement,Drama,2018
57980,"Art of Negative Thinking, The (Kunsten å tenke negativt)",Comedy,2006
57980,"Art of Negative Thinking, The (Kunsten å tenke negativt)",Drama,2006
187585,Angel Express,Drama,1999
253612,Nightlife,Comedy,2020
253612,Nightlife,Romance,2020
182933,Steptoe and Son,Comedy,1972
182933,Steptoe and Son,Drama,1972
88468,Alpha and Omega,Adventure,2010
88468,Alpha and Omega,Animation,2010
88468,Alpha and Omega,Children,2010
88468,Alpha and Omega,Comedy,2010
88468,Alpha and Omega,Romance,2010
121879,Method to the Madness of Jerry Lewis,Documentary,2011
205941,Back to School,Comedy,2019
135099,Fiasco in Milan,Comedy,1959
131027,But Forever in My Mind,Comedy,1999
131027,But Forever in My Mind,Drama,1999
165983,Man of the Forest,Action,1933
165983,Man of the Forest,Western,1933
228877,Tchaikovsky,Drama,1970
235647,Helene,Drama,2020
235647,Helene,Romance,2020
288143,Below the Deadline,Crime,1936
174207,The Unskillful Skater,Comedy,1907
144060,Live From New York!,Comedy,2015
144060,Live From New York!,Documentary,2015
171595,Countdown,Action,2004
171595,Countdown,Adventure,2004
171595,Countdown,Crime,2004
261821,Branded Men,Romance,1931
261821,Branded Men,Western,1931
225747,Tiger Trappers,Adventure,1994
168522,True Love and Chaos,Crime,1997
168522,True Love and Chaos,Drama,1997
59114,Pulp,Comedy,1972
59114,Pulp,Thriller,1972
129044,"Ilsa, the Wicked Warden",Drama,1977
129044,"Ilsa, the Wicked Warden",Horror,1977
152850,Pitbull,Action,2005
152850,Pitbull,Crime,2005
222157,Don't Go Breaking My Heart 2,Comedy,2014
222157,Don't Go Breaking My Heart 2,Romance,2014
281826,The Christmas Cure,Drama,2017
281826,The Christmas Cure,Romance,2017
217023,Here We Are: Notes for Living on Planet Earth,Animation,2020
217023,Here We Are: Notes for Living on Planet Earth,Children,2020
56167,Om Shanti Om,Action,2007
56167,Om Shanti Om,Drama,2007
56167,Om Shanti Om,Musical,2007
56167,Om Shanti Om,Romance,2007
236663,Join the Marines,Action,1937
204166,Monster Island,Action,2019
204166,Monster Island,Sci-Fi,2019
287741,Boblo Boats: A Detroit Ferry Tale,Documentary,2021
211782,Primera Comunión,Children,1969
211782,Primera Comunión,Drama,1969
44241,Leprechaun 3,Comedy,1995
44241,Leprechaun 3,Fantasy,1995
44241,Leprechaun 3,Horror,1995
186005,Book Club,Comedy,2018
186005,Book Club,Romance,2018
166695,The Untold Story of Emmett Louis Till,Documentary,2005
281624,Hidden,Documentary,2020
289621,The Small Victories,Comedy,2023
80947,Bran Nue Dae,Comedy,2009
80947,Bran Nue Dae,Musical,2009
181047,Villain,Action,2017
181047,Villain,Crime,2017
181047,Villain,Thriller,2017
272429,Hollywood Banker,Documentary,2014
197141,The Standoff at Sparrow Creek,Drama,2019
197141,The Standoff at Sparrow Creek,Mystery,2019
197141,The Standoff at Sparrow Creek,Thriller,2019
168348,Headshot,Action,2016
168348,Headshot,Thriller,2016
224515,"Rembrandt: From the National Gallery, London and Rijksmuseum, Amsterdam",Documentary,2014
189169,Ugly Nasty People,Comedy,2017
128293,The Green Mare,Comedy,1959
128417,Arabella: Black Angel,Crime,1989
91037,From Beyond the Grave (Creatures),Horror,1974
165767,Courage for Every Day,Drama,1964
181057,The Tit and the Moon,Comedy,1994
181057,The Tit and the Moon,Drama,1994
117452,Tied,Drama,2013
223198,A Million in a Wedding Basket,Comedy,1985
252086,I'm Your Man,Comedy,2021
252086,I'm Your Man,Romance,2021
252086,I'm Your Man,Sci-Fi,2021
207672,Bajo el mismo techo,Comedy,2019
490,Malice,Thriller,1993
140801,Kano,Drama,2014
189911,Todd McFarlane's Spawn,Action,1997
189911,Todd McFarlane's Spawn,Animation,1997
189911,Todd McFarlane's Spawn,Horror,1997
186839,The 4th Company,Action,2016
186839,The 4th Company,Crime,2016
186839,The 4th Company,Drama,2016
168910,Come Together,Children,2016
168910,Come Together,Comedy,2016
168910,Come Together,Drama,2016
218715,Lost Bullet,Action,2020
218715,Lost Bullet,Crime,2020
218715,Lost Bullet,Thriller,2020
188545,Horror Stories,Horror,2012
188545,Horror Stories,Thriller,2012
218993,Do Not Be Deceived,Mystery,2018
218993,Do Not Be Deceived,Thriller,2018
116451,Frisco Kid,Adventure,1935
116451,Frisco Kid,Romance,1935
162818,Blood on the Land,Adventure,1966
162818,Blood on the Land,Drama,1966
84506,Silent Souls (Ovsyanki),Drama,2010
4735,Ghosts of Mars,Horror,2001
4735,Ghosts of Mars,Sci-Fi,2001
4735,Ghosts of Mars,Thriller,2001
26429,Love at First Bite,Comedy,1979
26429,Love at First Bite,Horror,1979
26429,Love at First Bite,Romance,1979
7621,Vengo,Drama,2000
7621,Vengo,Musical,2000
193339,X Moor,Horror,2014
193339,X Moor,Thriller,2014
140108,Yakuza Apocalypse,Action,2015
140108,Yakuza Apocalypse,Horror,2015
254742,"Darling, How Could You!",Comedy,1951
61289,Sukiyaki Western Django,Action,2008
61289,Sukiyaki Western Django,Western,2008
251660,Erica,Action,2019
251660,Erica,Adventure,2019
251660,Erica,Crime,2019
251660,Erica,Drama,2019
251660,Erica,Horror,2019
251660,Erica,Mystery,2019
251660,Erica,Thriller,2019
162510,Seven Sinners,Crime,1936
162510,Seven Sinners,Thriller,1936
280382,Carajita,Drama,2021
2972,Red Sorghum (Hong gao liang),Drama,1987
2972,Red Sorghum (Hong gao liang),War,1987
159692,The Good Witch,Children,2008
159692,The Good Witch,Drama,2008
159692,The Good Witch,Fantasy,2008
125143,"Cossacks, The",Action,1928
125143,"Cossacks, The",Drama,1928
125143,"Cossacks, The",Romance,1928
125143,"Cossacks, The",War,1928
26908,"Passion of Darkly Noon, The",Drama,1995
26908,"Passion of Darkly Noon, The",Mystery,1995
26908,"Passion of Darkly Noon, The",Thriller,1995
8987,Bush's Brain,Documentary,2004
265042,Within the Woods,Horror,2005
205998,Culture Shock,Horror,2019
205998,Culture Shock,Thriller,2019
160388,"The Strange History of Don't Ask, Don't Tell",Drama,2011
147268,Hornblower: The Even Chance,Action,1998
147268,Hornblower: The Even Chance,Adventure,1998
147268,Hornblower: The Even Chance,Drama,1998
147268,Hornblower: The Even Chance,War,1998
187563,Fruits of Passion,Drama,1981
152196,The Wife He Met Online,Thriller,2012
168938,G.I. Samurai,Action,1979
168938,G.I. Samurai,Sci-Fi,1979
168938,G.I. Samurai,War,1979
53974,License to Wed,Comedy,2007
53974,License to Wed,Romance,2007
135510,Buster and Billie,Crime,1974
135510,Buster and Billie,Drama,1974
154202,Trench of Hope,Drama,2003
31903,Zelary,Drama,2003
31903,Zelary,Romance,2003
179129,The Sound,Horror,2017
179129,The Sound,Mystery,2017
179129,The Sound,Thriller,2017
252596,Fingerprints,Horror,2006
252596,Fingerprints,Mystery,2006
252596,Fingerprints,Thriller,2006
139283,The Hanged Man,Mystery,2007
139283,The Hanged Man,Thriller,2007
92522,Frisco Jenny,Drama,1932
181697,The Hidden Half,Drama,2001
46716,Knock on Any Door,Crime,1949
46716,Knock on Any Door,Drama,1949
46716,Knock on Any Door,Film-Noir,1949
139455,The Cloth,Action,2013
139455,The Cloth,Fantasy,2013
139455,The Cloth,Horror,2013
72405,Bad Lieutenant: Port of Call New Orleans,Crime,2009
72405,Bad Lieutenant: Port of Call New Orleans,Drama,2009
6755,Bubba Ho-tep,Comedy,2002
6755,Bubba Ho-tep,Horror,2002
127146,Kurt Cobain: Montage of Heck,Documentary,2015
1631,"Assignment, The",Action,1997
1631,"Assignment, The",Thriller,1997
88823,High Time (Big Daddy),Comedy,1960
88823,High Time (Big Daddy),Musical,1960
254602,Project Christmas Wish,Romance,2020
218689,Altar,Horror,2017
177407,Father Brown,Comedy,1954
177407,Father Brown,Crime,1954
195817,Dating My Mother,Comedy,2017
180959,The Bribe of Heaven,Comedy,2016
67744,With Fire and Sword (Ogniem i mieczem),Adventure,1999
67744,With Fire and Sword (Ogniem i mieczem),Crime,1999
67744,With Fire and Sword (Ogniem i mieczem),Drama,1999
67744,With Fire and Sword (Ogniem i mieczem),Romance,1999
67744,With Fire and Sword (Ogniem i mieczem),War,1999
132870,Hearts and Armour,Action,1983
132870,Hearts and Armour,Adventure,1983
132870,Hearts and Armour,Fantasy,1983
100044,Human Planet,Documentary,2011
1960,"Last Emperor, The",Drama,1987
151991,Rugged Gold,Adventure,1994
151991,Rugged Gold,Children,1994
151991,Rugged Gold,Drama,1994
48530,"Hawaii, Oslo",Drama,2004
103339,White House Down,Action,2013
103339,White House Down,Drama,2013
103339,White House Down,Thriller,2013
103339,White House Down,IMAX,2013
239466,The New Twenty,Drama,2009
229481,Night of the Kings,Drama,2020
25962,King Solomon's Mines,Action,1950
25962,King Solomon's Mines,Adventure,1950
25962,King Solomon's Mines,Romance,1950
131870,Nightmare Weekend,Horror,1986
131870,Nightmare Weekend,Sci-Fi,1986
78536,In the Beginning (À l'Origine),Drama,2009
166128,Dr. Broadway,Crime,1942
166128,Dr. Broadway,Drama,1942
166128,Dr. Broadway,Mystery,1942
252082,Hollyhock,Comedy,1954
252082,Hollyhock,Drama,1954
167256,Her Senior,Drama,2015
167256,Her Senior,Romance,2015
79901,"Danse: The Paris Opera Ballet, La (La Danse - Le ballet de l'Opéra de Paris)",Documentary,2009
5744,Four Friends (a.k.a. Georgia's Friends),Drama,1981
292529,Something to Remind Me,Drama,2002
292529,Something to Remind Me,Thriller,2002
283653,Wallander 31 - The Arsonist,Crime,2013
283653,Wallander 31 - The Arsonist,Thriller,2013
109072,Sabotage,Action,2014
109072,Sabotage,Crime,2014
109072,Sabotage,Drama,2014
204044,Zombiepura,Comedy,2018
204044,Zombiepura,Horror,2018
279068,Land of Dreams,Comedy,2022
225980,Killa Season,Comedy,2006
225980,Killa Season,Crime,2006
225980,Killa Season,Drama,2006
225980,Killa Season,Thriller,2006
175899,Upperdog,Comedy,2009
175899,Upperdog,Drama,2009
177435,Moving,Drama,1993
184663,Rosa: The Movie,Children,2007
184663,Rosa: The Movie,Comedy,2007
258847,Modalità aereo,Comedy,2019
114066,"20,000 Days on Earth",Documentary,2014
114066,"20,000 Days on Earth",Drama,2014
114066,"20,000 Days on Earth",Musical,2014
135007,Will Our Heroes Be Able to Find Their Friend Who Has Mysteriously Disappeared in Africa?,Adventure,1968
135007,Will Our Heroes Be Able to Find Their Friend Who Has Mysteriously Disappeared in Africa?,Comedy,1968
135007,Will Our Heroes Be Able to Find Their Friend Who Has Mysteriously Disappeared in Africa?,Fantasy,1968
967,"Outlaw, The",Western,1943
25842,Topper,Comedy,1937
25842,Topper,Fantasy,1937
25842,Topper,Romance,1937
3035,Mister Roberts,Comedy,1955
3035,Mister Roberts,Drama,1955
3035,Mister Roberts,War,1955
239322,Income Tax Sappy,Comedy,1954
137986,The Initiation of Sarah,Drama,2006
137986,The Initiation of Sarah,Horror,2006
137986,The Initiation of Sarah,Thriller,2006
272991,Sal,Drama,2012
272991,Sal,Western,2012
39857,Nordkraft,Crime,2005
39857,Nordkraft,Drama,2005
39857,Nordkraft,Romance,2005
131206,Calling Dr. Kildare,Crime,1939
131206,Calling Dr. Kildare,Drama,1939
129364,Every Thing Will Be Fine,Drama,2015
68498,"Girl from Monaco, The (fille de Monaco, La)",Comedy,2008
68498,"Girl from Monaco, The (fille de Monaco, La)",Drama,2008
268762,Arctic Void,Sci-Fi,2022
268762,Arctic Void,Thriller,2022
569,Little Big League,Comedy,1994
569,Little Big League,Drama,1994
158842,My Scientology Movie,Documentary,2016
101319,Operation Daybreak,War,1975
86927,No Time for Love,Comedy,1943
86927,No Time for Love,Romance,1943
218503,Dave Chappelle: The Kennedy Center Mark Twain Prize,Comedy,2020
52088,Dreamland,Drama,2006
158254,Kindergarten Cop 2,Action,2016
158254,Kindergarten Cop 2,Comedy,2016
48394,"Pan's Labyrinth (Laberinto del fauno, El)",Drama,2006
48394,"Pan's Labyrinth (Laberinto del fauno, El)",Fantasy,2006
48394,"Pan's Labyrinth (Laberinto del fauno, El)",Thriller,2006
144994,The Secret Life of Plants,Documentary,1979
33585,9 Songs,Drama,2004
33585,9 Songs,Romance,2004
258855,John's Not Mad,Documentary,1989
189747,Why I Did (Not) Eat My Father,Adventure,2015
189747,Why I Did (Not) Eat My Father,Animation,2015
189747,Why I Did (Not) Eat My Father,Comedy,2015
196039,On Your Wedding Day,Romance,2018
247710,The Prayer Box,Children,2018
247710,The Prayer Box,Drama,2018
94653,Creature,Horror,2011
217753,"Exorcism at 60,000 Feet",Comedy,2019
217753,"Exorcism at 60,000 Feet",Horror,2019
174417,The Law Is the Law,Comedy,1958
79337,Downstairs,Drama,1932
121113,Shriek If You Know What I Did Last Friday the Thirteenth,Comedy,2000
121113,Shriek If You Know What I Did Last Friday the Thirteenth,Horror,2000
159061,The Wailing,Mystery,2016
159061,The Wailing,Thriller,2016
111345,Gods of the Plague (Götter der Pest),Crime,1970
111345,Gods of the Plague (Götter der Pest),Drama,1970
1677,Critical Care,Comedy,1997
1677,Critical Care,Drama,1997
95305,Taxi Hunter (Di shi pan guan),Action,1993
226964,Phobidilia,Drama,2009
182903,Boss Nigger,Action,1975
182903,Boss Nigger,Crime,1975
182903,Boss Nigger,Western,1975
239346,The Illegal,Drama,2019
3623,Mission: Impossible II,Action,2000
3623,Mission: Impossible II,Adventure,2000
3623,Mission: Impossible II,Thriller,2000
229161,The Legend of Frenchie King,Comedy,1971
229161,The Legend of Frenchie King,Western,1971
117676,El Gringo,Action,2012
117676,El Gringo,Drama,2012
199552,The New Adventures of Pinocchio,Children,1999
164947,Clean Hands,Crime,2015
164947,Clean Hands,Drama,2015
164947,Clean Hands,Thriller,2015
209519,El ojo de cristal,Crime,1956
209519,El ojo de cristal,Thriller,1956
245392,When Angels Come to Town,Children,2004
245392,When Angels Come to Town,Drama,2004
245392,When Angels Come to Town,Fantasy,2004
168060,Rings,Horror,2017
218405,A Life of Speed: The Juan Manuel Fangio Story,Documentary,2020
282841,Act of Nature,Drama,2010
270216,Star Wars: Origins,Action,2019
270216,Star Wars: Origins,Adventure,2019
270216,Star Wars: Origins,Sci-Fi,2019
120128,Everything I Can See From Here,Adventure,2013
120128,Everything I Can See From Here,Animation,2013
120128,Everything I Can See From Here,Drama,2013
120128,Everything I Can See From Here,Sci-Fi,2013
83437,"Young in Heart, The",Comedy,1938
83437,"Young in Heart, The",Drama,1938
261687,The Velvet Underground,Documentary,2021
127017,The Man They Could Not Hang,Crime,1939
127017,The Man They Could Not Hang,Horror,1939
127017,The Man They Could Not Hang,Sci-Fi,1939
196357,The Song of Sway Lake,Drama,2017
100562,"Goddess of 1967, The",Comedy,1967
100562,"Goddess of 1967, The",Drama,1967
100562,"Goddess of 1967, The",Romance,1967
135274,The Luck of the Irish,Adventure,2001
135274,The Luck of the Irish,Children,2001
135274,The Luck of the Irish,Comedy,2001
138696,Hands in the Air,Comedy,2010
138696,Hands in the Air,Drama,2010
138696,Hands in the Air,Romance,2010
260307,Your Studio and You,Comedy,1995
260307,Your Studio and You,Documentary,1995
192095,Einstein-Rosen,Comedy,2016
192095,Einstein-Rosen,Fantasy,2016
78342,Wonderful World,Drama,2009
78342,Wonderful World,Romance,2009
155523,Stuck on You!,Comedy,1982
155523,Stuck on You!,Romance,1982
115166,Snakes and Earrings (Hebi ni piasu),Drama,2008
115166,Snakes and Earrings (Hebi ni piasu),Thriller,2008
218911,Off The Menu,Comedy,2018
218911,Off The Menu,Romance,2018
204854,Toxic Crusaders: The Movie,Animation,1997
204854,Toxic Crusaders: The Movie,Comedy,1997
175805,An Up-to-Date Conjurer,Comedy,1899
211316,Beach Babes from Beyond,Comedy,1993
211316,Beach Babes from Beyond,Sci-Fi,1993
246906,Hero Dog: The Journey Home,Adventure,2021
7364,Intermission,Comedy,2003
7364,Intermission,Crime,2003
7364,Intermission,Drama,2003
215081,The Dazzled,Drama,2019
272097,The Wedding Veil Legacy,Comedy,2022
272097,The Wedding Veil Legacy,Romance,2022
216487,The Way You Look Tonight,Fantasy,2019
216487,The Way You Look Tonight,Romance,2019
152994,Kalyug,Thriller,2005
164435,Marquis de Sade: Justine,Drama,1969
164435,Marquis de Sade: Justine,Horror,1969
4919,Subway,Crime,1985
4919,Subway,Drama,1985
4919,Subway,Romance,1985
4919,Subway,Thriller,1985
1017,Swiss Family Robinson,Adventure,1960
1017,Swiss Family Robinson,Children,1960
157228,El juego de la verdad,Comedy,2004
157228,El juego de la verdad,Drama,2004
157228,El juego de la verdad,Romance,2004
4330,"Scarlet Empress, The",Drama,1934
26400,Gates of Heaven,Documentary,1978
283135,Ritual,Thriller,2022
173821,Choice of Purpose,Drama,1975
228053,Home for Harvest,Romance,2019
52016,Nomad (Köshpendiler),Drama,2005
52016,Nomad (Köshpendiler),War,2005
4422,Cries and Whispers (Viskningar och rop),Drama,1972
66246,Numbskull Emptybrook (Uuno Turhapuro),Comedy,1973
202415,When Angels Sleep,Drama,2018
202415,When Angels Sleep,Thriller,2018
118490,The Shock,Action,1982
118490,The Shock,Crime,1982
118490,The Shock,Romance,1982
118490,The Shock,Thriller,1982
180303,In the Mouth of the Wolf,Action,1988
180303,In the Mouth of the Wolf,Drama,1988
180303,In the Mouth of the Wolf,War,1988
282453,Make People Better,Documentary,2022
202449,A Brother's Love,Drama,2019
199394,Alad'2,Comedy,2018
6340,Only the Strong Survive - A Celebration of Soul,Documentary,2002
6340,Only the Strong Survive - A Celebration of Soul,Musical,2002
206700,Hex,Horror,2019
206700,Hex,Thriller,2019
1178,Paths of Glory,Drama,1957
1178,Paths of Glory,War,1957
1134,Johnny 100 Pesos (Johnny cien pesos),Action,1993
1134,Johnny 100 Pesos (Johnny cien pesos),Drama,1993
151757,Fly Me,Action,1973
151757,Fly Me,Drama,1973
191435,Aimless Bullet,Drama,1961
95567,People Like Us,Drama,2012
129779,Ghost in the Shell Arise - Border 1: Ghost Pain,Action,2013
129779,Ghost in the Shell Arise - Border 1: Ghost Pain,Animation,2013
129779,Ghost in the Shell Arise - Border 1: Ghost Pain,Sci-Fi,2013
120899,Wolf! Wolf!,Comedy,1992
60336,Bad Blood (Mauvais sang),Crime,1986
60336,Bad Blood (Mauvais sang),Drama,1986
60336,Bad Blood (Mauvais sang),Romance,1986
110629,All American Chump,Comedy,1936
176617,Zakoldovannyy Malchik,Animation,1955
176617,Zakoldovannyy Malchik,Fantasy,1955
208265,Rolli and the Golden Key,Adventure,2013
136846,The Phantom Planet,Sci-Fi,1961
178911,A Dream Walking,Animation,1934
178911,A Dream Walking,Comedy,1934
178351,The Path of Hope,Drama,1950
167958,Hitler's Olympics,Documentary,NA
141181,Cheyenne,Western,1947
83446,Orchestra Wives,Musical,1942
126160,The Last Diamond,Drama,2014
170689,The Kids Are Alright,Documentary,1979
276641,Three from the Gasoline Station,Comedy,1955
276641,Three from the Gasoline Station,Romance,1955
199594,Los Silencios,Drama,2019
138304,Come Dio comanda,Drama,2008
159177,King Jack,Adventure,2015
187661,Daddy,Crime,2017
187661,Daddy,Drama,2017
189937,Stuff,Drama,2015
189937,Stuff,Romance,2015
3323,Chain of Fools,Comedy,2000
3323,Chain of Fools,Crime,2000
223348,The Legend of the Stardust Brothers,Comedy,1985
223348,The Legend of the Stardust Brothers,Fantasy,1985
223348,The Legend of the Stardust Brothers,Romance,1985
223348,The Legend of the Stardust Brothers,Sci-Fi,1985
133049,Wartime,Adventure,1986
133049,Wartime,War,1986
129344,Hysteria: The Def Leppard Story,Drama,2001
4592,"Experts, The",Comedy,1989
55205,Interview,Drama,2007
4853,Brannigan,Action,1975
1476,Private Parts,Comedy,1997
1476,Private Parts,Drama,1997
129784,Xuxa in Crystal Moon,Children,1990
129784,Xuxa in Crystal Moon,Comedy,1990
129784,Xuxa in Crystal Moon,Romance,1990
271076,Afghan Muscles,Documentary,2006
208647,Deadcon,Horror,2019
53024,Jonestown: The Life and Death of Peoples Temple,Documentary,2006
131882,Just The Way You Are,Comedy,1984
131882,Just The Way You Are,Romance,1984
159311,Someone to Run With,Adventure,2006
159311,Someone to Run With,Drama,2006
179725,Princess,Children,2008
179725,Princess,Fantasy,2008
107262,Zatoichi and the Doomed Man (Zatôichi sakate giri) (Zatôichi 11),Action,1965
107262,Zatoichi and the Doomed Man (Zatôichi sakate giri) (Zatôichi 11),Drama,1965
249328,Follow Me,Documentary,2017
165219,Max Steel,Action,2016
165219,Max Steel,Adventure,2016
165219,Max Steel,Sci-Fi,2016
26834,Philadelphia Experiment II,Action,1993
26834,Philadelphia Experiment II,Adventure,1993
26834,Philadelphia Experiment II,Sci-Fi,1993
276901,My Name Is Andrea,Documentary,2022
88015,Elvis,Drama,1979
113214,1,Documentary,2013
131856,Outing Riley,Comedy,2004
212056,Life in Denmark,Documentary,1972
2899,Gulliver's Travels,Adventure,1939
2899,Gulliver's Travels,Animation,1939
2899,Gulliver's Travels,Children,1939
130748,Ghosts Can't Do It,Action,1989
130748,Ghosts Can't Do It,Comedy,1989
130748,Ghosts Can't Do It,Fantasy,1989
130748,Ghosts Can't Do It,Romance,1989
130748,Ghosts Can't Do It,Sci-Fi,1989
190263,The Redemption of the Devil,Documentary,2015
178611,1 Journée,Drama,2007
281942,Salt in My Soul,Documentary,2022
210273,Section 375,Crime,2019
210273,Section 375,Drama,2019
210273,Section 375,Thriller,2019
101590,"Beautiful Life, A",Drama,2008
221564,Unbreakable Kimmy Schmidt: Kimmy vs. the Reverend,Comedy,2020
77364,"Losers, The",Action,2010
77364,"Losers, The",Adventure,2010
77364,"Losers, The",Drama,2010
77364,"Losers, The",Mystery,2010
77364,"Losers, The",Thriller,2010
90697,Doc,Western,1971
182045,Dog Watch,Animation,1945
38159,"Short Film About Love, A (Krótki film o milosci)",Drama,1988
38159,"Short Film About Love, A (Krótki film o milosci)",Romance,1988
234869,The Return of the Native,Drama,1994
234869,The Return of the Native,Romance,1994
116345,Dakota's Summer,Children,2014
217079,Patton Oswalt: I Love Everything,Comedy,2020
228229,Kamen Rider OOO Wonderful: The Shogun and the 21 Core Medals,Action,2011
228229,Kamen Rider OOO Wonderful: The Shogun and the 21 Core Medals,Adventure,2011
228229,Kamen Rider OOO Wonderful: The Shogun and the 21 Core Medals,Sci-Fi,2011
178967,"The Lion, the Witch and the Wardrobe",Animation,1979
178967,"The Lion, the Witch and the Wardrobe",Children,1979
212359,37 Seconds,Drama,2019
4560,Watchers,Horror,1988
4560,Watchers,Sci-Fi,1988
116307,You're Not You,Drama,2014
31364,Memories of Murder (Salinui chueok),Crime,2003
31364,Memories of Murder (Salinui chueok),Drama,2003
31364,Memories of Murder (Salinui chueok),Mystery,2003
31364,Memories of Murder (Salinui chueok),Thriller,2003
154009,Ora o mai più,Comedy,2003
266526,A Clüsterfünke Christmas,Comedy,2021
3785,Scary Movie,Comedy,2000
3785,Scary Movie,Horror,2000
56331,As Far As My Feet Will Carry Me (So weit die Füße tragen),Drama,2001
56331,As Far As My Feet Will Carry Me (So weit die Füße tragen),War,2001
77344,Chizuko's Younger Sister (Futari),Drama,1991
285133,Swingers,Comedy,2022
285133,Swingers,Romance,2022
58783,Youth Without Youth,Drama,2007
58783,Youth Without Youth,Romance,2007
58783,Youth Without Youth,Sci-Fi,2007
258059,Saravanan Irukka Bayamaen,Comedy,2017
258059,Saravanan Irukka Bayamaen,Romance,2017
137871,Counterpoint,Action,1967
137871,Counterpoint,Adventure,1967
137871,Counterpoint,War,1967
118332,Exit Humanity,Drama,2011
118332,Exit Humanity,Horror,2011
143506,Sword Art Online Extra Edition,Action,2013
143506,Sword Art Online Extra Edition,Adventure,2013
143506,Sword Art Online Extra Edition,Animation,2013
143506,Sword Art Online Extra Edition,Drama,2013
143506,Sword Art Online Extra Edition,Fantasy,2013
94729,Beyond All Boundaries,Documentary,2009
94729,Beyond All Boundaries,War,2009
131765,O Que Há De Novo No Amor?,Drama,2012
131765,O Que Há De Novo No Amor?,Romance,2012
142999,Hidden,Horror,2015
142999,Hidden,Thriller,2015
165619,Happy Anniversary,Comedy,1959
254318,Friendship's Death,Drama,1987
254318,Friendship's Death,Sci-Fi,1987
137228,Stand Clear of the Closing Doors,Drama,2014
236987,An Optimistic Tragedy,Drama,1963
236987,An Optimistic Tragedy,War,1963
78245,Romeo and Juliet,Drama,1936
78245,Romeo and Juliet,Romance,1936
214794,Midnight Family,Documentary,2019
199099,I Feel Good,Comedy,2018
199099,I Feel Good,Drama,2018
213754,8 Best Dates,Comedy,2016
213754,8 Best Dates,Romance,2016
2392,Jack Frost,Children,1998
2392,Jack Frost,Comedy,1998
2392,Jack Frost,Drama,1998
181873,Two Weeks Vacation,Animation,1952
4694,Left Luggage,Drama,1998
119659,A Nest of Gentry,Romance,1969
3740,Big Trouble in Little China,Action,1986
3740,Big Trouble in Little China,Adventure,1986
3740,Big Trouble in Little China,Comedy,1986
3740,Big Trouble in Little China,Fantasy,1986
190385,The Ninth Circle,Drama,1960
270170,Fixing Up Christmas,Children,2021
270170,Fixing Up Christmas,Comedy,2021
270170,Fixing Up Christmas,Romance,2021
195497,Vice,Comedy,2018
195497,Vice,Drama,2018
26566,"Best of Times, The",Comedy,1986
26566,"Best of Times, The",Drama,1986
167184,I Am Here....Now,Fantasy,2009
167184,I Am Here....Now,Sci-Fi,2009
167184,I Am Here....Now,Thriller,2009
264037,The White Fortress,Drama,2021
6472,Eat a Bowl of Tea,Romance,1989
217405,Aerials,Drama,2016
217405,Aerials,Sci-Fi,2016
217405,Aerials,Thriller,2016
138388,Crazy Me,Comedy,2013
138788,Fear Lives Here,Horror,2013
138788,Fear Lives Here,Thriller,2013
110235,Our Paradise (Notre paradis),Crime,2011
110235,Our Paradise (Notre paradis),Drama,2011
224228,Love Come Down,Drama,2000
224228,Love Come Down,Romance,2000
287497,Hey... Stop Stabbing Me!,Comedy,2003
287497,Hey... Stop Stabbing Me!,Horror,2003
151181,About Face,Comedy,1942
93408,Behind the Screen,Comedy,1916
93408,Behind the Screen,Romance,1916
113793,Reel Bad Arabs: How Hollywood Vilifies a People,Documentary,2006
117372,V/H/S: Viral,Horror,2014
117372,V/H/S: Viral,Thriller,2014
289731,Aita,Drama,2023
270104,The Gig Is Up,Documentary,2021
245336,The Hill and the Hole,Fantasy,2020
245336,The Hill and the Hole,Horror,2020
245336,The Hill and the Hole,Sci-Fi,2020
140992,Deck the Halls,Drama,2011
140992,Deck the Halls,Mystery,2011
176929,Happy Death Day,Horror,2017
176929,Happy Death Day,Mystery,2017
176929,Happy Death Day,Thriller,2017
45648,Game 6,Comedy,2005
45648,Game 6,Drama,2005
137307,Antarctic Journal,Horror,2005
137307,Antarctic Journal,Mystery,2005
137307,Antarctic Journal,Thriller,2005
188879,Welcome the Stranger,Drama,2018
188879,Welcome the Stranger,Mystery,2018
188879,Welcome the Stranger,Sci-Fi,2018
188879,Welcome the Stranger,Thriller,2018
119898,Class of '61,Action,1993
119898,Class of '61,Adventure,1993
119898,Class of '61,Drama,1993
122248,Tarzan and the Huntress,Action,1947
122248,Tarzan and the Huntress,Adventure,1947
122248,Tarzan and the Huntress,Romance,1947
152609,Scrambled Beer,Comedy,2007
91253,Stage Struck,Comedy,1936
91253,Stage Struck,Musical,1936
228191,From the Vine,Drama,2019
186965,An Obsession,Drama,1997
137144,1000 To 1,Drama,1000
196075,Nargess,Drama,1992
142100,Parasite Dolls,Action,2003
142100,Parasite Dolls,Animation,2003
142100,Parasite Dolls,Sci-Fi,2003
142100,Parasite Dolls,Thriller,2003
189171,They Still Call Me Bruce,Comedy,1987
281852,Giuseppe in Warsaw,Comedy,1964
281852,Giuseppe in Warsaw,Romance,1964
281852,Giuseppe in Warsaw,War,1964
186863,Beirut,Action,2018
186863,Beirut,Thriller,2018
252400,Cautionary Tales,Comedy,2016
252400,Cautionary Tales,Drama,2016
177479,The Saint Strikes Back,Crime,1939
177479,The Saint Strikes Back,Drama,1939
177479,The Saint Strikes Back,Mystery,1939
177479,The Saint Strikes Back,Romance,1939
199560,Bajo la rosa,Crime,2017
199560,Bajo la rosa,Drama,2017
199560,Bajo la rosa,Mystery,2017
199560,Bajo la rosa,Thriller,2017
153038,Avetik,Drama,1992
130066,Camille Rewinds,Comedy,2012
130066,Camille Rewinds,Romance,2012
36511,Undiscovered,Comedy,2005
36511,Undiscovered,Drama,2005
36511,Undiscovered,Romance,2005
121687,Hullabaloo,Comedy,1940
121687,Hullabaloo,Musical,1940
121687,Hullabaloo,Romance,1940
110759,Bright Leaf,Drama,1950
110759,Bright Leaf,Romance,1950
647,Courage Under Fire,Action,1996
647,Courage Under Fire,Crime,1996
647,Courage Under Fire,Drama,1996
647,Courage Under Fire,War,1996
182599,Witchcraft VII: Judgement Hour,Horror,1995
43244,Roads to Koktebel (Koktebel),Drama,2003
43244,Roads to Koktebel (Koktebel),Romance,2003
5927,"Best Little Whorehouse in Texas, The",Comedy,1982
5927,"Best Little Whorehouse in Texas, The",Drama,1982
5927,"Best Little Whorehouse in Texas, The",Musical,1982
5927,"Best Little Whorehouse in Texas, The",Romance,1982
291318,The Legend of Till,Adventure,1977
101296,I'm So Excited (Los amantes pasajeros),Comedy,2013
157937,A Strange Affair,Drama,1981
223534,Tranny Fag,Documentary,2019
26162,Gappa: The Triphibian Monsters (AKA Monster from a Prehistoric Planet) (Daikyojû Gappa),Sci-Fi,1967
282815,Cocky – The Running Doctor,Comedy,1998
282815,Cocky – The Running Doctor,Drama,1998
282815,Cocky – The Running Doctor,Horror,1998
282815,Cocky – The Running Doctor,Sci-Fi,1998
191375,Ichthys,Animation,2005
101708,009 Re: Cyborg,Action,2012
101708,009 Re: Cyborg,Animation,2012
101708,009 Re: Cyborg,Sci-Fi,2012
189,Reckless,Comedy,1995
189,Reckless,Fantasy,1995
180257,Evil Bong II: King Bong,Comedy,2009
180257,Evil Bong II: King Bong,Horror,2009
200482,Mr. Gaga,Documentary,2015
196785,Lasso,Horror,2018
196785,Lasso,Thriller,2018
116991,"Yes Men Are Revolting, The",Documentary,2014
282041,"The Boy, the Mole, the Fox and the Horse",Animation,2022
282041,"The Boy, the Mole, the Fox and the Horse",Children,2022
282041,"The Boy, the Mole, the Fox and the Horse",Drama,2022
285009,Zoe,Horror,NA
278734,The Longest Voyage,Animation,2020
278734,The Longest Voyage,Documentary,2020
125499,The Trap,Crime,1946
125499,The Trap,Mystery,1946
125499,The Trap,Thriller,1946
162872,Tomcat,Drama,2016
276937,So Damn Easy Going,Drama,2022
229153,8ight After,Horror,2020
36535,Everything Is Illuminated,Comedy,2005
36535,Everything Is Illuminated,Drama,2005
239044,Bar Mitzvah Boy,Comedy,1976
239044,Bar Mitzvah Boy,Drama,1976
218187,The Michaels,Comedy,2014
218187,The Michaels,Romance,2014
201120,Frostbiter: Wrath of the Wendigo,Horror,1995
179521,Free Willy: Escape From Pirate's Cove,Action,2010
179521,Free Willy: Escape From Pirate's Cove,Adventure,2010
179521,Free Willy: Escape From Pirate's Cove,Children,2010
179521,Free Willy: Escape From Pirate's Cove,Drama,2010
160414,Mais Uma Vez Amor,Comedy,2005
160414,Mais Uma Vez Amor,Romance,2005
190167,Winter Vacation,Drama,2010
274243,Gierek,Drama,2022
291258,Spring Fever,Comedy,1919
168830,Night Chase,Mystery,1970
26756,Strangers in Good Company,Drama,1990
208527,The Dead One,Horror,2007
208527,The Dead One,Romance,2007
208527,The Dead One,Thriller,2007
154975,Merci Patron !,Comedy,2016
154975,Merci Patron !,Documentary,2016
104778,King of Texas,Drama,2002
104778,King of Texas,Western,2002
130380,Absolute Aggression,Action,2004
130380,Absolute Aggression,Sci-Fi,2004
130380,Absolute Aggression,Thriller,2004
185313,Я худею,Children,2018
185313,Я худею,Comedy,2018
131292,"Private Vices, Public Virtues",Drama,1976
131292,"Private Vices, Public Virtues",War,1976
286875,Yudo: The Way of the Bath,Drama,2023
143355,Wonder Woman,Action,2017
143355,Wonder Woman,Adventure,2017
143355,Wonder Woman,Fantasy,2017
256231,Feast of Death,Crime,2001
256231,Feast of Death,Documentary,2001
287469,Steve McQueen: Man on the Edge,Documentary,1990
146620,For Love One Dies,Drama,1972
146620,For Love One Dies,Romance,1972
162314,Road to Kabul,Action,2012
162314,Road to Kabul,Comedy,2012
278210,Zoey's Extraordinary Christmas,Comedy,2021
278210,Zoey's Extraordinary Christmas,Drama,2021
286233,Condemned,Action,1929
286233,Condemned,Drama,1929
286233,Condemned,Thriller,1929
164723,Murder She Baked: A Deadly Recipe,Mystery,2016
51686,Three Smart Girls,Comedy,1936
51686,Three Smart Girls,Musical,1936
51686,Three Smart Girls,Romance,1936
195025,Lemming's First Case,Comedy,2009
195025,Lemming's First Case,Crime,2009
136487,Sexaholix... A Love Story,Comedy,2002
259791,The Revolution Generation,Documentary,2021
191329,A Mile in His Shoes,Children,2011
191329,A Mile in His Shoes,Drama,2011
163571,Landmine Goes Click,Action,2015
163571,Landmine Goes Click,Crime,2015
163571,Landmine Goes Click,Drama,2015
163571,Landmine Goes Click,Thriller,2015
161998,Mr. Blue Sky: The Story of Jeff Lynne and ELO,Documentary,2012
80350,Vampires Suck,Comedy,2010
91054,Batman,Action,1943
91054,Batman,Adventure,1943
91054,Batman,Crime,1943
91054,Batman,Sci-Fi,1943
91054,Batman,Thriller,1943
209971,The Courier,Action,2019
209971,The Courier,Drama,2019
209971,The Courier,Thriller,2019
268358,El club del paro,Comedy,2021
232601,Playhouse,Horror,2021
232601,Playhouse,Thriller,2021
175465,The Blonde with Bare Breasts,Comedy,2010
175465,The Blonde with Bare Breasts,Drama,2010
165741,A Ghost in Monte Carlo,Romance,1990
214662,A Certain Magical Index: The Miracle of Endymion,Action,2013
214662,A Certain Magical Index: The Miracle of Endymion,Animation,2013
214662,A Certain Magical Index: The Miracle of Endymion,Comedy,2013
214662,A Certain Magical Index: The Miracle of Endymion,Drama,2013
214662,A Certain Magical Index: The Miracle of Endymion,Fantasy,2013
214662,A Certain Magical Index: The Miracle of Endymion,Sci-Fi,2013
265200,Insomnium,Horror,2017
265200,Insomnium,Mystery,2017
265200,Insomnium,Thriller,2017
248708,Where is 042?,Action,1970
248708,Where is 042?,Drama,1970
248708,Where is 042?,War,1970
71102,"Three Musketeers, The",Action,1933
71102,"Three Musketeers, The",Adventure,1933
71102,"Three Musketeers, The",Thriller,1933
128534,Naan Kadavul,Action,2009
128534,Naan Kadavul,Drama,2009
128534,Naan Kadavul,Mystery,2009
181569,High Desert Kill,Action,1989
181569,High Desert Kill,Drama,1989
181569,High Desert Kill,Horror,1989
181569,High Desert Kill,Sci-Fi,1989
3659,Quatermass 2 (Enemy from Space),Sci-Fi,1957
3659,Quatermass 2 (Enemy from Space),Thriller,1957
142857,1001 Grams,Drama,1001
157733,Inside Detroit,Action,1956
157733,Inside Detroit,Crime,1956
165371,Broadway Bad,Drama,1933
245672,The Fisherman's Diary,Drama,2020
276291,Bicentenario,Documentary,2020
166187,Faro,Drama,2013
166187,Faro,Thriller,2013
151885,Pioneer Woman,Western,1973
149683,H3 - Halloween Horror Hostel,Comedy,2008
150260,More Than Blue,Drama,2009
150260,More Than Blue,Romance,2009
165553,Come And Find Me,Drama,2016
240962,The Magnitude of All Things,Documentary,2020
149486,A Perfect Christmas List,Children,2014
149486,A Perfect Christmas List,Comedy,2014
149486,A Perfect Christmas List,Drama,2014
282885,The Woman with the Knife,Drama,1969
140216,Removal,Thriller,2010
114676,Protector (Protektor),Drama,2009
239174,Once Upon a River,Drama,2019
46525,Spite Marriage,Comedy,1929
215495,Magic Cop,Action,1990
215495,Magic Cop,Horror,1990
157518,Mondo Freudo,Documentary,1966
175583,Blockbuster,Comedy,2017
175583,Blockbuster,Crime,2017
276201,Fire Music,Documentary,2018
280778,Chercher le garçon,Comedy,2012
280778,Chercher le garçon,Romance,2012
6460,"Trial, The (Procès, Le)",Drama,1962
74827,Ajami,Crime,2009
74827,Ajami,Drama,2009
211776,Tom Thumb,Children,1957
211776,Tom Thumb,Fantasy,1957
7201,Crime Spree,Comedy,2003
7201,Crime Spree,Crime,2003
903,Vertigo,Drama,1958
903,Vertigo,Mystery,1958
903,Vertigo,Romance,1958
903,Vertigo,Thriller,1958
92471,Cass Timberlane,Drama,1947
92471,Cass Timberlane,Romance,1947
168360,Victory at Entebbe,Action,1976
168360,Victory at Entebbe,Drama,1976
278522,"Still Raining, Still Dreaming",Documentary,2009
85616,Games,Thriller,1967
212591,Detective Chinatown 3,Action,2020
212591,Detective Chinatown 3,Comedy,2020
212591,Detective Chinatown 3,Mystery,2020
164685,Sometimes Aunt Martha Does Dreadful Things,Horror,1971
89018,Miranda,Comedy,1948
89018,Miranda,Fantasy,1948
89018,Miranda,Romance,1948
186953,Hearts Beat Loud,Drama,2018
6568,Camp,Comedy,2003
6568,Camp,Musical,2003
149458,4th Period Mystery,Horror,2009
216965,Johnny Carson: King of Late Night,Documentary,2012
127592,Naked Angels,Drama,1969
127592,Naked Angels,Thriller,1969
27793,Starship Troopers 2: Hero of the Federation,Action,2004
27793,Starship Troopers 2: Hero of the Federation,Horror,2004
27793,Starship Troopers 2: Hero of the Federation,Sci-Fi,2004
27793,Starship Troopers 2: Hero of the Federation,War,2004
219416,Don't,Comedy,2007
219416,Don't,Horror,2007
68858,Vincere,Drama,2009
68858,Vincere,Romance,2009
164131,Tee for Two,Animation,1945
191297,Bruce Lee - The Fighter,Action,2015
191297,Bruce Lee - The Fighter,Drama,2015
191297,Bruce Lee - The Fighter,Romance,2015
139553,Always,Drama,2011
204444,Kharms,Drama,2017
280890,Slumberland,Adventure,2022
280890,Slumberland,Children,2022
280890,Slumberland,Fantasy,2022
259949,Affirmations,Documentary,1990
174431,Jawbone,Action,2017
174431,Jawbone,Drama,2017
154039,God in Heaven... Arizona on Earth,Western,1972
165483,Joe Rogan: Triggered,Comedy,2016
235805,"It's Trad, Dad!",Comedy,1962
235805,"It's Trad, Dad!",Romance,1962
208957,Extracurricular,Horror,2018
208957,Extracurricular,Thriller,2018
276547,Surrender,Drama,2014
107658,Mio in the Land of Faraway (Mio min Mio),Adventure,1987
107658,Mio in the Land of Faraway (Mio min Mio),Children,1987
107658,Mio in the Land of Faraway (Mio min Mio),Drama,1987
107658,Mio in the Land of Faraway (Mio min Mio),Fantasy,1987
107658,Mio in the Land of Faraway (Mio min Mio),Mystery,1987
199059,Music and Apocalypse,Comedy,2019
25914,"Ivan the Terrible, Part One (Ivan Groznyy I)",Drama,1944
152276,Chic!,Comedy,2015
227536,The Matrix Reloaded Revisited,Documentary,2004
155956,Vacation,Drama,2008
101835,According to Spencer,Comedy,2001
101835,According to Spencer,Drama,2001
101835,According to Spencer,Romance,2001
4475,"Beast of War, The (Beast, The)",Drama,1988
4475,"Beast of War, The (Beast, The)",War,1988
210311,Naked Weekend,Comedy,1974
182423,"Zorro, the Avenger",Adventure,1959
182423,"Zorro, the Avenger",Western,1959
150016,Brasserie Romance,Comedy,2012
150016,Brasserie Romance,Drama,2012
214154,A Window to Rosália,Drama,2017
277280,Easter Sunday,Comedy,2022
225918,Jiu Jitsu,Action,2020
225918,Jiu Jitsu,Sci-Fi,2020
145146,K-9: P.I.,Action,2002
145146,K-9: P.I.,Adventure,2002
145146,K-9: P.I.,Comedy,2002
145146,K-9: P.I.,Crime,2002
5133,Maryam,Drama,2000
77719,Voyager (Homo Faber),Drama,1991
1179,"Grifters, The",Crime,1990
1179,"Grifters, The",Drama,1990
1179,"Grifters, The",Film-Noir,1990
228245,The 100th Love with You,Drama,2017
228245,The 100th Love with You,Romance,2017
72947,Make the Yuletide Gay,Comedy,2009
72947,Make the Yuletide Gay,Romance,2009
7,Sabrina,Comedy,1995
7,Sabrina,Romance,1995
286425,Naufragio,Drama,1978
78247,"Drawn Together Movie: The Movie!, The",Animation,2010
78247,"Drawn Together Movie: The Movie!, The",Comedy,2010
5164,"Troll in Central Park, A",Animation,1994
5164,"Troll in Central Park, A",Children,1994
117462,The Last Shark,Adventure,1981
117462,The Last Shark,Horror,1981
117462,The Last Shark,Thriller,1981
255507,Warriors of Terra,Horror,2006
255507,Warriors of Terra,Sci-Fi,2006
246416,"Our Neighbor, Miss Yae",Drama,1934
191925,The Comb,Animation,1991
101812,"Mountain, The",Adventure,1956
101812,"Mountain, The",Drama,1956
161149,"Jia Zhangke, A Guy from Fenyang",Documentary,2014
165945,The Last Ronin,Drama,2010
105571,Attila (Attila the Hun),Drama,1954
172477,Life Cycles,Documentary,2010
149624,Soap Opera,Comedy,2014
82909,Take the High Ground!,Comedy,1953
82909,Take the High Ground!,Drama,1953
82909,Take the High Ground!,War,1953
124160,Whoever Slew Auntie Roo?,Horror,1971
124160,Whoever Slew Auntie Roo?,Thriller,1971
204618,L'Enfant Secret,Drama,1979
159447,Before I Wake,Horror,2016
159447,Before I Wake,Thriller,2016
214072,A.K.A. Serial Killer,Crime,1969
214072,A.K.A. Serial Killer,Documentary,1969
214072,A.K.A. Serial Killer,Drama,1969
7309,"Black Pirate, The",Action,1926
7309,"Black Pirate, The",Adventure,1926
38086,Wishing Stairs (Yeogo goedam 3: Yeowoo gyedan),Drama,2003
38086,Wishing Stairs (Yeogo goedam 3: Yeowoo gyedan),Horror,2003
228251,Bottom Live 2003: Weapons Grade Y-Fronts Tour,Comedy,2003
212835,Six Million Steps: A Journey Inward,Documentary,2011
57044,Two Sons of Francisco (2 Filhos de Francisco - A História de Zezé di Camargo & Luciano),Drama,2005
237636,The Big Fat Lie,Documentary,2018
277708,Nothing Lasts Forever,Documentary,2022
134310,The Wind of Change,Drama,1961
77707,"When I Grow Up, I'll Be a Kangaroo (Kad porastem bicu Kengur)",Comedy,2004
92836,Knuckle,Documentary,2011
251224,Blue Miracle,Adventure,2021
251224,Blue Miracle,Children,2021
251224,Blue Miracle,Drama,2021
42761,Casper Meets Wendy,Adventure,1998
42761,Casper Meets Wendy,Children,1998
42761,Casper Meets Wendy,Comedy,1998
42761,Casper Meets Wendy,Fantasy,1998
156154,The Rescue,Action,1971
215477,Color Me You,Children,2017
215477,Color Me You,Drama,2017
215477,Color Me You,Romance,2017
26074,Paris Blues,Drama,1961
26074,Paris Blues,Romance,1961
190019,Hill 24 Doesn't Answer,Drama,1955
190019,Hill 24 Doesn't Answer,Romance,1955
190019,Hill 24 Doesn't Answer,War,1955
275761,Diorama,Comedy,2022
275761,Diorama,Drama,2022
137445,The Riverman,Crime,2004
137445,The Riverman,Drama,2004
137445,The Riverman,Thriller,2004
239262,Passing,Drama,2021
239262,Passing,Thriller,2021
3451,Guess Who's Coming to Dinner,Drama,1967
169538,Nick Di Paolo: Another Senseless Killing,Comedy,2015
45028,"Prairie Home Companion, A",Comedy,2006
45028,"Prairie Home Companion, A",Drama,2006
45028,"Prairie Home Companion, A",Musical,2006
149248,O.S.S.,Drama,1946
149248,O.S.S.,War,1946
135925,The Royal Tailor,Drama,2014
89268,Escape,Drama,1940
74436,Body Bags,Comedy,1993
74436,Body Bags,Horror,1993
74436,Body Bags,Sci-Fi,1993
74436,Body Bags,Thriller,1993
179291,The Land of Hope,Drama,2012
241952,Amor urgente,Comedy,2018
107215,Midnight Clear,Drama,2006
82463,Another Year,Drama,2010
196809,Strobe Edge,Drama,2015
196809,Strobe Edge,Romance,2015
7274,Let's Do It Again,Comedy,1975
236995,"Summer Of Soul (…Or, When The Revolution Could Not Be Televised)",Documentary,2021
261543,North Korea: A Day in the Life,Documentary,2004
255277,The Boy Behind the Door,Horror,2021
166635,Passengers,Adventure,2016
166635,Passengers,Drama,2016
166635,Passengers,Romance,2016
166635,Passengers,Sci-Fi,2016
140198,Chameleon Street,Comedy,1989
103863,Holidays by the Sea (Ni à vendre ni à louer),Comedy,2011
60037,"Happening, The",Drama,2008
60037,"Happening, The",Sci-Fi,2008
60037,"Happening, The",Thriller,2008
262859,The Newspaperman: The Life and Times of Ben Bradlee,Documentary,2017
164485,Payroll,Crime,1961
164485,Payroll,Drama,1961
218799,Call Boy,Drama,2018
139443,Alucard,Drama,2008
139443,Alucard,Horror,2008
236803,Parallel Lives,Drama,1994
164159,Default,Mystery,2014
139217,Misbegotten,Thriller,1998
261185,Outrage at Valdez,Documentary,1990
116861,The Gilded Cage,Comedy,2013
220154,L7,Thriller,2016
252,I.Q.,Comedy,1994
252,I.Q.,Romance,1994
2491,Simply Irresistible,Comedy,1999
2491,Simply Irresistible,Romance,1999
328,Tales from the Crypt Presents: Demon Knight,Horror,1995
328,Tales from the Crypt Presents: Demon Knight,Thriller,1995
281,Nobody's Fool,Comedy,1994
281,Nobody's Fool,Drama,1994
281,Nobody's Fool,Romance,1994
160110,Multiple Maniacs,Comedy,1970
160110,Multiple Maniacs,Crime,1970
160110,Multiple Maniacs,Horror,1970
137549,"Cherry, Harry & Raquel!",Crime,1970
137549,"Cherry, Harry & Raquel!",Drama,1970
137549,"Cherry, Harry & Raquel!",Thriller,1970
180525,Deep in My Heart,Comedy,1954
180525,Deep in My Heart,Drama,1954
280730,Zé do Periquito,Comedy,1960
59141,Son of Rambow,Children,2007
59141,Son of Rambow,Comedy,2007
59141,Son of Rambow,Drama,2007
238108,A Feeling of Home,Comedy,2019
238108,A Feeling of Home,Romance,2019
61406,John Adams,Drama,2008
215475,Love Is Not Blind,Comedy,2011
215475,Love Is Not Blind,Drama,2011
215475,Love Is Not Blind,Romance,2011
128922,Heckler,Comedy,2007
128922,Heckler,Documentary,2007
243086,Kalebegiak,Comedy,2016
243086,Kalebegiak,Drama,2016
211125,Kakekomi,Comedy,2015
142446,On Broadway,Drama,2007
34292,Hardware,Action,1990
34292,Hardware,Horror,1990
34292,Hardware,Sci-Fi,1990
127877,Kawa,Drama,2010
181993,Trombone Trouble,Animation,1944
230155,Eddie Murphy: One Night Only,Comedy,2012
92094,Einstein and Eddington,Drama,2008
99986,Marina Abramovic: The Artist Is Present,Documentary,2012
7900,Frankenstein Must Be Destroyed,Drama,1969
7900,Frankenstein Must Be Destroyed,Horror,1969
7900,Frankenstein Must Be Destroyed,Sci-Fi,1969
165365,Bang Bang Baby,Drama,2014
165365,Bang Bang Baby,Sci-Fi,2014
134687,Don't Tell the Wife,Comedy,1937
274195,Jurassic World Dominion,Action,2022
274195,Jurassic World Dominion,Adventure,2022
274195,Jurassic World Dominion,Sci-Fi,2022
274195,Jurassic World Dominion,Thriller,2022
235059,Gabe the Cupid Dog,Children,2012
235059,Gabe the Cupid Dog,Comedy,2012
158896,Love's Complicated,Comedy,2016
158896,Love's Complicated,Drama,2016
158896,Love's Complicated,Romance,2016
258077,Velainu Vandhutta Vellaikaaran,Comedy,2016
258077,Velainu Vandhutta Vellaikaaran,Drama,2016
258077,Velainu Vandhutta Vellaikaaran,Romance,2016
245736,Konga TNT,Comedy,2020
245736,Konga TNT,Horror,2020
245736,Konga TNT,Sci-Fi,2020
129346,"Package, The",Action,2012
2701,Wild Wild West,Action,1999
2701,Wild Wild West,Comedy,1999
2701,Wild Wild West,Sci-Fi,1999
2701,Wild Wild West,Western,1999
252288,Aquarium of the Dead,Horror,2021
120396,Frayed,Horror,2007
120396,Frayed,Thriller,2007
132924,Emanuelle and the Last Cannibals,Adventure,1977
132924,Emanuelle and the Last Cannibals,Horror,1977
44427,Inspector Clouseau,Comedy,1968
44427,Inspector Clouseau,Crime,1968
44427,Inspector Clouseau,Mystery,1968
161774,Enormous Changes at the Last Minute,Drama,1983
105906,Watermarks,Documentary,2004
202363,Kevin Hart: Irresponsible,Comedy,2019
182827,Tender Loving Care,Drama,1974
263869,Surviving the Mount St. Helens Disaster,Documentary,2020
154446,The Pirates of Tortuga: Under the Black Flag,Adventure,2001
154446,The Pirates of Tortuga: Under the Black Flag,Animation,2001
154446,The Pirates of Tortuga: Under the Black Flag,Children,2001
154446,The Pirates of Tortuga: Under the Black Flag,Comedy,2001
154446,The Pirates of Tortuga: Under the Black Flag,Sci-Fi,2001
195607,Boiler Maker,Drama,2008
277114,The Aggressives,Documentary,2005
133343,The Workshop,Documentary,2007
198793,Jo's Boy,Comedy,2011
198793,Jo's Boy,Drama,2011
263481,Finch,Adventure,2021
263481,Finch,Drama,2021
263481,Finch,Sci-Fi,2021
148701,The Girl in the Book,Drama,2015
277768,Medusa,Fantasy,2022
277768,Medusa,Horror,2022
192067,Something Something... Unakkum Enakkum,Action,2006
192067,Something Something... Unakkum Enakkum,Drama,2006
192067,Something Something... Unakkum Enakkum,Romance,2006
187057,The Time of Their Lives,Comedy,2017
144678,No Place on Earth,Documentary,2012
144678,No Place on Earth,War,2012
199444,Psychic Wars,Animation,1991
144584,Murderer,Crime,2009
144584,Murderer,Drama,2009
144584,Murderer,Mystery,2009
144584,Murderer,Thriller,2009
192023,Eat My Shit,Comedy,2015
192023,Eat My Shit,Drama,2015
198569,Seder-Masochism,Animation,2018
256287,Night Terror,Thriller,1977
154346,Boss,Action,2013
154346,Boss,Comedy,2013
154346,Boss,Drama,2013
206419,The Two Popes,Drama,2019
86463,"Silent Night, Deadly Night III: Better Watch Out!",Horror,1989
282877,Dalíland,Drama,2022
139701,Spirit Stalkers,Horror,2012
136347,Scooby-Doo Meets the Boo Brothers,Adventure,1987
136347,Scooby-Doo Meets the Boo Brothers,Animation,1987
136347,Scooby-Doo Meets the Boo Brothers,Children,1987
136347,Scooby-Doo Meets the Boo Brothers,Comedy,1987
128109,"Dr. Black, Mr. Hyde",Horror,1976
107361,Unbeatable (Ji zhan),Action,2013
107361,Unbeatable (Ji zhan),Drama,2013
282139,Χούλιγκανς: Κάτω τα χέρια απ' τα νιάτα!,Adventure,1983
282139,Χούλιγκανς: Κάτω τα χέρια απ' τα νιάτα!,Crime,1983
282139,Χούλιγκανς: Κάτω τα χέρια απ' τα νιάτα!,Drama,1983
85626,Beyond Enemy Lines (Framom främsta linjen),Drama,2004
85626,Beyond Enemy Lines (Framom främsta linjen),War,2004
58334,Hallam Foe (Mister Foe),Drama,2007
58334,Hallam Foe (Mister Foe),Romance,2007
156767,Ghosts Before Breakfast,Fantasy,1928
145004,When the Screaming Stops,Horror,1974
286903,Elemental,Animation,2023
286903,Elemental,Children,2023
286903,Elemental,Comedy,2023
286903,Elemental,Fantasy,2023
286903,Elemental,Romance,2023
42794,Buried Alive,Film-Noir,1990
42794,Buried Alive,Horror,1990
42794,Buried Alive,Thriller,1990
177319,No Way to Live,Crime,2016
177319,No Way to Live,Drama,2016
177319,No Way to Live,Thriller,2016
277276,South Park the Streaming Wars Part 2,Animation,2022
277276,South Park the Streaming Wars Part 2,Comedy,2022
161334,Tony Robbins: I Am Not Your Guru,Documentary,2016
217975,Air Conditioner,Drama,2020
197575,Thugs of Hindostan,Action,2018
197575,Thugs of Hindostan,Adventure,2018
83359,"Play House, The",Comedy,1921
93782,Paan Singh Tomar,Crime,2010
186459,Jack and Jill vs. the World,Comedy,2008
186459,Jack and Jill vs. the World,Romance,2008
155072,Take Me to the River,Drama,2016
81546,Vacation from Marriage,Drama,1945
81546,Vacation from Marriage,Romance,1945
132090,28 Minutes for 3 Million Dollars,Crime,1967
285929,In Your Interest,Comedy,2012
285929,In Your Interest,Crime,2012
276875,"Gulczas, what do you think...",Comedy,2001
276875,"Gulczas, what do you think...",Crime,2001
172421,Ghost,Children,2015
172421,Ghost,Comedy,2015
3325,"Next Best Thing, The",Comedy,2000
3325,"Next Best Thing, The",Drama,2000
244032,Antonio One Two Three,Comedy,2019
244032,Antonio One Two Three,Drama,2019
183189,Bendito Machine III: Obey his commands,Animation,2009
33998,Deceived,Thriller,1991
142699,Hazard Jack,Horror,2014
259743,Jake's Road,Action,2014
259743,Jake's Road,Horror,2014
259743,Jake's Road,Thriller,2014
116947,Stand Off,Comedy,2012
116947,Stand Off,Drama,2012
216639,Swansea Love Story,Documentary,2010
112650,Watercolors,Drama,2008
112650,Watercolors,Romance,2008
1308,I Shot a Man in Vegas,Comedy,1995
267674,Portrait of a Lazy Woman,Comedy,1986
267674,Portrait of a Lazy Woman,Documentary,1986
164513,Sneakerheadz,Documentary,2015
280840,The Turning Point,Drama,2021
238262,Michael Ian Black: Very Famous,Comedy,2011
180659,A Call to Remember,Drama,1997
226284,The Turn of the Screw,Drama,1999
226284,The Turn of the Screw,Horror,1999
226284,The Turn of the Screw,Thriller,1999
250562,"Hold the Lion, Please",Animation,1942
250562,"Hold the Lion, Please",Comedy,1942
217715,Dogora,Crime,1964
217715,Dogora,Sci-Fi,1964
173247,La familia,Drama,2017
283473,"Pamela, A Love Story",Documentary,2023
180017,Spyder,Action,2017
180017,Spyder,Thriller,2017
232181,The Water Magician,Crime,1933
232181,The Water Magician,Drama,1933
232181,The Water Magician,Romance,1933
2129,"Saltmen of Tibet, The (Salzmänner von Tibet, Die)",Documentary,1997
290882,Poppy,Children,2021
290882,Poppy,Drama,2021
124883,Riders to the Stars,Drama,1954
124883,Riders to the Stars,Sci-Fi,1954
189559,A Species Odyssey,Documentary,2003
278696,More Than Two Hours,Drama,2013
64497,"Day the Earth Stood Still, The",Drama,2008
64497,"Day the Earth Stood Still, The",Sci-Fi,2008
64497,"Day the Earth Stood Still, The",Thriller,2008
64497,"Day the Earth Stood Still, The",IMAX,2008
165477,Trancers V,Action,1994
165477,Trancers V,Sci-Fi,1994
165477,Trancers V,Thriller,1994
63840,Kanak Attack,Drama,2000
131318,Fort Bowie,Western,1958
178027,People That Are Not Me,Drama,2016
178027,People That Are Not Me,Romance,2016
207473,The Automatic Moving Company,Animation,1910
207473,The Automatic Moving Company,Comedy,1910
253916,The Green Sea,Drama,2021
253916,The Green Sea,Mystery,2021
258721,Kill Me If You Can,Drama,1977
92410,"Eleventh Year, The (Odinnadtsatyy)",Documentary,1928
173847,Stasis,Sci-Fi,2017
5960,Bad Influence,Drama,1990
5960,Bad Influence,Thriller,1990
93659,Verbo,Adventure,2011
93659,Verbo,Fantasy,2011
279958,Blade of the 47 Ronin,Action,2022
279958,Blade of the 47 Ronin,Fantasy,2022
195113,The Chocolate War,Drama,1988
214836,La Chana,Documentary,2016
174527,Chasing Trane: The John Coltrane Documentary,Documentary,2017
117893,Jessabelle,Horror,2014
117893,Jessabelle,Thriller,2014
4720,"Others, The",Drama,2001
4720,"Others, The",Horror,2001
4720,"Others, The",Mystery,2001
4720,"Others, The",Thriller,2001
135013,The Head Of The Family,Comedy,1967
128832,The Last Five Years,Comedy,2014
128832,The Last Five Years,Drama,2014
128832,The Last Five Years,Musical,2014
128832,The Last Five Years,Romance,2014
215759,The Extraordinary Tale of the Times Table,Comedy,2014
215759,The Extraordinary Tale of the Times Table,Drama,2014
212847,After Midnight,Drama,2020
212847,After Midnight,Horror,2020
212847,After Midnight,Romance,2020
194210,DC Super Hero Girls: Legends of Atlantis,Animation,2018
194210,DC Super Hero Girls: Legends of Atlantis,Children,2018
190743,Support the Girls,Drama,2018
171479,"Kidnapping, Caucasian Style",Adventure,2014
171479,"Kidnapping, Caucasian Style",Comedy,2014
171479,"Kidnapping, Caucasian Style",Romance,2014
269990,Zuhur's Daughters,Documentary,2021
232459,Funny Boy,Drama,2020
177871,Victoria & Abdul,Drama,2017
123379,Three Loves Has Nancy,Comedy,1938
123379,Three Loves Has Nancy,Romance,1938
149260,Mr. Peabody and the Mermaid,Comedy,1948
149260,Mr. Peabody and the Mermaid,Fantasy,1948
149260,Mr. Peabody and the Mermaid,Romance,1948
124817,It Started With A Kiss,Comedy,1959
124817,It Started With A Kiss,Romance,1959
111245,"Case of You, A",Comedy,2013
111245,"Case of You, A",Romance,2013
152790,Sing Your Way Home,Comedy,1945
3958,Billy Jack Goes to Washington,Drama,1977
140224,Filmage: The Story of Descendents/All,Documentary,NA
178615,Front Cover,Comedy,2016
178615,Front Cover,Drama,2016
178615,Front Cover,Romance,2016
192713,Compulsion,Fantasy,2018
192713,Compulsion,Horror,2018
192713,Compulsion,Thriller,2018
251350,The Early Bird Catches the Worm,Drama,2008
262947,"Wedding March 4: Something Old, Something New",Romance,2018
268758,Other World,Documentary,2014
186123,Corpses,Horror,2004
155219,Das kann doch unsren Willi nicht erschüttern,Comedy,1970
62669,Black River (Kuroi kawa),Drama,1957
194130,The 3rd Eye,Horror,2017
194130,The 3rd Eye,Thriller,2017
268050,Vigil,Drama,1984
76077,Hot Tub Time Machine,Comedy,2010
76077,Hot Tub Time Machine,Sci-Fi,2010
162780,1st to Die,Action,2003
162780,1st to Die,Thriller,2003
167940,Naked Vengeance,Action,1985
167940,Naked Vengeance,Crime,1985
167940,Naked Vengeance,Drama,1985
1985,Halloween 4: The Return of Michael Myers,Horror,1988
126219,Marihuana,Documentary,1936
126219,Marihuana,Drama,1936
271339,Some Like It Rare,Comedy,2021
271339,Some Like It Rare,Horror,2021
208693,Pippi Longstocking,Adventure,1997
208693,Pippi Longstocking,Animation,1997
208693,Pippi Longstocking,Children,1997
208693,Pippi Longstocking,Comedy,1997
175107,The Man Without a Country,Drama,1973
126251,Black Belly of the Tarantula,Horror,1971
126251,Black Belly of the Tarantula,Mystery,1971
126251,Black Belly of the Tarantula,Thriller,1971
198157,A Rainy Day in New York,Comedy,NA
198157,A Rainy Day in New York,Romance,NA
194184,Warriors of the Apocalypse,Action,1985
194184,Warriors of the Apocalypse,Sci-Fi,1985
159554,Convent of Sinners,Drama,1986
159554,Convent of Sinners,Horror,1986
257909,A Very British Christmas,Romance,2019
209001,The Best People,Comedy,2017
147424,Step Lively,Drama,1944
196911,Amityville: No Escape,Horror,2016
194026,The Man Who Killed Hitler and Then the Bigfoot,Drama,2018
101,Bottle Rocket,Adventure,1996
101,Bottle Rocket,Comedy,1996
101,Bottle Rocket,Crime,1996
101,Bottle Rocket,Romance,1996
126983,City Zero,Comedy,1989
126983,City Zero,Drama,1989
126983,City Zero,Sci-Fi,1989
270754,Swimming Upstream,Drama,2003
188275,Mermaids,Action,2003
188275,Mermaids,Crime,2003
188275,Mermaids,Fantasy,2003
188275,Mermaids,Romance,2003
111264,"Wild Life, The",Comedy,1984
111264,"Wild Life, The",Drama,1984
76818,Cape No. 7 (Hái-kak chhit-ho),Comedy,2008
76818,Cape No. 7 (Hái-kak chhit-ho),Drama,2008
76818,Cape No. 7 (Hái-kak chhit-ho),Romance,2008
144818,Submarine Raider,Drama,1942
144818,Submarine Raider,War,1942
265514,Honey Girls,Children,2021
73196,My Love Has Been Burning (Waga koi wa moenu),Drama,1949
176953,Heaven Will Wait,Drama,2016
188349,The Hot Snow,War,1972
27644,Remember Me (Ricordati di me),Comedy,2003
27644,Remember Me (Ricordati di me),Drama,2003
27644,Remember Me (Ricordati di me),Romance,2003
3834,Bronco Billy,Adventure,1980
3834,Bronco Billy,Drama,1980
3834,Bronco Billy,Romance,1980
169018,Water Boyy,Romance,2015
6804,Crimewave,Comedy,1985
6804,Crimewave,Crime,1985
124081,Return of the Gunfighter,Western,1967
4457,All Access,Documentary,2001
4457,All Access,Musical,2001
4457,All Access,IMAX,2001
283647,Wallander 27 - The Troubled Man,Crime,2013
283647,Wallander 27 - The Troubled Man,Thriller,2013
101260,StarStruck,Comedy,2010
101260,StarStruck,Musical,2010
286407,Post Truth,Comedy,2023
255305,Masquerade,Thriller,2021
181589,Revelation: Dawn of Global Government,Documentary,2016
202757,Drop Squad,Comedy,1994
202757,Drop Squad,Drama,1994
132840,Shoot to Kill,Crime,1947
173487,Allen Iverson: The Answer,Documentary,2016
110380,Nitro Circus: The Movie,Action,2012
110380,Nitro Circus: The Movie,Comedy,2012
110380,Nitro Circus: The Movie,Documentary,2012
191495,White Boy Rick,Crime,2018
191495,White Boy Rick,Drama,2018
238102,Foyle's War - War Games,Crime,2003
238102,Foyle's War - War Games,Drama,2003
238102,Foyle's War - War Games,Mystery,2003
109740,Obvious Child,Comedy,2014
109740,Obvious Child,Romance,2014
110856,Broadway to Hollywood,Musical,1933
194428,Curse II: The Bite,Horror,1989
216257,Kikoriki. Legend of the Golden Dragon,Animation,2016
216257,Kikoriki. Legend of the Golden Dragon,Children,2016
259063,Coalition,Drama,2015
193821,Nappily Ever After,Comedy,2018
193821,Nappily Ever After,Romance,2018
138240,Haunts,Horror,1977
97886,Rid of Me,Comedy,2011
97886,Rid of Me,Drama,2011
97886,Rid of Me,Romance,2011
168582,Human,Documentary,2013
168582,Human,Mystery,2013
183949,Pennywise: Home Movies,Documentary,1996
146896,The Nymph,Drama,1996
146896,The Nymph,Romance,1996
48522,Stormbreaker (Alex Rider: Operation Stormbreaker),Action,2006
48522,Stormbreaker (Alex Rider: Operation Stormbreaker),Children,2006
217393,The Variegateds Case,Crime,1958
217393,The Variegateds Case,Drama,1958
217393,The Variegateds Case,Mystery,1958
8491,White Heat,Crime,1949
8491,White Heat,Drama,1949
8491,White Heat,Film-Noir,1949
6691,Dust,Drama,2001
6691,Dust,Western,2001
278162,Chandralekha,Drama,1998
278162,Chandralekha,Thriller,1998
225087,Grim,Horror,1995
280532,"Murder, She Wrote: The Celtic Riddle",Mystery,2003
191781,Gyo: Tokyo Fish Attack,Animation,2012
191781,Gyo: Tokyo Fish Attack,Horror,2012
245888,1000 Mabrouk,Comedy,1000
245888,1000 Mabrouk,Drama,1000
7613,White Palace,Drama,1990
161288,Cyborg X,Action,2016
161288,Cyborg X,Horror,2016
206489,Adrenochrome,Action,2018
206489,Adrenochrome,Fantasy,2018
206489,Adrenochrome,Horror,2018
206489,Adrenochrome,War,2018
163432,Open Doors,Drama,1990
143170,The Silk Express,Drama,1933
143170,The Silk Express,Mystery,1933
143170,The Silk Express,Thriller,1933
125894,Doubting Thomas,Comedy,1935
136479,Pablo Francisco: Bits and Pieces,Comedy,2004
125557,"Devils Hand, The (La main du diable)",Fantasy,1943
125557,"Devils Hand, The (La main du diable)",Horror,1943
167148,Kyle Kinane: I Liked His Old Stuff Better,Comedy,2015
277136,Slash/Back,Action,2022
277136,Slash/Back,Sci-Fi,2022
277136,Slash/Back,Thriller,2022
161930,Hafu,Documentary,2013
177115,Dark Waters,Horror,1993
177115,Dark Waters,Mystery,1993
185997,Life of the Party,Comedy,2018
207684,Lucero,Horror,2019
207684,Lucero,Mystery,2019
237620,Saladin the Victorious,Adventure,1963
237620,Saladin the Victorious,Drama,1963
237620,Saladin the Victorious,War,1963
164035,20th Century Boys - Chapter 3: Our Flag,Adventure,2009
164035,20th Century Boys - Chapter 3: Our Flag,Mystery,2009
164035,20th Century Boys - Chapter 3: Our Flag,Sci-Fi,2009
210267,Christmas on the Coast,Drama,2018
210267,Christmas on the Coast,Romance,2018
207654,Ghost Ship,Horror,2015
155471,Gaolbreak,Crime,1962
155471,Gaolbreak,Drama,1962
143065,Orson Welles: The One-Man Band,Documentary,1995
256751,The Reagans,Drama,2003
256751,The Reagans,Romance,2003
113176,C.C. & Company (Chrome Hearts),Action,1970
113176,C.C. & Company (Chrome Hearts),Comedy,1970
113176,C.C. & Company (Chrome Hearts),Drama,1970
194861,A Twelve-Year Night,Crime,2018
194861,A Twelve-Year Night,Drama,2018
7125,Spring Forward,Drama,1999
213025,Nightmare in Badham County,Action,1976
213025,Nightmare in Badham County,Crime,1976
213025,Nightmare in Badham County,Drama,1976
291683,Like Sheep Among Wolves,Crime,2023
291683,Like Sheep Among Wolves,Drama,2023
220608,A Jihad for Love,Documentary,2007
98859,Never Say... Never! (Il ne faut jurer... de rien!),Comedy,2005
52806,Tales from Earthsea (Gedo Senki),Adventure,2006
52806,Tales from Earthsea (Gedo Senki),Animation,2006
52806,Tales from Earthsea (Gedo Senki),Fantasy,2006
187201,Lyle,Drama,2014
187201,Lyle,Horror,2014
179775,Rootin' Tootin' Rhythm,Western,1937
125197,That’s What She Said,Comedy,2012
113868,To Be Takei,Documentary,2014
27834,"Return, The (Vozvrashcheniye)",Drama,2003
250372,What Drives Us,Documentary,2021
247432,Eastwood Directs: The Untold Story,Documentary,2013
280782,Vasil,Comedy,2022
280782,Vasil,Drama,2022
172405,The Saddest Boy in the World,Drama,2006
86510,"No Blood Relation (Stepchild, The) (Nasanunaka)",Drama,1932
121861,The Member of the Wedding,Drama,1997
121861,The Member of the Wedding,Romance,1997
160211,Un homme de trop,Drama,1967
160211,Un homme de trop,Thriller,1967
160211,Un homme de trop,War,1967
66639,Street Fighter: The Legend of Chun-Li,Action,2009
66639,Street Fighter: The Legend of Chun-Li,Adventure,2009
66639,Street Fighter: The Legend of Chun-Li,Sci-Fi,2009
66639,Street Fighter: The Legend of Chun-Li,Thriller,2009
73256,Heart of Midnight,Drama,1988
73256,Heart of Midnight,Horror,1988
73256,Heart of Midnight,Thriller,1988
2713,Lake Placid,Horror,1999
2713,Lake Placid,Thriller,1999
231145,What Lies Below,Horror,2020
231145,What Lies Below,Mystery,2020
231145,What Lies Below,Thriller,2020
278352,Gigi & Nate,Drama,2022
160856,The Long Island Cannibal Massacre,Horror,1980
199944,Big Kill,Action,2018
199944,Big Kill,Western,2018
137383,Tom and Jerry: Spy Quest,Animation,2015
44225,Aquamarine,Children,2006
44225,Aquamarine,Comedy,2006
44225,Aquamarine,Fantasy,2006
177145,The Death Collector,Crime,1976
133626,The Good Lie,Thriller,2013
227943,Fritzi: A Revolutionary Tale,Animation,2019
227943,Fritzi: A Revolutionary Tale,Children,2019
227943,Fritzi: A Revolutionary Tale,Drama,2019
279750,Parosh Pathar,Comedy,1958
279750,Parosh Pathar,Fantasy,1958
116553,The Desperate Trail,Action,1995
116553,The Desperate Trail,Crime,1995
116553,The Desperate Trail,Drama,1995
116553,The Desperate Trail,Thriller,1995
116553,The Desperate Trail,Western,1995
245202,Every Breath You Take,Thriller,2021
173645,Butterfly Kiss,Action,2006
173645,Butterfly Kiss,Crime,2006
173645,Butterfly Kiss,Romance,2006
85987,River of Grass,Drama,1994
80729,(Untitled),Comedy,2009
80729,(Untitled),Drama,2009
185397,Kavin Jay: Everybody Calm Down!,Comedy,2018
247806,Forest Man,Documentary,2013
118492,High Test Girls,Comedy,1980
118492,High Test Girls,Fantasy,1980
248056,The Black Battlefront Kidnappers,Action,1973
248056,The Black Battlefront Kidnappers,Crime,1973
147336,Tomorrow Was the War,Children,1987
147336,Tomorrow Was the War,Drama,1987
147336,Tomorrow Was the War,War,1987
138996,Biohazardous,Action,2001
138996,Biohazardous,Horror,2001
138996,Biohazardous,Mystery,2001
138996,Biohazardous,Sci-Fi,2001
187513,Coming Home,Drama,1998
187513,Coming Home,War,1998
208014,The Wonderland,Children,2016
208014,The Wonderland,Comedy,2016
231531,A Christmas in Royal Fashion,Drama,2018
231531,A Christmas in Royal Fashion,Romance,2018
289925,A Capital Plan,Documentary,1949
165279,El ángel de Budapest,Drama,2011
165279,El ángel de Budapest,War,2011
198451,The Woman with Red Boots,Comedy,1974
198451,The Woman with Red Boots,Drama,1974
198451,The Woman with Red Boots,Fantasy,1974
279054,Sick,Horror,2022
279054,Sick,Thriller,2022
135844,Blank: A Vinylmation Love Story,Animation,2014
175043,Hypothermia,Horror,2012
185661,WWE: Top 50 Superstars of All Time,Documentary,2010
86455,"Sing a Song of Sex (Treatise on Japanese Bawdy Songs, A) (Nihon shunka-kô)",Thriller,1967
72953,Less of Sugar (Cheeni Kum),Comedy,2007
72953,Less of Sugar (Cheeni Kum),Drama,2007
72953,Less of Sugar (Cheeni Kum),Musical,2007
72953,Less of Sugar (Cheeni Kum),Romance,2007
26680,Cry-Baby,Comedy,1990
26680,Cry-Baby,Musical,1990
26680,Cry-Baby,Romance,1990
186171,Barbie Video Game Hero,Animation,2017
115343,Charlie Chan on Broadway,Comedy,1937
115343,Charlie Chan on Broadway,Crime,1937
115343,Charlie Chan on Broadway,Mystery,1937
115343,Charlie Chan on Broadway,Thriller,1937
62115,Six Shooter,Comedy,2004
62115,Six Shooter,Drama,2004
199358,Heavenly Sword,Action,2014
199358,Heavenly Sword,Adventure,2014
199358,Heavenly Sword,Animation,2014
199358,Heavenly Sword,Fantasy,2014
840,House Arrest,Children,1996
840,House Arrest,Comedy,1996
243994,ON-GAKU: Our Sound,Animation,2020
243994,ON-GAKU: Our Sound,Comedy,2020
116205,The Clinic,Horror,2010
116205,The Clinic,Thriller,2010
85889,Stand by for Action,Action,1942
85889,Stand by for Action,Drama,1942
85889,Stand by for Action,War,1942
125027,The Extraordinary Seaman,Adventure,1969
125027,The Extraordinary Seaman,Comedy,1969
125027,The Extraordinary Seaman,War,1969
27736,Take My Eyes (Te doy mis ojos),Drama,2003
27736,Take My Eyes (Te doy mis ojos),Romance,2003
27736,Take My Eyes (Te doy mis ojos),Thriller,2003
82857,Sweetgrass,Adventure,2009
82857,Sweetgrass,Documentary,2009
82857,Sweetgrass,Western,2009
259355,"Storm Children, Book One",Documentary,2014
227707,Helmut Newton: Frames from the Edge,Documentary,1989
56888,Mongolian Ping-Pong (Lü cao di),Comedy,2005
56888,Mongolian Ping-Pong (Lü cao di),Drama,2005
116841,Rosewater,Drama,2014
127337,The Caper of the Golden Bulls,Action,1967
127337,The Caper of the Golden Bulls,Comedy,1967
208975,Sprinter,Drama,2019
44665,Lucky Number Slevin,Crime,2006
44665,Lucky Number Slevin,Drama,2006
44665,Lucky Number Slevin,Mystery,2006
135,Down Periscope,Comedy,1996
5390,CQ,Drama,2001
1223,"Grand Day Out with Wallace and Gromit, A",Adventure,1989
1223,"Grand Day Out with Wallace and Gromit, A",Animation,1989
1223,"Grand Day Out with Wallace and Gromit, A",Children,1989
1223,"Grand Day Out with Wallace and Gromit, A",Comedy,1989
1223,"Grand Day Out with Wallace and Gromit, A",Sci-Fi,1989
196087,Burn the Stage: The Movie,Documentary,2018
256753,Dash and Lilly,Drama,1999
192845,Ecstasy,Drama,1933
192845,Ecstasy,Romance,1933
138522,Bail Out,Action,1990
138522,Bail Out,Adventure,1990
138522,Bail Out,Comedy,1990
138522,Bail Out,Drama,1990
138522,Bail Out,Thriller,1990
167354,Stratos,Crime,2014
167354,Stratos,Drama,2014
183683,The Texas Chainsaw Massacre: A Family Portrait,Documentary,1988
289955,Ari Shaffir: Paid Regular,Comedy,2015
139636,The Blue Elephant,Drama,2014
139636,The Blue Elephant,Horror,2014
139636,The Blue Elephant,Mystery,2014
139636,The Blue Elephant,Thriller,2014
1921,Pi,Drama,1998
1921,Pi,Sci-Fi,1998
1921,Pi,Thriller,1998
147210,Musketeers 20 Years Later,Adventure,1992
4289,"City of Women, The (Città delle donne, La)",Comedy,1980
4289,"City of Women, The (Città delle donne, La)",Drama,1980
27909,Windstruck (Nae yeojachingureul sogae habnida),Comedy,2004
27909,Windstruck (Nae yeojachingureul sogae habnida),Crime,2004
27909,Windstruck (Nae yeojachingureul sogae habnida),Drama,2004
187873,Real Boy,Documentary,2016
253914,Impact After the Crash,Documentary,2013
172339,Coming & Going,Comedy,2011
172339,Coming & Going,Romance,2011
235521,Hostages,Drama,1992
5413,Zombie Holocaust (a.k.a. Doctor Butcher M.D.) (Zombi Holocaust),Horror,1980
177855,The Ultimate Guide to Penny Pinching,Documentary,2011
169882,"Goto, Island of Love",Drama,1969
260101,Rangle River,Western,1936
193841,The Precipice Game,Horror,2017
283787,Louis Armstrong's Black & Blues,Documentary,2022
139689,My Sister's Keeper,Drama,2002
154198,The Rashevski Tango,Drama,2003
87047,"Strange Case of Angelica, The (O Estranho Caso de Angélica)",Drama,2010
215547,The Daughters of Fire,Drama,2018
196141,The Tolstoy Defence,Drama,2018
201865,Strange Confession,Crime,1945
201865,Strange Confession,Drama,1945
201865,Strange Confession,Horror,1945
201865,Strange Confession,Mystery,1945
1716,"Other Voices, Other Rooms",Drama,1995
103446,Epitaph,Horror,2007
205657,Hula Girls,Children,2006
205657,Hula Girls,Comedy,2006
205657,Hula Girls,Drama,2006
120240,Forever Lulu,Comedy,2000
120240,Forever Lulu,Romance,2000
97384,Arachnoquake,Action,2012
97384,Arachnoquake,Horror,2012
97384,Arachnoquake,Sci-Fi,2012
164499,Watch Your Left,Comedy,1936
67869,Flash Gordon,Action,1936
67869,Flash Gordon,Adventure,1936
67869,Flash Gordon,Sci-Fi,1936
161754,Ernst Thälmann - Führer seiner Klasse,Drama,1955
289583,A Compassionate Spy,Documentary,2022
249900,Finding Happiness,Documentary,2014
436,Color of Night,Drama,1994
436,Color of Night,Thriller,1994
172679,The Heat,Comedy,2006
172679,The Heat,Romance,2006
119834,"Saturday, Sunday and Friday",Comedy,1979
279292,Dig,Thriller,2022
211444,Moomins and the Winter Wonderland,Adventure,2017
211444,Moomins and the Winter Wonderland,Animation,2017
211444,Moomins and the Winter Wonderland,Children,2017
139391,The Manhandlers,Action,1974
139391,The Manhandlers,Crime,1974
139391,The Manhandlers,Drama,1974
137102,Haunted Highway,Horror,2006
137102,Haunted Highway,Thriller,2006
146768,Without Knowing Anything About Her,Sci-Fi,1969
146768,Without Knowing Anything About Her,Thriller,1969
272745,Hollywood Rated 'R',Documentary,1997
272745,Hollywood Rated 'R',Horror,1997
272745,Hollywood Rated 'R',Sci-Fi,1997
2878,Hell Night,Horror,1981
103621,Brain Dead,Horror,1990
103621,Brain Dead,Sci-Fi,1990
182887,The Parrot,Thriller,2016
283027,Puss in Boots,Animation,1968
283027,Puss in Boots,Children,1968
283027,Puss in Boots,Fantasy,1968
101249,"Thousand Cuts, A",Thriller,2012
120315,Gloriously Wasted,Comedy,2012
27152,Pitkä kuuma kesä,Comedy,1999
27152,Pitkä kuuma kesä,Drama,1999
189295,Flowers in the Shadow,Comedy,2008
189295,Flowers in the Shadow,Drama,2008
3888,Skipped Parts,Drama,2000
3888,Skipped Parts,Romance,2000
7329,Walk on the Wild Side,Drama,1962
99893,Sangre de mi sangre (Padre Nuestro),Drama,2007
99893,Sangre de mi sangre (Padre Nuestro),Thriller,2007
194268,Farming,Drama,2018
168982,Floyd Norman: An Animated Life,Documentary,2016
273101,The Demons of Ludlow,Horror,1983
173667,Zigzag of Success,Comedy,1968
278592,Nowy,Comedy,1970
207896,Shadow Wolves,Action,2019
207896,Shadow Wolves,Adventure,2019
207896,Shadow Wolves,Thriller,2019
173117,Quest of the Delta Knights,Action,1993
173117,Quest of the Delta Knights,Adventure,1993
173117,Quest of the Delta Knights,Fantasy,1993
186371,The Pleasure Girls,Drama,1965
250832,Detective Conan: The Scarlet Bullet,Action,2021
250832,Detective Conan: The Scarlet Bullet,Animation,2021
250832,Detective Conan: The Scarlet Bullet,Crime,2021
250832,Detective Conan: The Scarlet Bullet,Mystery,2021
250832,Detective Conan: The Scarlet Bullet,Romance,2021
250832,Detective Conan: The Scarlet Bullet,Thriller,2021
4046,Friendly Persuasion,Drama,1956
99741,"Company You Keep, The",Thriller,2012
106832,7th Cavalry (Seventh Cavalry),Western,1956
190551,Blindspotting,Comedy,2018
190551,Blindspotting,Drama,2018
230025,Karaoke Crazies,Fantasy,2016
230025,Karaoke Crazies,Mystery,2016
285569,T. Rex Autopsy,Documentary,2015
116042,Christine,Drama,1958
3889,Highlander: Endgame (Highlander IV),Action,2000
3889,Highlander: Endgame (Highlander IV),Adventure,2000
3889,Highlander: Endgame (Highlander IV),Fantasy,2000
27616,Tiptoes,Comedy,2003
27616,Tiptoes,Drama,2003
27616,Tiptoes,Romance,2003
287131,Future Soldier,Action,2023
287131,Future Soldier,Sci-Fi,2023
2473,Soul Man,Comedy,1986
154984,I Am What I Am,Drama,1967
154984,I Am What I Am,Mystery,1967
154984,I Am What I Am,Thriller,1967
150882,Happy New York,Comedy,1997
179467,The Reality of Me,Documentary,2012
197247,Bravo Virtuoso,Action,2018
197247,Bravo Virtuoso,Comedy,2018
197247,Bravo Virtuoso,Crime,2018
216881,Capone,Crime,2020
216881,Capone,Drama,2020
113746,Redwood Highway,Drama,2013
26349,Night Moves,Crime,1975
26349,Night Moves,Thriller,1975
136319,The Mad Butcher,Horror,1971
184389,Under The Greenwood Tree,Drama,2005
184389,Under The Greenwood Tree,Romance,2005
186433,Be My Slave,Comedy,2012
186433,Be My Slave,Drama,2012
186433,Be My Slave,Romance,2012
163713,Rampage: Capital Punishment,Action,2014
163713,Rampage: Capital Punishment,Crime,2014
163713,Rampage: Capital Punishment,Thriller,2014
39941,"Love on the Run (Amour en fuite, L')",Comedy,1979
39941,"Love on the Run (Amour en fuite, L')",Drama,1979
39941,"Love on the Run (Amour en fuite, L')",Romance,1979
2374,Gung Ho,Comedy,1986
2374,Gung Ho,Drama,1986
214262,Hooking Up,Comedy,2020
214262,Hooking Up,Drama,2020
123585,Love,Drama,2012
123585,Love,Romance,2012
94442,"Story Written with Water, A (Mizu de kakareta monogatari)",Drama,1965
98015,Jack and Diane,Drama,2012
98015,Jack and Diane,Horror,2012
98015,Jack and Diane,Romance,2012
143925,Broadway Hostess,Drama,1935
143925,Broadway Hostess,Romance,1935
235835,Loved Up,Drama,1995
235835,Loved Up,Romance,1995
286165,The Contact,Romance,1997
91302,"Tree, The",Children,2010
91302,"Tree, The",Drama,2010
7110,Blind Beast (Môjuu),Drama,1969
7110,Blind Beast (Môjuu),Thriller,1969
115068,"Bride from Hades, The (Botan-dôrô) (Peony Lantern) (Tale of Peonies and Lanterns, A)",Horror,1968
88235,"Guard, The",Comedy,2011
88235,"Guard, The",Crime,2011
225025,Centipede Horror,Horror,1982
275603,"Snoopy Presents: To Mom (and Dad), With Love",Animation,2022
284183,Pueblerina,Drama,1949
284183,Pueblerina,Romance,1949
288875,The Retirement Plan,Action,2023
288875,The Retirement Plan,Comedy,2023
99108,"Girl on a Motorcycle, The",Drama,1968
99108,"Girl on a Motorcycle, The",Romance,1968
69429,Home from the Hill,Drama,1960
69429,Home from the Hill,Romance,1960
163430,A Simple Story,Drama,1991
187535,Bróder,Drama,2010
130704,Hot T-Shirts,Action,1980
32277,Girl Crazy,Comedy,1943
32277,Girl Crazy,Musical,1943
32277,Girl Crazy,Romance,1943
639,Girl 6,Comedy,1996
639,Girl 6,Drama,1996
27232,Beautiful Joe,Comedy,2000
27232,Beautiful Joe,Drama,2000
27232,Beautiful Joe,Romance,2000
274287,Bear Witness,Documentary,2022
196001,My Life with James Dean,Comedy,2017
151969,Style,Thriller,2001
159622,8213: Gacy House,Crime,8213
159622,8213: Gacy House,Horror,8213
159622,8213: Gacy House,Mystery,8213
143888,Gallows Road,Drama,2015
267928,Unreal News Reel,Comedy,1923
169234,White Wolves - A Cry in the Wild II,Action,1993
169234,White Wolves - A Cry in the Wild II,Adventure,1993
169234,White Wolves - A Cry in the Wild II,Children,1993
262581,Marathon,Documentary,1993
176955,It's Gawd!,Comedy,2017
176955,It's Gawd!,Drama,2017
255263,The Bikes of Wrath,Documentary,2018
235981,Psycho Prom Queen,Thriller,2018
289043,Blondi,Comedy,2023
289043,Blondi,Drama,2023
187197,Hitler's Hollywood,Documentary,2017
47566,Born to Kill,Crime,1947
47566,Born to Kill,Drama,1947
47566,Born to Kill,Film-Noir,1947
168504,Abou Ben Boogie,Animation,1944
199265,The Fall of the American Empire,Drama,2018
181895,The Simple Things,Animation,1953
181895,The Simple Things,Children,1953
181895,The Simple Things,Comedy,1953
145034,Journey to the Shore,Drama,2015
145034,Journey to the Shore,Fantasy,2015
145034,Journey to the Shore,Romance,2015
154798,A Story of the Forest: Mavka,Fantasy,1980
186103,Beneath Clouds,Drama,2002
186103,Beneath Clouds,Romance,2002
81429,"Maze, The",Horror,2010
176187,An American Vampire Story,Comedy,1997
176187,An American Vampire Story,Horror,1997
284637,The Merry Old Soul,Animation,1935
183209,Malasartes e o Duelo com a Morte,Comedy,2017
141402,Star Trek: Renegades,Action,2015
141402,Star Trek: Renegades,Adventure,2015
141402,Star Trek: Renegades,Sci-Fi,2015
172271,Perfect Opposites,Comedy,2004
172271,Perfect Opposites,Drama,2004
172271,Perfect Opposites,Romance,2004
173133,Brides of Blood,Horror,1968
173133,Brides of Blood,Sci-Fi,1968
5784,Ghost Ship,Horror,2002
149780,Love Now,Romance,2007
177245,Same Kind of Different as Me,Drama,2017
178029,Films to Keep You Awake: To Let,Horror,2006
178029,Films to Keep You Awake: To Let,Thriller,2006
288579,Dave Lester: And How Did That Make You Feel?,Comedy,2023
170771,The Recipe,Drama,2010
170771,The Recipe,Mystery,2010
170771,The Recipe,Romance,2010
170771,The Recipe,Thriller,2010
211267,Demon in the Bottle,Adventure,1996
211267,Demon in the Bottle,Children,1996
211267,Demon in the Bottle,Comedy,1996
211267,Demon in the Bottle,Fantasy,1996
268618,I Was a Simple Man,Drama,2021
210931,A Snow Globe Christmas,Comedy,2013
210931,A Snow Globe Christmas,Drama,2013
194248,The Business of Amateurs,Documentary,2016
166346,The Wedding Pact,Comedy,2014
166346,The Wedding Pact,Romance,2014
4449,Adanggaman,Drama,2000
3104,Midnight Run,Action,1988
3104,Midnight Run,Comedy,1988
3104,Midnight Run,Crime,1988
3104,Midnight Run,Thriller,1988
159069,Comedy of the Strict Regime,Comedy,1993
3279,Knockout,Action,2000
3279,Knockout,Drama,2000
113288,Ambush,Western,1950
258127,Cries of the Unborn,Drama,2017
242908,The Seventh Day,Horror,2021
265544,Golden Eyes,Drama,1968
219101,The Will,Drama,2020
219101,The Will,Romance,2020
132575,50 to 1,Drama,2014
2524,"Towering Inferno, The",Action,1974
2524,"Towering Inferno, The",Adventure,1974
2524,"Towering Inferno, The",Drama,1974
2524,"Towering Inferno, The",Thriller,1974
148921,The Legend of Barney Thomson,Comedy,2015
148921,The Legend of Barney Thomson,Drama,2015
148921,The Legend of Barney Thomson,Thriller,2015
36799,Sometimes in April,Drama,2005
36799,Sometimes in April,War,2005
158514,To the Last Man,Western,1933
5401,Undercover Brother,Comedy,2002
206688,13 Demons,Thriller,2016
124673,Tenth Avenue Angel,Drama,1948
193067,The Mountain,Drama,2018
200572,Lost Airmen of Buchenwald,Documentary,2011
200572,Lost Airmen of Buchenwald,War,2011
272905,Scenes from a Marriage,Drama,1974
272905,Scenes from a Marriage,Romance,1974
213920,Aphrodisiac!: The Sexual Secret of Marijuana,Documentary,1971
132954,Awake: The Life of Yogananda,Documentary,2014
143047,Dark Blood,Thriller,2012
235143,Poitín,Drama,1978
145368,The Profane Exhibit,Horror,2013
217015,Family Without a Dinner Table,Drama,1985
233939,A Very Charming Christmas Town,Romance,2020
142470,City Beneath the Sea,Action,1971
142470,City Beneath the Sea,Sci-Fi,1971
128065,The Cape Town Affair,Action,1967
128065,The Cape Town Affair,Thriller,1967
200144,"Young, Single & Angry",Comedy,2006
200144,"Young, Single & Angry",Romance,2006
123894,Fairy Tales,Comedy,1978
123894,Fairy Tales,Romance,1978
41753,8 Million Ways to Die,Action,1986
41753,8 Million Ways to Die,Adventure,1986
41753,8 Million Ways to Die,Crime,1986
41753,8 Million Ways to Die,Thriller,1986
94819,You Can't Win 'Em All,Adventure,1970
94819,You Can't Win 'Em All,Comedy,1970
94819,You Can't Win 'Em All,War,1970
207427,The boundaries,Drama,1995
204538,Bottom of the 9th,Crime,2019
204538,Bottom of the 9th,Drama,2019
274667,Drake's Venture,Drama,1980
192799,Bad Reputation,Documentary,2018
6038,Tune in Tomorrow...,Comedy,1990
6038,Tune in Tomorrow...,Romance,1990
262707,My Father Is an Airplane,Drama,2021
159500,"Amigo, Stay Away",Western,1972
208677,Every Song is About Me,Comedy,2010
208677,Every Song is About Me,Romance,2010
191159,Cold Sweat,Action,2010
191159,Cold Sweat,Horror,2010
191159,Cold Sweat,Thriller,2010
164859,Escape to Witch Mountain,Adventure,1995
164859,Escape to Witch Mountain,Children,1995
164859,Escape to Witch Mountain,Fantasy,1995
204640,Grappler Baki,Action,1994
204640,Grappler Baki,Animation,1994
73513,"Swades: We, the People (Our Country)",Drama,2004
159644,Christmas in Compton,Comedy,2012
145326,Uncertain Glory,Drama,1944
235655,Alien Girl,Action,2010
235655,Alien Girl,Drama,2010
177517,End Day,Drama,2005
177517,End Day,Thriller,2005
130660,The Happy Hooker,Comedy,1975
130660,The Happy Hooker,Drama,1975
130660,The Happy Hooker,Romance,1975
230705,Children of the Corn,Horror,2020
230705,Children of the Corn,Thriller,2020
72178,Welcome to Dongmakgol,Comedy,2005
72178,Welcome to Dongmakgol,Drama,2005
72178,Welcome to Dongmakgol,War,2005
158707,Chariot,Drama,2013
158707,Chariot,Thriller,2013
114398,Chad Hanna,Drama,1940
114398,Chad Hanna,Romance,1940
101428,Kill for Me,Drama,2013
101428,Kill for Me,Thriller,2013
185421,If There Be Thorns,Drama,2015
140671,The Black Hand,Crime,1973
209085,The Mistletoe Secret,Romance,2019
1623,Wishmaster,Horror,1997
192115,Room 205 of Fear,Drama,2011
192115,Room 205 of Fear,Horror,2011
153752,White Fire,Action,1984
153752,White Fire,Thriller,1984
235767,Paranormal Effect,Horror,2010
235767,Paranormal Effect,Mystery,2010
235767,Paranormal Effect,Thriller,2010
154019,Stagecoach of the Condemned,Western,1970
128391,Destruction Force,Crime,1977
143009,Pure,Drama,2009
245366,Kapaemahu,Animation,2020
245366,Kapaemahu,Fantasy,2020
69906,Possessed,Drama,2000
69906,Possessed,Horror,2000
925,Golden Earrings,Adventure,1947
925,Golden Earrings,Romance,1947
925,Golden Earrings,War,1947
121229,Lady Cocoa,Crime,1975
121229,Lady Cocoa,Drama,1975
161060,Goldstone,Crime,2016
161060,Goldstone,Thriller,2016
287053,Who is Mihri,Documentary,2022
188021,You Choose!,Comedy,2017
188021,You Choose!,Romance,2017
1036,Die Hard,Action,1988
1036,Die Hard,Crime,1988
1036,Die Hard,Thriller,1988
5783,Derrida,Documentary,2002
34240,"Karol: A Man Who Became Pope (Karol, un uomo diventato Papa) (Karol. Czlowiek, który zostal papiezem)",Drama,2005
192689,Two in Love,Drama,1965
192689,Two in Love,Romance,1965
70898,Post Grad,Comedy,2009
105827,Rebirth of Mothra,Action,1996
105827,Rebirth of Mothra,Fantasy,1996
105827,Rebirth of Mothra,Sci-Fi,1996
166962,This Unnameable Little Broom,Animation,1985
83086,Burlesque,Drama,2010
83086,Burlesque,Musical,2010
83086,Burlesque,Romance,2010
442,Demolition Man,Action,1993
442,Demolition Man,Adventure,1993
442,Demolition Man,Sci-Fi,1993
213365,Be My Baby,Comedy,2006
213365,Be My Baby,Romance,2006
146788,"Joyeux Noël, Bonne Année",Comedy,1989
146788,"Joyeux Noël, Bonne Année",Drama,1989
152167,Ho visto le stelle,Comedy,2003
206819,Anna,Horror,2017
73511,Horsemen,Crime,2009
73511,Horsemen,Drama,2009
73511,Horsemen,Horror,2009
73511,Horsemen,Mystery,2009
73511,Horsemen,Thriller,2009
198743,Inner Sanctum,Mystery,1948
198743,Inner Sanctum,Thriller,1948
139138,Paruthiveeran,Action,2007
139138,Paruthiveeran,Drama,2007
267766,The Super Bob Einstein Movie,Documentary,2021
87890,"Carey Treatment, The",Mystery,1972
160321,The Drummer,Action,2007
160321,The Drummer,Drama,2007
216677,The Blackout,Drama,2015
216677,The Blackout,Thriller,2015
209901,Year of Enlightment,Drama,1986
209901,Year of Enlightment,War,1986
173589,Assault of the Killer Bimbos,Action,1988
173589,Assault of the Killer Bimbos,Comedy,1988
173589,Assault of the Killer Bimbos,Thriller,1988
161958,Joshy,Comedy,2016
89629,Point Blank (À bout portant),Action,2010
89629,Point Blank (À bout portant),Crime,2010
89629,Point Blank (À bout portant),Thriller,2010
154560,Dreamland,Horror,2007
154560,Dreamland,Mystery,2007
154560,Dreamland,Sci-Fi,2007
280988,Mandrake,Horror,2022
27268,Bruiser,Horror,2000
27268,Bruiser,Thriller,2000
364,"Lion King, The",Adventure,1994
364,"Lion King, The",Animation,1994
364,"Lion King, The",Children,1994
364,"Lion King, The",Drama,1994
364,"Lion King, The",Musical,1994
364,"Lion King, The",IMAX,1994
9006,"Garden of Allah, The",Drama,1936
213614,I Am Jonas,Drama,2018
213614,I Am Jonas,Romance,2018
3746,Butterfly (La lengua de las mariposas),Drama,1999
277520,Crimean,Drama,2014
277520,Crimean,War,2014
3295,Raining Stones,Drama,1993
200458,Nie kłam kochanie,Comedy,2008
233623,Nothing Happens,Animation,2017
189971,Pohjan tähteet,Comedy,1969
220432,Chintu Ka Birthday,Drama,2020
287509,Anwar: The Untold Story,Drama,2023
8998,That's Entertainment,Documentary,1974
539,Sleepless in Seattle,Comedy,1993
539,Sleepless in Seattle,Drama,1993
539,Sleepless in Seattle,Romance,1993
224605,#Roxy,Comedy,2018
224605,#Roxy,Romance,2018
606,Candyman: Farewell to the Flesh,Fantasy,1995
606,Candyman: Farewell to the Flesh,Horror,1995
228329,Tom's Midnight Garden,Children,1999
228329,Tom's Midnight Garden,Mystery,1999
26113,"Best Man, The",Comedy,1964
26113,"Best Man, The",Drama,1964
183387,Sorochinskaya yarmarka (Sorochintsi Fair),Children,2004
108895,Gamera vs. Guiron,Action,1969
108895,Gamera vs. Guiron,Adventure,1969
250610,No Parking Hare,Animation,1954
250610,No Parking Hare,Comedy,1954
166948,The Oath,Crime,2016
166948,The Oath,Drama,2016
166948,The Oath,Thriller,2016
192433,Red Peony Gambler,Action,1968
192433,Red Peony Gambler,Comedy,1968
192433,Red Peony Gambler,Drama,1968
192433,Red Peony Gambler,Romance,1968
192433,Red Peony Gambler,Thriller,1968
265196,The Blood Drinkers,Horror,1964
161420,The Dark Avenger,Action,1955
161420,The Dark Avenger,Adventure,1955
81564,Megamind,Action,2010
81564,Megamind,Animation,2010
81564,Megamind,Children,2010
81564,Megamind,Comedy,2010
81564,Megamind,Sci-Fi,2010
81564,Megamind,IMAX,2010
170173,Mrs. Amworth,Horror,1975
170173,Mrs. Amworth,Mystery,1975
161856,Masked Raiders,Western,1949
27449,Berlin Is in Germany,Drama,2001
194955,Ted - Show Me Love,Drama,2018
266630,The Monkey King: Reborn,Action,2021
266630,The Monkey King: Reborn,Animation,2021
266630,The Monkey King: Reborn,Fantasy,2021
216901,Taking Father Home,Drama,2005
1980,Friday the 13th Part VII: The New Blood,Horror,1988
85298,Black Lightning (Chernaya Molniya),Action,2009
85298,Black Lightning (Chernaya Molniya),Adventure,2009
85298,Black Lightning (Chernaya Molniya),Sci-Fi,2009
6707,Cabin Fever,Horror,2002
6707,Cabin Fever,Thriller,2002
123157,Julius Caesar,Drama,1971
91273,Bunraku,Action,2010
91273,Bunraku,Drama,2010
91273,Bunraku,Fantasy,2010
202283,Wiener Dog Internationals,Comedy,2015
4553,They Live,Action,1988
4553,They Live,Sci-Fi,1988
4553,They Live,Thriller,1988
150768,Wire Cutters,Animation,2014
229157,Christmas Catch,Romance,2018
192411,Freaky Friday,Children,2018
192411,Freaky Friday,Fantasy,2018
166044,Night Shadows,Horror,1984
166044,Night Shadows,Sci-Fi,1984
166044,Night Shadows,Thriller,1984
172525,The Interceptor,Action,2009
172525,The Interceptor,Sci-Fi,2009
172525,The Interceptor,Thriller,2009
258929,The Guilty,Crime,2021
258929,The Guilty,Drama,2021
258929,The Guilty,Thriller,2021
79828,"Green Room, The (a.k.a. Vanishing Fiancee) (La chambre verte)",Drama,1978
6906,That Was Then... This Is Now,Drama,1985
165107,Sector 4: Extraction,Action,2014
165107,Sector 4: Extraction,War,2014
283387,That Beautiful Somewhere,Mystery,2007
283387,That Beautiful Somewhere,Thriller,2007
479,Judgment Night,Action,1993
479,Judgment Night,Crime,1993
479,Judgment Night,Thriller,1993
200646,Into the Dark: I'm Just F*cking With You,Comedy,2019
200646,Into the Dark: I'm Just F*cking With You,Horror,2019
200646,Into the Dark: I'm Just F*cking With You,Thriller,2019
135631,Three Wise Guys,Comedy,2005
249258,The Last Hero,Action,1982
217228,The Counterfeit Contessa,Comedy,1994
217228,The Counterfeit Contessa,Romance,1994
6384,Love the Hard Way,Crime,2001
6384,Love the Hard Way,Drama,2001
6384,Love the Hard Way,Romance,2001
84686,Trader Horn,Adventure,1931
84686,Trader Horn,Romance,1931
163124,"Poverty, Inc.",Documentary,2014
111259,Good People,Drama,2014
111259,Good People,Thriller,2014
199960,Khook,Comedy,2018
199960,Khook,Drama,2018
128788,Joy House,Drama,1964
128788,Joy House,Romance,1964
6272,Eye of God,Drama,1997
212729,Lost and Found,Drama,1996
212729,Lost and Found,Romance,1996
169350,Martin Lawrence Doin’ Time,Comedy,2016
246808,Technicolour Daydream,Comedy,2018
246808,Technicolour Daydream,Drama,2018
215985,My Stupid Boss,Comedy,2016
215985,My Stupid Boss,Drama,2016
169626,Tracy Morgan: Bona Fide,Comedy,2014
241814,The Donkey King,Adventure,2020
241814,The Donkey King,Animation,2020
241814,The Donkey King,Comedy,2020
193009,The Pass,Animation,1988
193009,The Pass,Sci-Fi,1988
262569,13 Days in France,Documentary,1968
3966,Detour,Crime,1945
3966,Detour,Film-Noir,1945
183575,Painkiller Jane,Action,2005
183575,Painkiller Jane,Drama,2005
183575,Painkiller Jane,Sci-Fi,2005
164405,Call of Heroes,Action,2016
150008,Suite 16,Romance,1994
150008,Suite 16,Thriller,1994
285771,Journey,Drama,1972
112307,Thin Ice,Comedy,1937
112307,Thin Ice,Musical,1937
112307,Thin Ice,Romance,1937
44900,Beauty and the Bastard (Tyttö sinä olet tähti),Drama,2005
44900,Beauty and the Bastard (Tyttö sinä olet tähti),Musical,2005
44900,Beauty and the Bastard (Tyttö sinä olet tähti),Romance,2005
272369,Assailant,Thriller,2022
173841,Wounded Game,Drama,1977
233589,Destino: Estambul 68,Crime,1967
243838,Servants,Drama,2020
197029,Freak Show,Comedy,2018
197029,Freak Show,Drama,2018
4580,Cyborg,Action,1989
4580,Cyborg,Sci-Fi,1989
173311,Hammer,Action,2016
173311,Hammer,Drama,2016
139485,Dead End Road,Action,2004
139485,Dead End Road,Horror,2004
125962,Charlie Brown's Christmas Tales,Animation,2002
125962,Charlie Brown's Christmas Tales,Children,2002
125962,Charlie Brown's Christmas Tales,Comedy,2002
117674,El Condor,Action,1970
117674,El Condor,Adventure,1970
117674,El Condor,Romance,1970
117674,El Condor,Western,1970
187939,Iron Monkey 2,Action,1996
173353,"Abraxas, Guardian of the Universe",Action,1990
173353,"Abraxas, Guardian of the Universe",Adventure,1990
173353,"Abraxas, Guardian of the Universe",Sci-Fi,1990
261637,The Return of Draw Egan,Action,1916
261637,The Return of Draw Egan,Adventure,1916
261637,The Return of Draw Egan,Western,1916
2260,Wisdom,Crime,1986
2260,Wisdom,Drama,1986
6299,"Winged Migration (Peuple migrateur, Le)",Documentary,2001
212283,Daughter,Animation,2019
212283,Daughter,Drama,2019
3400,We're Back! A Dinosaur's Story,Adventure,1993
3400,We're Back! A Dinosaur's Story,Animation,1993
3400,We're Back! A Dinosaur's Story,Children,1993
3400,We're Back! A Dinosaur's Story,Fantasy,1993
256045,Arne Dahl - Himmelsöga,Action,2015
256045,Arne Dahl - Himmelsöga,Drama,2015
149638,The Roof,Drama,1956
287037,"20,000 Species of Bees",Drama,2023
185353,"Ah, L'Amour",Animation,1995
185353,"Ah, L'Amour",Comedy,1995
5974,"Thief of Bagdad, The",Adventure,1940
5974,"Thief of Bagdad, The",Fantasy,1940
282213,Apparition,Drama,2012
6729,"Bostonians, The",Drama,1984
6729,"Bostonians, The",Romance,1984
102419,Lesson Plan,Documentary,2011
218779,Rainbow,Drama,1944
218779,Rainbow,War,1944
203797,Excessive Force,Action,1993
221566,The Bride and the Beast,Horror,1958
110316,"Dinner Guest, The (L'invité)",Comedy,2007
275009,Toscana,Comedy,2022
275009,Toscana,Drama,2022
275009,Toscana,Romance,2022
159867,Captive,Drama,1991
159867,Captive,Thriller,1991
131411,The Great Man Votes,Drama,1939
216593,Armoire,Animation,1970
181725,Eat the Rich,Action,1987
181725,Eat the Rich,Comedy,1987
181725,Eat the Rich,Crime,1987
149144,Parasyte: Part 1,Horror,2014
149144,Parasyte: Part 1,Sci-Fi,2014
161624,Tricked,Drama,2012
144982,Paranormal Activity: The Ghost Dimension,Horror,2015
144982,Paranormal Activity: The Ghost Dimension,Thriller,2015
193863,Cocaine Godmother,Documentary,2017
193863,Cocaine Godmother,Drama,2017
208257,My Soul To Keep,Horror,2019
208257,My Soul To Keep,Thriller,2019
206909,Garfield in the Rough,Animation,1984
206909,Garfield in the Rough,Children,1984
136857,Girl House,Horror,2014
136857,Girl House,Thriller,2014
237966,Two Tons of Turquoise to Taos Tonight,Comedy,1975
2064,Roger & Me,Documentary,1989
124425,"Don't Raise the Bridge, Lower the River",Comedy,1968
236619,The New Man,Drama,2007
287187,Keep Going,Drama,2018
265830,My Atomic Aunt,Documentary,2013
286045,Black Snow,Drama,2020
248178,Goodbye Charlie Bright,Drama,2001
186397,Surviving The Wild,Action,2018
186397,Surviving The Wild,Adventure,2018
186397,Surviving The Wild,Children,2018
243828,Josef,Action,2011
243828,Josef,Drama,2011
243828,Josef,War,2011
149992,Blind,Drama,2007
149992,Blind,Romance,2007
234504,Install,Comedy,2004
234504,Install,Drama,2004
226732,Genius of the Modern World: Nietzsche,Documentary,2016
142691,Evidence,Horror,2011
200626,Blondie Hits the Jackpot,Comedy,1949
2908,Boys Don't Cry,Drama,1999
2212,"Man Who Knew Too Much, The",Drama,1934
2212,"Man Who Knew Too Much, The",Thriller,1934
2810,Perfect Blue,Animation,1997
2810,Perfect Blue,Horror,1997
2810,Perfect Blue,Mystery,1997
2810,Perfect Blue,Thriller,1997
258725,Amazing Grace,Comedy,1974
8955,Undertow,Crime,2004
8955,Undertow,Drama,2004
8955,Undertow,Thriller,2004
282,Nell,Drama,1994
187967,Miss Dial,Comedy,2013
207491,Takeshi: Childhood Days,Drama,1990
290838,Runaway Father,Drama,1991
282319,Nobody's Calling,Drama,1960
282319,Nobody's Calling,Romance,1960
282319,Nobody's Calling,War,1960
92391,Grave Encounters,Horror,2011
32655,"Foul King, The (Banchikwang)",Comedy,2000
4315,Gabriela,Comedy,2001
4315,Gabriela,Drama,2001
4315,Gabriela,Romance,2001
279748,Goopy Bagha Feere Elo,Children,1992
279748,Goopy Bagha Feere Elo,Fantasy,1992
1777,"Wedding Singer, The",Comedy,1998
1777,"Wedding Singer, The",Romance,1998
126771,Uprise,Drama,2008
256147,Curveball,Comedy,2020
256147,Curveball,Crime,2020
256147,Curveball,Thriller,2020
288817,Nam June Paik: Moon Is The Oldest TV,Documentary,2023
7088,Black Orpheus (Orfeu Negro),Drama,1959
7088,Black Orpheus (Orfeu Negro),Romance,1959
182185,Elmer Elephant,Animation,1936
152226,Kill Game,Horror,2015
69027,OSS 117 - Lost in Rio (OSS 117: Rio ne répond plus),Adventure,2009
69027,OSS 117 - Lost in Rio (OSS 117: Rio ne répond plus),Comedy,2009
236209,The United States vs. Billie Holiday,Drama,2021
103829,Tinpis Run,Comedy,1991
103829,Tinpis Run,Drama,1991
144966,Alive,Drama,2006
144966,Alive,Fantasy,2006
144966,Alive,Mystery,2006
188429,I'm Flash!,Action,2012
188429,I'm Flash!,Drama,2012
69241,Berlin Alexanderplatz,Drama,1980
174851,The Last Rescue,Action,2015
174851,The Last Rescue,Drama,2015
174851,The Last Rescue,War,2015
97039,"Man in Grey, The",Drama,1943
97039,"Man in Grey, The",Romance,1943
90706,"China 9, Liberty 37 (Amore, piombo e furore)",Western,1978
172979,William S. Burroughs: Commissioner of Sewers,Documentary,1991
927,"Women, The",Comedy,1939
208617,Kingdom of the Blue Whale,Documentary,2009
151555,"It's Not You, It's Me",Comedy,2013
217158,The Horde,Action,2016
217158,The Horde,Horror,2016
195007,Bad Ben - The Mandela Effect,Comedy,2018
195007,Bad Ben - The Mandela Effect,Horror,2018
97765,ReGeneration,Documentary,2010
230719,Suspense,Drama,1946
230719,Suspense,Romance,1946
123270,Without Reservations,Comedy,1946
123270,Without Reservations,Romance,1946
169070,Traitors,Drama,2013
227987,My Christmas Inn,Romance,2018
173681,White Dew,Comedy,1983
57223,D-War (Dragon Wars),Action,2007
57223,D-War (Dragon Wars),Adventure,2007
57223,D-War (Dragon Wars),Drama,2007
57223,D-War (Dragon Wars),Fantasy,2007
180865,Mission Stardust,Sci-Fi,1967
156087,The Woods Are Still Green,Drama,2014
156087,The Woods Are Still Green,War,2014
219838,At The Moon,Adventure,2020
219838,At The Moon,Drama,2020
219838,At The Moon,Thriller,2020
86190,Hanna,Action,2011
86190,Hanna,Adventure,2011
86190,Hanna,Mystery,2011
86190,Hanna,Thriller,2011
37857,MirrorMask,Adventure,2005
37857,MirrorMask,Children,2005
37857,MirrorMask,Drama,2005
37857,MirrorMask,Fantasy,2005
149988,Dossier K.,Action,2009
149988,Dossier K.,Crime,2009
149988,Dossier K.,Drama,2009
149988,Dossier K.,Thriller,2009
187463,Stephanie,Drama,2017
187463,Stephanie,Fantasy,2017
187463,Stephanie,Horror,2017
187463,Stephanie,Mystery,2017
5324,Life or Something Like It,Comedy,2002
5324,Life or Something Like It,Romance,2002
189123,Maineland,Documentary,2017
282399,"Relax, I’m From The Future",Comedy,2022
282399,"Relax, I’m From The Future",Sci-Fi,2022
233197,The Man in the Woods,Mystery,2020
233197,The Man in the Woods,Thriller,2020
282179,ThuleTuvalu,Documentary,2014
7888,How to Succeed in Business Without Really Trying,Comedy,1967
7888,How to Succeed in Business Without Really Trying,Musical,1967
248112,The Haunted Hotel,Horror,2021
284631,Love in Glacier National: A National Park Romance,Comedy,2023
284631,Love in Glacier National: A National Park Romance,Romance,2023
181387,Zwerbowana miłość,Action,2010
181387,Zwerbowana miłość,Drama,2010
248298,Don't Tell Your Wife About It,Comedy,1937
31349,I Married a Witch,Comedy,1942
31349,I Married a Witch,Fantasy,1942
31349,I Married a Witch,Romance,1942
189313,San Antonio,Action,2004
189313,San Antonio,Comedy,2004
140279,Eldorado,Comedy,2008
140279,Eldorado,Drama,2008
90211,Salaam Cinema,Comedy,1995
90211,Salaam Cinema,Documentary,1995
90211,Salaam Cinema,Drama,1995
174497,The Salad Mixxxer,Comedy,2014
138394,Mai Stati Uniti,Comedy,2012
139667,Nowhere to Hide,Thriller,2009
150044,Buitenspel,Drama,2005
5298,Human Nature,Comedy,2001
5298,Human Nature,Romance,2001
165439,Kill Buljo 2,Comedy,2013
149864,Central Airport,Drama,1933
134712,Magician: The Astonishing Life and Work of Orson Welles,Documentary,2014
2803,"Pelican Brief, The",Crime,1993
2803,"Pelican Brief, The",Drama,1993
2803,"Pelican Brief, The",Mystery,1993
2803,"Pelican Brief, The",Romance,1993
2803,"Pelican Brief, The",Thriller,1993
181079,Tumhari Sulu,Comedy,2017
181079,Tumhari Sulu,Drama,2017
121729,The Challenge,Drama,1970
121729,The Challenge,War,1970
123713,The Longest Hundred Miles,Drama,1967
123713,The Longest Hundred Miles,War,1967
262251,Monster from the Ocean Floor,Horror,1954
262251,Monster from the Ocean Floor,Sci-Fi,1954
158088,The Circle,Documentary,1985
132914,Emmanuelle 6,Drama,1992
132914,Emmanuelle 6,Romance,1992
162026,Return of the Scarlet Pimpernel,Action,1937
162026,Return of the Scarlet Pimpernel,Romance,1937
226746,Cadaver,Drama,2020
226746,Cadaver,Horror,2020
226746,Cadaver,Thriller,2020
52973,Knocked Up,Comedy,2007
52973,Knocked Up,Drama,2007
52973,Knocked Up,Romance,2007
100946,Fantomas (Fantômas - À l'ombre de la guillotine),Crime,1913
100946,Fantomas (Fantômas - À l'ombre de la guillotine),Drama,1913
280496,Sunshine Dad,Comedy,1916
139573,Stag,Comedy,2013
4420,"Barefoot Contessa, The",Drama,1954
164697,The Dwarvenaut,Documentary,2016
124035,The Romance of Rosy Ridge,Comedy,1947
124035,The Romance of Rosy Ridge,Drama,1947
124035,The Romance of Rosy Ridge,Romance,1947
104283,"Wind Rises, The (Kaze tachinu)",Animation,2013
104283,"Wind Rises, The (Kaze tachinu)",Drama,2013
104283,"Wind Rises, The (Kaze tachinu)",Romance,2013
285109,To Catch a Killer,Action,2023
285109,To Catch a Killer,Crime,2023
285109,To Catch a Killer,Thriller,2023
56869,Drained (O cheiro do Ralo),Comedy,2006
178171,Conventioneers,Comedy,2005
178171,Conventioneers,Drama,2005
178171,Conventioneers,Romance,2005
211277,The Incredible Genie,Children,1999
211277,The Incredible Genie,Comedy,1999
220918,Always Say Yes,Romance,2019
193399,The Under-Gifted In Vacation,Comedy,1982
121753,Triplecross,Action,1995
121753,Triplecross,Crime,1995
121753,Triplecross,Romance,1995
121753,Triplecross,Thriller,1995
286427,Master Gardener,Crime,2023
286427,Master Gardener,Drama,2023
286427,Master Gardener,Thriller,2023
159437,Azhar,Drama,2016
60666,Jimmy Carter Man from Plains,Documentary,2007
50160,Miss Potter,Drama,2006
112601,Dogs,Horror,1976
112601,Dogs,Thriller,1976
166880,Kevorkian,Documentary,2010
171561,The Best Day Ever,Comedy,2015
152431,The Beauty Jungle,Comedy,1964
152431,The Beauty Jungle,Drama,1964
223842,From Bedrooms to Billions: The PlayStation Revolution,Documentary,2020
5808,"Weight of Water, The",Thriller,2000
152326,Freddie as F.R.O.7.,Adventure,1992
152326,Freddie as F.R.O.7.,Animation,1992
152326,Freddie as F.R.O.7.,Children,1992
152326,Freddie as F.R.O.7.,Fantasy,1992
1198,Raiders of the Lost Ark (Indiana Jones and the Raiders of the Lost Ark),Action,1981
1198,Raiders of the Lost Ark (Indiana Jones and the Raiders of the Lost Ark),Adventure,1981
177983,Long Dream,Horror,2000
177983,Long Dream,Sci-Fi,2000
185851,The Last Movie Star,Drama,2017
202970,Shadow Play,Horror,1986
202970,Shadow Play,Mystery,1986
180593,The Dawning,Drama,1988
180593,The Dawning,Thriller,1988
8681,Lancelot of the Lake (Lancelot du Lac),Drama,1974
8681,Lancelot of the Lake (Lancelot du Lac),War,1974
185303,The Dead Nation,Documentary,2017
114060,The Drop,Crime,2014
114060,The Drop,Drama,2014
114060,The Drop,Thriller,2014
118926,Straight Into Darkness,Action,2004
118926,Straight Into Darkness,Drama,2004
118926,Straight Into Darkness,War,2004
27564,Sex Is Comedy,Comedy,2002
27564,Sex Is Comedy,Drama,2002
27564,Sex Is Comedy,Romance,2002
203841,#Selfie69,Action,2016
203841,#Selfie69,Comedy,2016
203841,#Selfie69,Romance,2016
234701,The Secret Life of Lance Letscher,Documentary,2017
132496,Danny Collins,Comedy,2015
132496,Danny Collins,Drama,2015
141271,Having Wonderful Time,Comedy,1938
141271,Having Wonderful Time,Romance,1938
122591,John Loves Mary,Comedy,1949
61136,"Objective, The",Horror,2008
61136,"Objective, The",Sci-Fi,2008
61136,"Objective, The",Thriller,2008
61136,"Objective, The",War,2008
147456,The Legend of Longwood,Adventure,2014
147456,The Legend of Longwood,Children,2014
147456,The Legend of Longwood,Drama,2014
134863,"Big Love Story, A",Comedy,2012
134863,"Big Love Story, A",Romance,2012
91167,"Inconvenient Tax, An",Documentary,2011
260273,Hotel Room,Drama,1998
281222,Satan in Prison,Comedy,1907
279654,Gift of the Hoopoe,Animation,2009
189675,José Rizal,Drama,1998
189675,José Rizal,War,1998
175255,The Libertine,Comedy,2000
134210,Shinsengumi: Assassins of Honor,Action,1970
134210,Shinsengumi: Assassins of Honor,Drama,1970
135846,Trava: Fist Planet,Animation,2003
135846,Trava: Fist Planet,Sci-Fi,2003
202840,The Annihilators,Action,1985
202840,The Annihilators,Crime,1985
202840,The Annihilators,Drama,1985
243908,To Hell and Back: The Kane Hodder Story,Documentary,2017
162348,The 9th Life of Louis Drax,Mystery,2016
162348,The 9th Life of Louis Drax,Thriller,2016
178061,"I, Tonya",Drama,2017
174439,Orange Sunshine,Documentary,2016
68237,Moon,Drama,2009
68237,Moon,Mystery,2009
68237,Moon,Sci-Fi,2009
68237,Moon,Thriller,2009
248284,Anupama,Children,1966
248284,Anupama,Drama,1966
70312,"Family Secret, A (Le secret de ma mère)",Comedy,2006
70312,"Family Secret, A (Le secret de ma mère)",Drama,2006
70312,"Family Secret, A (Le secret de ma mère)",Musical,2006
177765,Coco,Adventure,2017
177765,Coco,Animation,2017
177765,Coco,Children,2017
43556,Annapolis,Drama,2006
135410,Jig,Documentary,2011
