Country Name,Country Code,year,EG.CFT.ACCS.RU.ZS,EG.CFT.ACCS.ZS,EG.CFT.ACCS.UR.ZS,EG.ELC.ACCS.ZS,EG.ELC.ACCS.RU.ZS,EG.ELC.ACCS.UR.ZS,FX.OWN.TOTL.ZS,FX.OWN.TOTL.FE.ZS,FX.OWN.TOTL.MA.ZS,FX.OWN.TOTL.OL.ZS,FX.OWN.TOTL.40.ZS,FX.OWN.TOTL.PL.ZS,FX.OWN.TOTL.60.ZS,FX.OWN.TOTL.SO.ZS,FX.OWN.TOTL.YG.ZS,per_si_allsi.adq_pop_tot,per_allsp.adq_pop_tot,per_sa_allsa.adq_pop_tot,per_lm_alllm.adq_pop_tot,SE.PRM.TENR,SE.PRM.TENR.FE,SE.PRM.TENR.MA,NY.ADJ.NNTY.KD.ZG,NY.ADJ.SVNG.CD,NY.ADJ.AEDU.CD,SM.POP.ASYS.EO,SM.POP.ASYS.EA,SP.POP.DPND,SH.HIV.INCD,SH.HIV.INCD.TL,SP.POP.DPND.OL,SP.POP.DPND.YG,AG.LND.AGRI.ZS,AG.LND.AGRI.K2,AG.LND.IRIG.AG.ZS,SL.TLF.0714.WK.FE.TM,SL.TLF.0714.WK.MA.TM,SL.TLF.0714.WK.TM,SL.TLF.0714.SW.MA.TM,SL.TLF.0714.SW.FE.TM,SL.TLF.0714.SW.TM,SP.REG.BRTH.ZS,NY.GDP.COAL.RT.ZS,SP.DYN.CDRT.IN,EN.CLC.DRSK.XQ,SL.EMP.MPYR.MA.ZS,SL.EMP.MPYR.FE.ZS,SL.EMP.MPYR.ZS
Afghanistan,AFG,2018,14.5,31.4,82.6,93.4,91.6,98.8,NA,NA,NA,NA,NA,NA,NA,NA,NA,NA,NA,NA,NA,NA,NA,NA,NA,NA,482833320.042869,310107,281,89.8496059758101,1000,1100,4.49396889834487,85.3556370774652,58.2769881790166,380100,5.1223362273086,NA,NA,NA,NA,NA,NA,NA,0.541363923742697,7.271,NA,2.43502006355234,1.67489547635969,2.27635179617964
Afghanistan,AFG,2019,15.6,32.6,83.2,97.7,97.1,99.5,NA,NA,NA,NA,NA,NA,NA,NA,NA,NA,NA,NA,NA,NA,NA,NA,NA,NA,498263992.940825,251047,247,88.5120276122222,1000,1200,4.47933729391896,84.0326903183033,58.2769881790166,380100,6.00631412786109,NA,NA,NA,NA,NA,NA,NA,0.334119584032567,7.064,NA,2.10966111075194,1.05997729500053,1.9009848903797
Afghanistan,AFG,2020,16.4,33.8,83.8,97.7,97.1,99.5,NA,NA,NA,NA,NA,NA,NA,NA,NA,NA,NA,NA,NA,NA,NA,NA,NA,NA,527512991.719678,238791,167,87.2478169146763,1000,1100,4.43914504829198,82.8086718663843,58.7415482268525,383130,6.50692976274372,NA,NA,NA,NA,NA,NA,NA,0.00700147458719358,7.565,NA,1.85278633677128,0.732126094177491,1.6432602739863
Afghanistan,AFG,2021,17.4,34.9,84.5,97.7,97.1,99.5,9.65,4.7,14.79,10.81,5.86,5.18,12.18,23.4,7.55,NA,NA,NA,NA,NA,NA,NA,-19.5057334581634,NA,386856048.870212,262860,251,86.0834681804276,1100,1200,4.37770795171109,81.7057602287166,58.7415482268525,383130,6.50692976274372,NA,NA,NA,NA,NA,NA,NA,0.0193977562950517,8.002,NA,1.69521392194452,0.693545005548214,1.52556085558896
Afghanistan,AFG,2022,18.5,36.1,85,85.3,81.7,95.9,NA,NA,NA,NA,NA,NA,NA,NA,NA,NA,NA,NA,NA,NA,NA,NA,NA,NA,NA,294493,218,84.9624893289139,1100,1300,4.35612777763319,80.6063615512807,58.7415482268525,NA,NA,NA,NA,NA,NA,NA,NA,NA,NA,5.993,NA,1.51258763042956,0.522516201694947,1.45463589117742
Afghanistan,AFG,2023,NA,NA,NA,85.3,81.4,96,NA,NA,NA,NA,NA,NA,NA,NA,NA,NA,NA,NA,NA,NA,NA,NA,NA,NA,NA,296033,250,83.8361728436287,NA,NA,4.37077621707188,79.4653966265569,NA,NA,NA,NA,NA,NA,NA,NA,NA,NA,NA,5.797,NA,1.47495870937318,0.589395370542796,1.4232002677188
Afghanistan,AFG,2024,NA,NA,NA,NA,NA,NA,NA,NA,NA,NA,NA,NA,NA,NA,NA,NA,NA,NA,NA,NA,NA,NA,NA,NA,NA,NA,NA,82.7768483158234,NA,NA,4.388419486435,78.3884288293884,NA,NA,NA,NA,NA,NA,NA,NA,NA,NA,NA,NA,NA,NA,NA,NA
Argentina,ARG,2018,96.9,99.8,99.9,100,99.9,100,NA,NA,NA,NA,NA,NA,NA,NA,NA,44.0031979195012,38.7727308032567,9.85415555635774,12.9455399099423,NA,NA,NA,-5.60684741825986,10577131995.145,24944169422.8991,489,6102,55.8529254060554,NA,NA,17.8664360458422,37.9864893602132,42.3614771494031,1159577.597,1.19957474480252,NA,NA,NA,NA,NA,NA,NA,3.48869953405893e-4,7.583,NA,4.83752954755793,2.60165224702742,3.91126879320381
Argentina,ARG,2019,97.1,99.9,99.9,100,100,100,NA,NA,NA,NA,NA,NA,NA,NA,NA,43.7191192110151,39.0441857471728,11.3164002084426,11.3260519943921,NA,NA,NA,-5.09453160471651,14897309309.4755,20778236310.9186,932,7981,55.5931801951266,NA,NA,18.0994378665041,37.4937423286225,42.6057296222809,1165577.597,NA,NA,NA,NA,NA,NA,NA,NA,5.23970165766831e-4,7.676,NA,4.80455287880549,2.38565380674943,3.7921740189121
Argentina,ARG,2020,97.3,99.9,99.9,100,100,100,NA,NA,NA,NA,NA,NA,NA,NA,NA,45.7762165406002,39.3013378655558,17.3288836903957,20.3597546745681,NA,NA,NA,-7.83638320582234,29256476459.5336,18923282005.2854,1189,9176,55.0207968902513,NA,NA,18.2822768577117,36.7385200325396,43.0005774859411,1177577.597,NA,NA,NA,NA,NA,NA,NA,99.7,9.62586968364024e-5,8.45,NA,3.7856441054782,1.74689491466564,2.93303138044637
Argentina,ARG,2021,97.4,99.9,99.9,100,100,100,71.63,73.75,69.56,70.62,65.23,57.1,75.82,79.69,75.37,41.6440652354868,36.5605192686668,12.1258917269735,8.71598692502234,NA,NA,NA,12.4895557692886,55440253035.4655,24056828336.1412,1774,11026,54.2195244410156,NA,NA,18.3808404939187,35.8386839470968,43.1099197570788,1179577.597,NA,NA,NA,NA,NA,NA,NA,NA,1.57746419195732e-4,9.725,NA,4.48181264134991,2.30479846315202,3.56995301635816
Argentina,ARG,2022,97.7,99.9,99.9,100,100,100,NA,NA,NA,NA,NA,NA,NA,NA,NA,39.8905155907983,34.3468530909493,12.8166668182062,14.5662160283257,NA,NA,NA,NA,NA,NA,2271,11100,53.3385463867822,NA,NA,18.4528820822776,34.8856643045046,43.427782101736,NA,NA,NA,NA,NA,NA,NA,NA,NA,NA,8.797,NA,4.28713236901607,2.27338866298832,3.43055589207951
Argentina,ARG,2023,NA,NA,NA,100,100,100,NA,NA,NA,NA,NA,NA,NA,NA,NA,NA,NA,NA,NA,NA,NA,NA,NA,NA,NA,4388,7129,52.4243366823125,NA,NA,18.600375437612,33.8239612447006,NA,NA,NA,NA,NA,NA,NA,NA,NA,NA,NA,7.668,NA,4.07605770994619,2.29266549593844,3.31014563835596
Argentina,ARG,2024,NA,NA,NA,NA,NA,NA,NA,NA,NA,NA,NA,NA,NA,NA,NA,NA,NA,NA,NA,NA,NA,NA,NA,NA,NA,NA,NA,51.5609570038159,NA,NA,18.8178147185688,32.7431422852471,NA,NA,NA,NA,NA,NA,NA,NA,NA,NA,NA,NA,NA,NA,NA,NA
Australia,AUS,2018,100,100,100,100,100,100,NA,NA,NA,NA,NA,NA,NA,NA,NA,NA,NA,NA,NA,NA,NA,NA,NA,84325679533.6974,69322524330.2439,17,60645,52.4455151692804,1000,880,23.8439530509551,28.6015621183253,46.6580950127535,3588950,0.640298694604271,NA,NA,NA,NA,NA,NA,NA,0.79660582885988,6.3,NA,7.65184570198532,2.94595603519649,5.45118258395823
Australia,AUS,2019,100,100,100,100,100,100,NA,NA,NA,NA,NA,NA,NA,NA,NA,NA,NA,NA,NA,NA,NA,NA,NA,84709758703.631,67425211189.5042,50,77362,52.9197584315896,1000,750,24.383152985158,28.5366054464316,47.1237724290889,3624770,0.539344565310351,NA,NA,NA,NA,NA,NA,NA,0.691993900604111,6.7,NA,8.00411298274153,3.1807855178985,5.74078653492429
Australia,AUS,2020,100,100,100,100,100,100,NA,NA,NA,NA,NA,NA,NA,NA,NA,NA,NA,NA,NA,NA,NA,NA,NA,92843650409.261,64987464910.2899,12,80801,53.6061246381616,1000,570,25.0972747499351,28.5088498882266,46.2524798427461,3557750,0.427517391609866,NA,NA,NA,NA,NA,NA,NA,0.544915652209042,6.3,NA,7.5323853940993,2.96369354659269,5.38395877239142
Australia,AUS,2021,100,100,100,100,100,100,99.32,100,98.59,99.18,98.3,86.48,100,99.79,100,NA,NA,NA,NA,NA,NA,NA,NA,98542134250.3699,76931642189.4622,21,82810,54.2558157593525,500,500,25.8365969160502,28.4192188433023,47.2592374954823,3635190,0.535047686640863,NA,NA,NA,NA,NA,NA,NA,0.786459619916648,6.7,NA,6.98153125066574,2.55291335397346,4.89005439840883
Australia,AUS,2022,100,100,100,100,100,100,NA,NA,NA,NA,NA,NA,NA,NA,NA,NA,NA,NA,NA,NA,NA,NA,NA,NA,NA,25,90549,54.5847729738097,NA,NA,26.3953997265958,28.1893732472139,47.2592374954823,NA,NA,NA,NA,NA,NA,NA,NA,100,NA,7.3,NA,6.85749360183488,2.55418356094444,4.81485145571286
Australia,AUS,2023,NA,NA,NA,100,100,100,NA,NA,NA,NA,NA,NA,NA,NA,NA,NA,NA,NA,NA,NA,NA,NA,NA,NA,NA,68,82625,54.833053326734,NA,NA,26.9162152867337,27.9168380400003,NA,NA,NA,NA,NA,NA,NA,NA,NA,NA,NA,6.9,NA,6.69979629265182,2.50043682512029,4.70631924420847
Australia,AUS,2024,NA,NA,NA,NA,NA,NA,NA,NA,NA,NA,NA,NA,NA,NA,NA,NA,NA,NA,NA,NA,NA,NA,NA,NA,NA,NA,NA,55.211695005195,NA,NA,27.5190584240776,27.6926365811174,NA,NA,NA,NA,NA,NA,NA,NA,NA,NA,NA,NA,NA,NA,NA,NA
Bangladesh,BGD,2018,6.8,21.9,55.3,86.9,81.3,96.6,NA,NA,NA,NA,NA,NA,NA,NA,NA,NA,NA,NA,NA,NA,NA,NA,9.13676708957532,84803301378.5201,5027073862.61153,58843,39,54.3273751721014,1000,1300,8.42340995776793,45.9039652143335,70.694476453868,96273,57.717262368473,NA,NA,NA,NA,NA,NA,25.2,0.0155150936968582,5.442,NA,6.29083387974206,0.777913946347064,4.48830675533334
Bangladesh,BGD,2019,7.7,23.5,56.4,92.2,88.9,97.8,NA,NA,NA,NA,NA,NA,NA,NA,NA,NA,NA,NA,NA,NA,NA,NA,14.3601021138224,121402983643.082,4920136108.64201,62860,34,54.1751879343991,1000,1300,8.73026000966038,45.4449279247387,72.1902127986479,98720,78.7783630470016,NA,NA,NA,NA,NA,NA,56,0.00907068775272057,5.372,NA,6.31218614395251,0.91334154097397,4.49554267238867
Bangladesh,BGD,2020,8.8,24.9,57.3,96.2,95.2,97.8,NA,NA,NA,NA,NA,NA,NA,NA,NA,NA,NA,NA,NA,NA,NA,NA,4.17225450425094,131828287055.719,5239773602.83109,64636,18,54.0679893713504,1000,1300,8.99007678263529,45.0779125887151,72.4437274333564,99280,79.3614020950846,NA,NA,NA,NA,NA,NA,NA,0.00725364048807305,6.126,NA,6.27545766021991,1.09447299354697,4.48557540589268
Bangladesh,BGD,2021,9.8,26.4,58.5,99,98.5,99.7,52.81,43.46,62.86,54.55,48.65,46.57,55.57,56.63,47.8,NA,NA,NA,NA,NA,NA,NA,7.4007980625622,141020395858.264,5896415883.15113,65495,48,53.9605921368888,1000,1200,9.19731840432484,44.763273732564,72.3515402934624,100680,78.9034564958284,NA,NA,NA,NA,NA,NA,NA,0.0132526717304666,6.317,NA,6.29876858794098,1.25033002947074,4.50130881525909
Bangladesh,BGD,2022,11.1,28,59.3,99.4,99.2,100,NA,NA,NA,NA,NA,NA,NA,NA,NA,22.9578311598415,2.87456668403082,1.62061610206386,2.77442056306217,NA,NA,NA,NA,NA,NA,61298,24,53.6222137721463,1000,1300,9.42496463313091,44.1972491390154,72.3515402934624,NA,NA,NA,NA,NA,NA,NA,NA,NA,NA,5.037,NA,6.22424888805248,1.4978729012494,4.50221565565253
Bangladesh,BGD,2023,NA,NA,NA,99.5,99.6,99.5,NA,NA,NA,NA,NA,NA,NA,NA,NA,NA,NA,NA,NA,NA,NA,NA,NA,NA,NA,75867,0,53.0958193080833,NA,NA,9.67649438187319,43.4193249262101,NA,NA,NA,NA,NA,NA,NA,NA,NA,NA,NA,5.01,NA,6.25186731594594,1.50522051017339,4.51701260071297
Bangladesh,BGD,2024,NA,NA,NA,NA,NA,NA,NA,NA,NA,NA,NA,NA,NA,NA,NA,NA,NA,NA,NA,NA,NA,NA,NA,NA,NA,NA,NA,52.6423780619832,NA,NA,9.91940845499206,42.7229696069912,NA,NA,NA,NA,NA,NA,NA,NA,NA,NA,NA,NA,NA,NA,NA,NA
Bhutan,BTN,2018,74,83.3,97.7,100,99.9,100,NA,NA,NA,NA,NA,NA,NA,NA,NA,NA,NA,NA,NA,90.06547,90.79405,89.35873,3.62018051521378,433009068.407267,129331957.809415,390,NA,44.6530941741602,100,100,8.48639355404976,36.1667006201105,13.4504457262716,5130,NA,NA,NA,NA,NA,NA,NA,NA,0,6.48,NA,0.375786488004108,0.186217008797654,0.300786337280973
Bhutan,BTN,2019,75.8,84.7,97.8,100,100,100,NA,NA,NA,NA,NA,NA,NA,NA,NA,NA,NA,NA,NA,NA,NA,NA,10.5128553464171,543244405.911496,133945556.831105,413,NA,43.0441182246478,100,100,8.47969895843659,34.5644192662112,13.4504457262716,5130,NA,NA,NA,NA,NA,NA,NA,NA,0,6.35,NA,1.2578760034908,0.334852272946379,0.874077318321173
Bhutan,BTN,2020,77.9,86,97.8,100,100,100,NA,NA,NA,NA,NA,NA,NA,NA,NA,NA,NA,NA,NA,NA,NA,NA,-4.57949263990133,398279365.263675,126756098.045406,411,NA,41.6259265390204,100,100,8.5230554176093,33.1028711214111,13.2900943890928,5130,NA,NA,NA,NA,NA,NA,NA,NA,0,6.275,NA,0.968504294868881,0.387405569892339,0.724079048804296
Bhutan,BTN,2021,80.1,86.8,97.9,100,100,100,NA,NA,NA,NA,NA,NA,NA,NA,NA,NA,NA,NA,NA,NA,NA,NA,0.388570671714234,318267841.567752,138464662.895285,487,NA,40.4434390615407,100,100,8.60453617657872,31.8389028849619,12.8969428421605,5130,NA,NA,NA,NA,NA,NA,NA,NA,0,6.234,NA,0.875278347333378,0.20938223293326,0.59226205567669
Bhutan,BTN,2022,81.4,88,97.9,100,100,100,NA,NA,NA,NA,NA,NA,NA,NA,NA,16.8723040858719,14.3813659344017,12.1402324796397,NA,NA,NA,NA,NA,NA,NA,465,NA,39.4402135580812,100,100,8.7090985384842,30.731115019597,12.798329837441,NA,NA,NA,NA,NA,NA,NA,NA,NA,NA,6.143,NA,0.826380541610691,0.484476742893971,0.698905831780978
Bhutan,BTN,2023,NA,NA,NA,100,100,100,NA,NA,NA,NA,NA,NA,NA,NA,NA,NA,NA,NA,NA,NA,NA,NA,NA,NA,NA,468,NA,38.5621629050646,NA,NA,8.82468508439157,29.737477820673,NA,NA,NA,NA,NA,NA,NA,NA,NA,NA,NA,6.11,NA,0.540088920717333,0.459571930461387,0.508145500366451
Bhutan,BTN,2024,NA,NA,NA,NA,NA,NA,NA,NA,NA,NA,NA,NA,NA,NA,NA,NA,NA,NA,NA,NA,NA,NA,NA,NA,NA,NA,NA,37.7478603176371,NA,NA,8.94559516061105,28.8022651570261,NA,NA,NA,NA,NA,NA,NA,NA,NA,NA,NA,NA,NA,NA,NA,NA
Canada,CAN,2018,100,100,100,100,100,100,NA,NA,NA,NA,NA,NA,NA,NA,NA,NA,NA,NA,NA,NA,NA,NA,2.32518019131996,99047580879.6067,77027754104.1718,79,78766,49.733479510056,1700,2000,25.64886923064,24.084610279416,6.45681990811536,578892,NA,NA,NA,NA,NA,NA,NA,NA,0.0853870422151225,7.7,NA,6.13337025573111,2.59721744626694,4.46279174233887
Canada,CAN,2019,100,100,100,100,100,100,NA,NA,NA,NA,NA,NA,NA,NA,NA,NA,NA,NA,NA,NA,NA,NA,1.8746098099151,103269882699.644,77023158507.5124,88,97017,50.4105729188803,1600,1800,26.3697715591015,24.0408013597788,6.43435624426279,576878,NA,NA,NA,NA,NA,NA,NA,NA,0.053736494242235,7.6,NA,5.7883139379967,2.4888870102308,4.22732012269571
Canada,CAN,2020,100,100,100,100,100,100,NA,NA,NA,NA,NA,NA,NA,NA,NA,NA,NA,NA,NA,NA,NA,NA,-7.42597160432373,62274273094.5844,72876039708.9169,108,85352,51.1983504754589,1400,1500,27.1936414105089,24.00470906495,6.37073522211031,571174,NA,NA,NA,NA,NA,NA,NA,NA,0.0442539359555517,8.1,NA,5.69422351617276,2.36805264167422,4.13310403672245
Canada,CAN,2021,100,100,100,100,100,100,99.63,99.51,99.77,99.56,99.37,90.16,99.81,99.88,100,NA,NA,NA,NA,NA,NA,NA,8.80009263767232,149729878001.273,88424162323.2619,126,63144,52.0342485398259,NA,NA,28.0993647538034,23.9348837860225,6.48457678610033,569910,NA,NA,NA,NA,NA,NA,NA,NA,0.0730211132400775,8.2,NA,5.3672780695485,2.23635632712889,3.89123588050752
Canada,CAN,2022,100,100,100,100,100,100,NA,NA,NA,NA,NA,NA,NA,NA,NA,NA,NA,NA,NA,NA,NA,NA,NA,NA,NA,218,113066,52.6453169336305,NA,NA,28.9121642638266,23.7331526698039,6.49436207857817,NA,NA,NA,NA,NA,NA,NA,NA,100,NA,8.6,NA,5.17360791401783,2.03580537850874,3.68571925063632
Canada,CAN,2023,NA,NA,NA,100,100,100,NA,NA,NA,NA,NA,NA,NA,NA,NA,NA,NA,NA,NA,NA,NA,NA,NA,NA,NA,311,197961,53.0518455100351,NA,NA,29.6279601722539,23.4238853377812,NA,NA,NA,NA,NA,NA,NA,NA,NA,NA,NA,8.1,NA,5.22868284257601,2.03345559135464,3.71357317492948
Canada,CAN,2024,NA,NA,NA,NA,NA,NA,NA,NA,NA,NA,NA,NA,NA,NA,NA,NA,NA,NA,NA,NA,NA,NA,NA,NA,NA,NA,NA,53.6355843539122,NA,NA,30.4192175943975,23.2163667595147,NA,NA,NA,NA,NA,NA,NA,NA,NA,NA,NA,NA,NA,NA,NA,NA
China,CHN,2018,62.1,79.5,91.5,100,100,100,NA,NA,NA,NA,NA,NA,NA,NA,NA,NA,NA,NA,NA,NA,NA,NA,4.14360940267872,2401645909054.04,247624815977.905,94351,583,42.5408726929072,NA,NA,16.4153050771481,26.1255676157591,55.5427392442223,5214469,NA,NA,NA,NA,NA,NA,NA,NA,0.582602393231466,7.08,NA,5.20793461376652,2.77590803936496,4.10978506162666
China,CHN,2019,65.8,82,92.7,100,100,100,NA,NA,NA,NA,NA,NA,NA,NA,NA,NA,NA,NA,NA,NA,NA,NA,4.57347638266063,2276763862040.94,254894715503.291,104248,644,43.3873633674887,NA,NA,17.2944746246392,26.0928887428495,55.462649429444,5206950,NA,NA,NA,NA,NA,NA,NA,NA,0.448117054740137,7.09,NA,5.18769397686548,2.77423843408806,4.09555032474287
China,CHN,2020,69.5,83.8,93.6,100,100,100,NA,NA,NA,NA,NA,NA,NA,NA,NA,NA,NA,NA,NA,NA,NA,NA,0.323029452410452,2228837332119.71,260804229509.622,108071,743,44.0923748389161,NA,NA,18.2208231849821,25.871551653934,55.4526368711394,5206950,NA,NA,NA,NA,NA,NA,NA,NA,0.359558405712834,7.07,NA,5.09600245767678,2.81590022136246,4.06449938442768
China,CHN,2021,72.4,85.9,94.5,100,100,100,88.71,87.34,89.92,88.91,83.08,83.02,92.46,97.21,88.47,NA,NA,NA,NA,NA,NA,NA,6.88972962154818,2869513259074.11,314544773143.122,118476,785,44.4827701882176,NA,NA,19.0800204763786,25.402749711839,55.4426243128349,5206950,NA,NA,NA,NA,NA,NA,NA,NA,0.607568894164746,7.18,NA,5.07099752953391,2.84820869732524,4.06194013977039
China,CHN,2022,75.8,87.8,95.2,100,100,100,NA,NA,NA,NA,NA,NA,NA,NA,NA,NA,NA,NA,NA,NA,NA,NA,NA,NA,NA,116338,785,44.7256128180315,NA,NA,19.945983165379,24.7796296526525,55.4326117545304,NA,NA,NA,NA,NA,NA,NA,NA,NA,NA,7.37,NA,5.04043639113968,2.85201409098456,4.04775139075287
China,CHN,2023,NA,NA,NA,100,100,100,NA,NA,NA,NA,NA,NA,NA,NA,NA,NA,NA,NA,NA,NA,NA,NA,NA,NA,NA,137143,699,44.7297141014082,NA,NA,20.7196179586136,24.0100961427947,NA,NA,NA,NA,NA,NA,NA,NA,NA,NA,NA,7.87,NA,5.02568862650125,2.83811968774327,4.03314311198343
China,CHN,2024,NA,NA,NA,NA,NA,NA,NA,NA,NA,NA,NA,NA,NA,NA,NA,NA,NA,NA,NA,NA,NA,NA,NA,NA,NA,NA,NA,44.2441142865473,NA,NA,21.1537871680053,23.090327118542,NA,NA,NA,NA,NA,NA,NA,NA,NA,NA,NA,NA,NA,NA,NA,NA
Costa Rica,CRI,2018,86.7,95.3,98.2,99.7,98.9,99.9,NA,NA,NA,NA,NA,NA,NA,NA,NA,36.6642671662945,30.3597730018123,14.8142490731752,NA,97.40817,NA,NA,1.775586416895,9314297491.35607,4115755455.39578,548,32595,45.325680055506,1000,770,14.1579581905208,31.1677218649852,34.9099099099099,17825,NA,NA,NA,NA,NA,NA,NA,NA,0,5.056,NA,4.8021407731772,1.94814003966917,3.69513869641564
Costa Rica,CRI,2019,87.5,95.6,98.2,99.7,98.9,99.9,NA,NA,NA,NA,NA,NA,NA,NA,NA,39.5651987011083,32.4422304732847,14.4505396806252,NA,NA,NA,NA,2.66169894081661,9721059400.95103,4294570093.80816,739,87154,45.422348705756,1000,750,14.6956052046087,30.7267435011473,34.7957892675284,17760,NA,NA,NA,NA,NA,NA,NA,NA,0,5.124,NA,3.71878666492848,1.9268381658118101,2.99722541398673
Costa Rica,CRI,2020,88.4,95.9,98.3,99.9,99.7,99.9,NA,NA,NA,NA,NA,NA,NA,NA,NA,43.6148952192621,36.8590323232973,23.2842682054008,NA,NA,NA,NA,-4.69347898104773,8979579991.79973,4022198355.93137,800,89744,45.3940117878919,1000,730,15.2446934847753,30.1493183031166,34.7067175871524,17860,NA,NA,NA,NA,NA,NA,NA,NA,0,5.573,NA,3.57216172418207,1.69504139442497,2.84849732033587
Costa Rica,CRI,2021,89.15,96.2,98.3,100,100,99.8,68.49,61.08,76.34,65.97,57.23,51.75,75.93,79.97,77.04,39.8740071249579,34.2856492924081,16.0360675162911,NA,NA,NA,NA,5.30687344761527,10175339331.9752,4123394817.86498,989,152507,45.2697789109738,1000,710,15.78411256193,29.4856663490438,34.7283979631806,18110,NA,NA,NA,NA,NA,NA,NA,NA,0,6.567,NA,3.36046579330422,1.69853025779533,2.71130391999167
Costa Rica,CRI,2022,90,96.4,98.3,100,100,100,NA,NA,NA,NA,NA,NA,NA,NA,NA,40.6378866226708,34.6555801552255,15.04331663285,NA,NA,NA,NA,NA,NA,NA,1279,239640,45.1414780435559,1000,710,16.3459335951446,28.7955444484113,34.652428515472,NA,NA,NA,NA,NA,NA,NA,NA,NA,NA,6.106,NA,3.38610206915561,1.52573973378838,2.64393596963078
Costa Rica,CRI,2023,NA,NA,NA,100,100,100,NA,NA,NA,NA,NA,NA,NA,NA,NA,NA,NA,NA,NA,NA,NA,NA,NA,NA,NA,1684,193718,45.0322532261748,NA,NA,16.9960923429693,28.0361608832055,NA,NA,NA,NA,NA,NA,NA,NA,NA,NA,NA,5.457,NA,3.31335290806469,1.95557042183193,2.78743907093753
Costa Rica,CRI,2024,NA,NA,NA,NA,NA,NA,NA,NA,NA,NA,NA,NA,NA,NA,NA,NA,NA,NA,NA,NA,NA,NA,NA,NA,NA,NA,NA,44.9788533469365,NA,NA,17.7238768534232,27.2549764935133,NA,NA,NA,NA,NA,NA,NA,NA,NA,NA,NA,NA,NA,NA,NA,NA
Ecuador,ECU,2018,85.6,94.5,99,98.7,96.9,99.7,NA,NA,NA,NA,NA,NA,NA,NA,NA,34.3363954841896,28.6083354506547,13.1277438452772,NA,97.5804,NA,NA,-2.97835124142041,4479899715.40445,4385266431.64902,17727,17044,52.8957612402445,1900,2100,11.0001244721145,41.89563676813,21.9358995007248,54480,15.8957415565345,NA,NA,NA,NA,NA,NA,NA,0,4.648,NA,3.72481210450811,1.96170424709,3.00437784576621
Ecuador,ECU,2019,85.7,94.4,99,99.1,97.8,99.8,NA,NA,NA,NA,NA,NA,NA,NA,NA,34.7732414861721,29.8881612619175,15.8559177732541,NA,NA,NA,NA,0.789941629579531,5354991287.05235,4444917363.27654,19340,25002,52.1307937287794,1900,2100,11.2697116186031,40.8610821101763,21.4607827347399,53300,17.4484052532833,NA,NA,NA,NA,NA,NA,NA,0,4.753,NA,3.57711859414057,1.77118059633622,2.83432157150307
Ecuador,ECU,2020,85.5,94.4,99,98.9,97.4,99.7,NA,NA,NA,NA,NA,NA,NA,NA,NA,14.16930651355,14.034767070808,12.5420790843681,NA,NA,NA,NA,-5.04199641747545,5860414974.773,4004955082.02872,22090,26001,51.4133224072679,1800,1900,11.4495006166191,39.9638217906488,21.8231599291351,54200,18.450184501845,NA,NA,NA,NA,NA,NA,87.2,0,7.474,NA,3.0150647676925,1.34152569916271,2.34530578222098
Ecuador,ECU,2021,85.6,94.5,99,100,100,100,64.18,57.95,70.59,67.87,59.15,60.21,67.51,66.56,54.54,36.0992885227691,28.3322195182841,15.4670058445165,NA,NA,NA,NA,1.07044397991554,2462753213.58526,3788159766.10149,27286,7137,50.70912096615,1800,1900,11.5599416884375,39.1491792777126,22.024480592688,54700,18.8665447897623,NA,NA,NA,NA,NA,NA,NA,0,7.108,NA,2.93810624706864,1.64794715517351,2.41362246093129
Ecuador,ECU,2022,85.7,94.5,98.9,100,100,100,NA,NA,NA,NA,NA,NA,NA,NA,NA,34.3607289035204,28.3731880784151,14.7848467537791,NA,NA,NA,NA,NA,NA,NA,40358,9754,50.0761078196638,1800,1900,11.7815729993469,38.2945348203168,21.5332581736189,NA,NA,NA,NA,NA,NA,NA,NA,NA,NA,5.363,NA,3.0715070496529,1.69398372797256,2.50308961329881
Ecuador,ECU,2023,NA,NA,NA,98.7,95.5,100,NA,NA,NA,NA,NA,NA,NA,NA,NA,NA,NA,NA,NA,NA,NA,NA,NA,NA,NA,66416,7700,49.4714073657307,NA,NA,12.0965454474112,37.3748619183195,NA,NA,NA,NA,NA,NA,NA,NA,NA,NA,NA,5.128,NA,2.79947134204834,1.59663764901839,2.30872257977783
Ecuador,ECU,2024,NA,NA,NA,NA,NA,NA,NA,NA,NA,NA,NA,NA,NA,NA,NA,NA,NA,NA,NA,NA,NA,NA,NA,NA,NA,NA,NA,48.8091845545471,NA,NA,12.4166360262669,36.3925485282803,NA,NA,NA,NA,NA,NA,NA,NA,NA,NA,NA,NA,NA,NA,NA,NA
El Salvador,SLV,2018,75.2,89.7,96.5,97,92.6,98.7,NA,NA,NA,NA,NA,NA,NA,NA,NA,30.6122846322997,30.1758231669309,NA,NA,81.60033,82.11591,81.1064,0.28155599573634,1365356869.76689,875418717.383145,119271,16,52.7722014739782,1000,910,11.4572635979461,41.3149378760321,57.707528957529,11957,1.86501630843857,NA,NA,NA,NA,NA,NA,91.2,0,7.437,NA,5.74076320451519,2.85052021001246,4.54561801266516
El Salvador,SLV,2019,78.2,90.9,96.9,97.4,93.6,98.8,NA,NA,NA,NA,NA,NA,NA,NA,NA,31.1835214618674,31.1835214618674,NA,NA,NA,NA,NA,3.9436064057828,2029295103.81825,856193200.884155,136277,29,52.2097784509694,1000,870,11.6080791802522,40.6016992707172,57.707528957529,11957,2.12427866521703,NA,NA,NA,NA,NA,NA,NA,0,7.439,NA,4.96313124807264,3.90484117075877,4.52611952838807
El Salvador,SLV,2020,81.5,91.9,97,99.7,100,99.1,NA,NA,NA,NA,NA,NA,NA,NA,NA,NA,NA,NA,NA,NA,NA,NA,-9.94225327075614,2030743113.49606,779356518.549652,149542,53,51.6140634244598,1000,860,11.6890257499698,39.92503767449,57.707528957529,11957,2.29154470184829,NA,NA,NA,NA,NA,NA,NA,0,8.565,NA,4.38142070514752,3.21779181263984,3.90399365428879
El Salvador,SLV,2021,83.7,92.9,97.2,97.9,94.1,99.2,35.85,29.23,44.8,37.12,23.08,27.96,44.32,50.67,31.65,17.7677684004622,6.91772403000048,3.7235103141048,NA,NA,NA,NA,7.5051143241939,1516862525.14422,908915041.694369,153246,66,50.9622853822343,1000,840,11.7183731316379,39.2439122505965,57.707528957529,11957,2.01028686125282,NA,NA,NA,NA,NA,NA,NA,0,8.712,NA,4.63908027844568,2.38833787323889,3.71661413396202
El Salvador,SLV,2022,86,93.8,97.4,100,100,100,NA,NA,NA,NA,NA,NA,NA,NA,NA,19.7852739585722,6.25005906472703,3.22086129774856,NA,NA,NA,NA,NA,NA,NA,148758,54,50.3277720476879,1000,830,11.8182246859614,38.5095473617264,57.707528957529,NA,NA,NA,NA,NA,NA,NA,NA,NA,NA,7.459,NA,5.48114513027647,3.00584198854467,4.46310801752082
El Salvador,SLV,2023,NA,NA,NA,98.3,96.6,99.4,NA,NA,NA,NA,NA,NA,NA,NA,NA,NA,NA,NA,NA,NA,NA,NA,NA,NA,NA,133042,263,49.7246065816785,NA,NA,11.9784450161159,37.7461615655625,NA,NA,NA,NA,NA,NA,NA,NA,NA,NA,NA,7.519,NA,5.99595854150497,3.18335984894841,4.8338155795569
El Salvador,SLV,2024,NA,NA,NA,NA,NA,NA,NA,NA,NA,NA,NA,NA,NA,NA,NA,NA,NA,NA,NA,NA,NA,NA,NA,NA,NA,NA,NA,49.152974332256,NA,NA,12.1539029212667,36.9990714109894,NA,NA,NA,NA,NA,NA,NA,NA,NA,NA,NA,NA,NA,NA,NA,NA
Fiji,FJI,2018,23.8,47.3,65.4,95.1,92.7,96.9,NA,NA,NA,NA,NA,NA,NA,NA,NA,NA,NA,NA,NA,NA,NA,NA,NA,432787956.580667,206515613.631776,1297,17,52.8676645838299,200,200,8.62841113831558,44.2392534455143,17.1592775041051,3135,NA,NA,NA,NA,NA,NA,NA,NA,0,8.939,NA,1.13723281753003,1.40136543298599,1.22561973071599
Fiji,FJI,2019,25.6,49.3,67.7,96.1,94.8,97.1,NA,NA,NA,NA,NA,NA,NA,NA,NA,NA,NA,NA,NA,NA,NA,NA,NA,273066744.072637,198978260.828894,2343,10,52.5393519946514,200,500,8.87910380323419,43.6602481914172,17.1209633278599,3128,NA,NA,NA,NA,NA,NA,NA,NA,0,9.092,NA,1.12906341061966,1.39387328576068,1.21783402510474
Fiji,FJI,2020,27.7,51.8,70,97.1,96.9,97.3,NA,NA,NA,NA,NA,NA,NA,NA,NA,NA,NA,NA,NA,NA,NA,NA,NA,190931848.088245,165953532.358687,2683,5,52.1893676158223,500,500,9.11176129114888,43.0776063246734,17.0552818828681,3116,NA,NA,NA,NA,NA,NA,NA,NA,0,9.286,NA,1.12867104392528,1.36696446564116,1.20892746435214
Fiji,FJI,2021,30,54,72,92.1,86.8,96,NA,NA,NA,NA,NA,NA,NA,NA,NA,NA,NA,NA,NA,NA,NA,NA,NA,NA,160021612.34987,2997,0,51.7722535409475,500,500,9.26366503588546,42.508588505062,17.0552818828681,3116,NA,NA,NA,NA,NA,NA,NA,86.6,0,11.157,NA,1.12823277223511,1.37642825160445,1.2118283834282
Fiji,FJI,2022,31.9,56.1,74.1,92,86.8,97.6,NA,NA,NA,NA,NA,NA,NA,NA,NA,NA,NA,NA,NA,NA,NA,NA,NA,NA,NA,3317,13,51.3123918957394,500,500,9.39534026407474,41.9170516316646,17.0552818828681,NA,NA,NA,NA,NA,NA,NA,NA,NA,NA,9.299,NA,1.12492035779004,1.37755849738655,1.21004466000241
Fiji,FJI,2023,NA,NA,NA,99.3,98.3,100,NA,NA,NA,NA,NA,NA,NA,NA,NA,NA,NA,NA,NA,NA,NA,NA,NA,NA,NA,3017,0,50.894119644834,NA,NA,9.5712928160197,41.3228268288143,NA,NA,NA,NA,NA,NA,NA,NA,NA,NA,NA,9.255,NA,1.1198891994001,1.37409493161706,1.20567298868986
Fiji,FJI,2024,NA,NA,NA,NA,NA,NA,NA,NA,NA,NA,NA,NA,NA,NA,NA,NA,NA,NA,NA,NA,NA,NA,NA,NA,NA,NA,NA,50.5576304595912,NA,NA,9.76663813673618,40.7909923228551,NA,NA,NA,NA,NA,NA,NA,NA,NA,NA,NA,NA,NA,NA,NA,NA
France,FRA,2018,100,100,100,100,100,100,NA,NA,NA,NA,NA,NA,NA,NA,NA,NA,NA,NA,NA,NA,NA,NA,1.23089087653349,264499646920.646,139071469163.08,219,89055,60.8249786780729,5500,5900,32.2283943292714,28.5965843488015,52.3417653321937,286601,NA,NA,NA,NA,NA,NA,NA,NA,0,9.1,NA,6.11825849688371,2.17013730350515,4.2246681460248
France,FRA,2019,100,100,100,100,100,100,NA,NA,NA,NA,NA,NA,NA,NA,NA,NA,NA,NA,NA,NA,NA,NA,1.66838755287402,265799982811.138,133751500350.201,268,102140,61.339333625721,5400,5900,32.9295024945655,28.4098311311555,52.0837996774765,286211.86,NA,NA,NA,NA,NA,NA,NA,NA,0,9.1,NA,6.13997449506157,2.19004464995514,4.23876729363361
France,FRA,2020,100,100,100,100,100,100,NA,NA,NA,NA,NA,NA,NA,NA,NA,NA,NA,NA,NA,NA,NA,NA,-9.73665178194183,158879520203.331,128596556180.001,175,118137,61.777215608517,5400,5900,33.5646318689425,28.2125837395745,52.0934131058502,285537.54,6.39495598372109,NA,NA,NA,NA,NA,NA,NA,0,9.9,NA,5.94784019230971,2.32916096287852,4.20484097091659
France,FRA,2021,100,100,100,100,100,100,99.24,100,98.42,99.24,98.4,95.87,99.81,99.76,99.24,NA,NA,NA,NA,NA,NA,NA,9.06251285000963,280559707666.759,146120155219.451,280,75708,62.0639435685389,5400,5900,34.1156814854036,27.9482620831353,52.0954768179386,285537.54,NA,NA,NA,NA,NA,NA,NA,NA,0,9.8,NA,6.91974645496749,2.84305481330951,4.94170010269908
France,FRA,2022,100,100,100,100,100,100,NA,NA,NA,NA,NA,NA,NA,NA,NA,NA,NA,NA,NA,NA,NA,NA,NA,NA,NA,405,75047,62.3607658045045,5400,5900,34.708428013942,27.6523377905626,51.6922804383836,NA,NA,NA,NA,NA,NA,NA,NA,100,NA,9.9,NA,6.93475909167436,2.99854737626928,5.02440208539066
France,FRA,2023,NA,NA,NA,100,100,100,NA,NA,NA,NA,NA,NA,NA,NA,NA,NA,NA,NA,NA,NA,NA,NA,NA,NA,NA,475,79642,62.6913590841452,NA,NA,35.3839758623752,27.3073832217701,NA,NA,NA,NA,NA,NA,NA,NA,NA,NA,NA,9.2,NA,6.65277008644449,2.92048526010118,4.83791421961495
France,FRA,2024,NA,NA,NA,NA,NA,NA,NA,NA,NA,NA,NA,NA,NA,NA,NA,NA,NA,NA,NA,NA,NA,NA,NA,NA,NA,NA,NA,63.0036554831224,NA,NA,36.0997050900082,26.9039503931142,NA,NA,NA,NA,NA,NA,NA,NA,NA,NA,NA,NA,NA,NA,NA,NA
Finland,FIN,2018,100,100,100,100,100,100,NA,NA,NA,NA,NA,NA,NA,NA,NA,NA,NA,NA,NA,NA,NA,NA,1.72259530045787,27201690984.7484,15826818215.3172,5,3264,60.4741377554613,NA,NA,34.6872492375658,25.7868885178955,7.47565148723348,22720,NA,NA,NA,NA,NA,NA,NA,NA,0,9.9,NA,5.16316451434154,1.40391090051126,3.36161908124263
Finland,FIN,2019,100,100,100,100,100,100,NA,NA,NA,NA,NA,NA,NA,NA,NA,NA,NA,NA,NA,NA,NA,NA,0.730633391521749,26677793172.7885,15429438399.7825,10,8308,61.1278822777906,NA,NA,35.5470495181139,25.5808327596768,7.48198598361465,22740,NA,NA,NA,NA,NA,NA,NA,NA,0,9.8,NA,5.37675693174033,1.4927243634576,3.50402263607511
Finland,FIN,2020,100,100,100,100,100,100,NA,NA,NA,NA,NA,NA,NA,NA,NA,NA,NA,NA,NA,NA,NA,NA,-1.08803168676332,29538190715.1406,15803988893.7515,NA,6316,61.6841512459481,NA,NA,36.3638702840905,25.3202809618575,7.46857932486675,22700,NA,NA,NA,NA,NA,NA,NA,NA,0,10,NA,5.43419919458528,1.42484942007243,3.51393276295836
Finland,FIN,2021,100,100,100,100,100,100,99.53,99.08,100,100,98.82,98.31,100,100,96.47,NA,NA,NA,NA,NA,NA,NA,3.95424160016407,33987744031.4364,17317413556.7777,0,2408,62.1515551986665,NA,NA,37.0920910316799,25.0594641669866,7.46181004166177,22680,NA,NA,NA,NA,NA,NA,NA,NA,0,10.4,NA,5.38770244984632,1.41245308228794,3.48299173507072
Finland,FIN,2022,100,100,100,100,100,100,NA,NA,NA,NA,NA,NA,NA,NA,NA,NA,NA,NA,NA,NA,NA,NA,NA,NA,NA,15,6046,62.4687883703107,NA,NA,37.7394987249251,24.7292896453856,7.45522996225995,NA,NA,NA,NA,NA,NA,NA,NA,100,NA,11.4,NA,5.33483924337487,1.42281583211627,3.44153530968782
Finland,FIN,2023,NA,NA,NA,100,100,100,NA,NA,NA,NA,NA,NA,NA,NA,NA,NA,NA,NA,NA,NA,NA,NA,NA,NA,NA,46,7410,62.6357187918865,NA,NA,38.3460525556987,24.2896662361878,NA,NA,NA,NA,NA,NA,NA,NA,NA,NA,NA,11,NA,5.3155487692974,1.43010151704384,3.41502087159292
Finland,FIN,2024,NA,NA,NA,NA,NA,NA,NA,NA,NA,NA,NA,NA,NA,NA,NA,NA,NA,NA,NA,NA,NA,NA,NA,NA,NA,NA,NA,62.6820833136133,NA,NA,38.8765117575693,23.805571556044,NA,NA,NA,NA,NA,NA,NA,NA,NA,NA,NA,NA,NA,NA,NA,NA
Germany,DEU,2018,100,100,100,100,100,100,NA,NA,NA,NA,NA,NA,NA,NA,NA,NA,NA,NA,NA,NA,NA,NA,1.57285433459235,619510523001.243,182896971900.984,176,369239,53.8754552465607,2000,2100,33.0059176113602,20.8695376352005,47.6415364359723,166450,NA,NA,NA,NA,NA,NA,NA,NA,0.0181826118494321,11.5,NA,6.35990164671252,2.47925463812146,4.55765401244033
Germany,DEU,2019,100,100,100,100,100,100,NA,NA,NA,NA,NA,NA,NA,NA,NA,NA,NA,NA,NA,NA,NA,NA,0.954355243045811,589066901831.667,182203069876.227,201,309231,54.5379868593646,2100,2200,33.4240838892073,21.1139029701573,47.7002776267209,166660,NA,NA,NA,NA,NA,NA,NA,NA,0.00953310321583949,11.3,NA,6.15991540773475,2.43560246317214,4.42833827927817
Germany,DEU,2020,100,100,100,100,100,100,NA,NA,NA,NA,NA,NA,NA,NA,NA,NA,NA,NA,NA,NA,NA,NA,-4.69370460896165,527868712948.498,181528284214.998,166,243157,55.295066596629,1800,1800,33.9237851682177,21.3712814284113,47.4970663155786,165950,3.05212413377523,NA,NA,NA,NA,NA,NA,100,0.00663105708293283,11.9,NA,5.66681908831361,2.14003903595598,4.02279787575137
Germany,DEU,2021,100,100,100,100,100,100,99.98,100,99.95,99.97,99.94,100,100,99.97,100,NA,NA,NA,NA,NA,NA,NA,2.54624984470577,640457810537.748,199971924719.607,248,253867,56.2311272070142,1700,1800,34.5810372816215,21.6500899253927,47.4856177910072,165910,NA,NA,NA,NA,NA,NA,NA,NA,0.014480866265137,12.3,NA,5.64794858692475,2.17355082564856,4.02761452784467
Germany,DEU,2022,100,100,100,100,100,100,NA,NA,NA,NA,NA,NA,NA,NA,NA,NA,NA,NA,NA,NA,NA,NA,NA,NA,NA,539,261019,57.1621243001124,NA,NA,35.2968943623634,21.865229937749,47.5011449507671,NA,NA,NA,NA,NA,NA,NA,NA,NA,NA,12.7,NA,5.69636472118557,2.22200838468361,4.07566814162771
Germany,DEU,2023,NA,NA,NA,100,100,100,NA,NA,NA,NA,NA,NA,NA,NA,NA,NA,NA,NA,NA,NA,NA,NA,NA,NA,NA,762,361493,57.9918952203689,NA,NA,36.0064221197744,21.9854731005945,NA,NA,NA,NA,NA,NA,NA,NA,NA,NA,NA,12.3,NA,5.54746016676641,2.18400050695006,3.9779424858159
Germany,DEU,2024,NA,NA,NA,NA,NA,NA,NA,NA,NA,NA,NA,NA,NA,NA,NA,NA,NA,NA,NA,NA,NA,NA,NA,NA,NA,NA,NA,58.9970395777227,NA,NA,36.8802965250584,22.1167430526643,NA,NA,NA,NA,NA,NA,NA,NA,NA,NA,NA,NA,NA,NA,NA,NA
Ghana,GHA,2018,8.9,25.9,40.7,80.4,68.3,89.9,NA,NA,NA,NA,NA,NA,NA,NA,NA,NA,NA,NA,NA,85.00771,85.63721,84.40342,9.49418374012072,4652980815.68532,2727802143.89389,12542,1312,70.2220127738796,18000,23000,5.79995537431681,64.4220573995628,53.694038850312,122175.416,NA,NA,NA,NA,NA,NA,NA,70.6,0,7.448,NA,4.12218214671312,3.16280893884315,3.66098348319466
Ghana,GHA,2019,9.9,26.9,42,83.5,70,93.8,NA,NA,NA,NA,NA,NA,NA,NA,NA,NA,NA,NA,NA,86.69982,87.17354,86.24524,6.86179821077732,3146545099.90469,2781155593.74813,10551,1509,69.4561926050096,18000,23000,5.82321219444882,63.6329804105608,54.8490737607292,124799.743,NA,NA,NA,NA,NA,NA,NA,NA,0,7.34,NA,3.95701859646723,3.01558263298857,3.50184502852284
Ghana,GHA,2020,10.7,28.3,43.1,85.4,73.1,94.6,NA,NA,NA,NA,NA,NA,NA,NA,NA,NA,NA,NA,NA,NA,NA,NA,6.43949779202984,9822554099.30029,3003950941.0394,10092,1511,68.6146228058037,17000,21000,5.84874371888525,62.7658790869184,55.393750274689,126037.4,NA,NA,NA,NA,NA,NA,NA,NA,0,7.439,NA,3.76459692827319,3.02875773502801,3.40743435708557
Ghana,GHA,2021,11.7,29.7,44.5,86.3,74,95.2,68.23,62.58,74.18,69.67,54.72,51.59,77.2,80.97,65.22,NA,NA,NA,NA,NA,NA,NA,-3.4791788444976,2855656831.47271,3210252833.92472,9177,1879,67.736408434496,14000,18000,5.88199702828208,61.8544114062139,55.393019913595,126037.4,NA,NA,NA,NA,NA,NA,NA,NA,0,7.482,NA,3.68649948452292,3.01245381688095,3.35725138822552
Ghana,GHA,2022,12.7,31,45.7,85.1,71.6,95,NA,NA,NA,NA,NA,NA,NA,NA,NA,NA,NA,NA,NA,NA,NA,NA,NA,NA,NA,8783,2517,66.9188069536881,13000,17000,5.94481810092698,60.9739888527611,55.393019913595,NA,NA,NA,NA,NA,NA,NA,NA,NA,NA,7.095,NA,3.64209954277426,2.99547571761062,3.32552901417031
Ghana,GHA,2023,NA,NA,NA,89.5,77.8,97.5,NA,NA,NA,NA,NA,NA,NA,NA,NA,NA,NA,NA,NA,NA,NA,NA,NA,NA,NA,11066,4209,66.1425812587668,NA,NA,6.03399332576016,60.1085879330066,NA,NA,NA,NA,NA,NA,NA,NA,NA,NA,NA,7.04,NA,3.60510163088776,2.99451102062241,3.30603855869408
Ghana,GHA,2024,NA,NA,NA,NA,NA,NA,NA,NA,NA,NA,NA,NA,NA,NA,NA,NA,NA,NA,NA,NA,NA,NA,NA,NA,NA,NA,NA,65.3615857268255,NA,NA,6.13215751117643,59.2294282156491,NA,NA,NA,NA,NA,NA,NA,NA,NA,NA,NA,NA,NA,NA,NA,NA
Greece,GRC,2018,100,100,100,100,100,100,NA,NA,NA,NA,NA,NA,NA,NA,NA,NA,NA,NA,NA,NA,NA,NA,0.670274277470867,-8085852861.84346,6726724756.11911,128,76057,56.9000604480465,500,500,34.3558336019507,22.5442268460958,46.1108642358417,59436.904,20.6583539411811,NA,NA,NA,NA,NA,NA,NA,0.0359092293054869,11.2,NA,9.67159774645216,4.7662940810032,7.61782431256506
Greece,GRC,2019,100,100,100,100,100,100,NA,NA,NA,NA,NA,NA,NA,NA,NA,NA,NA,NA,NA,NA,NA,NA,2.6738229349372298,-5585471956.41812,6368166038.07197,133,105684,57.2897286477691,500,500,34.8041078249776,22.4856208227914,45.4892645461598,58671.88,20.2026507417182,NA,NA,NA,NA,NA,NA,NA,0.019618445201312,11.7,NA,9.31597869298797,4.78342579627755,7.39733634169388
Greece,GRC,2020,100,100,100,100,100,100,NA,NA,NA,NA,NA,NA,NA,NA,NA,NA,NA,NA,NA,NA,NA,NA,-10.0887133391503,-13249470435.1392,5885864650.16207,122,60873,57.6385194008422,500,520,35.3006788331396,22.3378405677026,43.6358456167572,58671.88,16.362182360613,NA,NA,NA,NA,NA,NA,NA,0.0095167351676795,12.2,NA,9.67411261468582,5.14297159991017,7.74306346845848
Greece,GRC,2021,100,100,100,100,100,100,94.88,93.43,96.33,95.53,91.64,91.83,97.04,95.11,90.14,NA,NA,NA,NA,NA,NA,NA,8.51808527554874,-4630730755.94789,6697638208.87311,171,37047,58.3823438839074,1000,650,36.1728657951338,22.2094780887736,44.3128673390225,58671.88,NA,NA,NA,NA,NA,NA,NA,NA,0.0146481346149569,13.6,NA,9.81269892306,5.2973555953311,7.89247508878763
Greece,GRC,2022,100,100,100,100,100,100,NA,NA,NA,NA,NA,NA,NA,NA,NA,NA,NA,NA,NA,NA,NA,NA,NA,NA,NA,194,22139,58.9229298063424,1000,830,36.9148929690617,22.0080368372807,44.3134212567882,NA,NA,NA,NA,NA,NA,NA,NA,100,NA,13.4,NA,9.80863721079087,4.81110178849974,7.68001737007018
Greece,GRC,2023,NA,NA,NA,100,100,100,NA,NA,NA,NA,NA,NA,NA,NA,NA,NA,NA,NA,NA,NA,NA,NA,NA,NA,NA,219,32687,58.9062492364379,NA,NA,37.3159509951963,21.5902982412416,NA,NA,NA,NA,NA,NA,NA,NA,NA,NA,NA,12.2,NA,9.63388383440242,4.19775659147995,7.28426936574621
Greece,GRC,2024,NA,NA,NA,NA,NA,NA,NA,NA,NA,NA,NA,NA,NA,NA,NA,NA,NA,NA,NA,NA,NA,NA,NA,NA,NA,NA,NA,59.1322145618589,NA,NA,38.0958704958986,21.0363440659603,NA,NA,NA,NA,NA,NA,NA,NA,NA,NA,NA,NA,NA,NA,NA,NA
Guinea,GIN,2018,0.2,0.9,2.1,45,21.4,86.7,NA,NA,NA,NA,NA,NA,NA,NA,NA,7.02102128011204,5.69014186271522,1.31471602795957,NA,NA,NA,NA,7.46820683985486,-1152627640.02182,247748978.670617,33045,1578,85.5693018365772,5700,8400,6.43144541996446,79.1378564166128,67.9785214878724,146220,NA,NA,NA,NA,NA,NA,NA,62,0,10.151,NA,2.6436788555432,2.86410643454985,2.73657303450886
Guinea,GIN,2019,0.1,0.9,2.1,42.2,17,86,NA,NA,NA,NA,NA,NA,NA,NA,NA,NA,NA,NA,NA,NA,NA,NA,7.11258794312701,-1103748597.1018,243430986.442765,30409,1980,84.7162617278037,5400,7300,6.38550878881132,78.3307529389924,67.8754985349178,146300,NA,NA,NA,NA,NA,NA,NA,NA,0,9.945,NA,2.64783460389272,2.82061091448774,2.71934356593621
Guinea,GIN,2020,0.1,1,2.3,44.7,19.3,88.3,NA,NA,NA,NA,NA,NA,NA,NA,NA,NA,NA,NA,NA,NA,NA,NA,-6.76492121780636,-1845345001.70121,307540353.484809,31566,3543,83.7865279487499,4900,6700,6.33023283431756,77.4562951144324,69.0973453524337,146350,NA,NA,NA,NA,NA,NA,NA,NA,0,9.919,NA,2.53042938420978,2.92213954238264,2.69251282902399
Guinea,GIN,2021,0.1,1,2.4,46.8,21.3,89.8,30.44,24.01,36.91,31.71,23.76,22.02,34.89,55.72,27.97,NA,NA,NA,NA,NA,NA,NA,0.134515502819468,-2315136539.95552,339954492.74312,26458,253,82.8185160092224,4600,6400,6.27302730401048,76.545488705212,69.6189744424548,146380,NA,NA,NA,NA,NA,NA,NA,NA,0,9.811,NA,2.51736096149305,2.95477521499492,2.69773792759049
Guinea,GIN,2022,0.1,1.1,2.6,47.7,21.3,91,NA,NA,NA,NA,NA,NA,NA,NA,NA,NA,NA,NA,NA,NA,NA,NA,NA,NA,NA,25242,53,81.8207431951781,4100,5800,6.23835010065047,75.5823930945276,69.977533371317,NA,NA,NA,NA,NA,NA,NA,NA,NA,NA,9.3,NA,2.49907873263693,2.96580058791343,2.69215175919405
Guinea,GIN,2023,NA,NA,NA,51.1,25.7,92.5,NA,NA,NA,NA,NA,NA,NA,NA,NA,NA,NA,NA,NA,NA,NA,NA,NA,NA,NA,34513,54,80.7795140106788,NA,NA,6.22073409031956,74.5587799203592,NA,NA,NA,NA,NA,NA,NA,NA,NA,NA,NA,9.125,NA,2.48406399622499,2.96737887676433,2.68411685538985
Guinea,GIN,2024,NA,NA,NA,NA,NA,NA,NA,NA,NA,NA,NA,NA,NA,NA,NA,NA,NA,NA,NA,NA,NA,NA,NA,NA,NA,NA,NA,79.7147834280458,NA,NA,6.20935500027283,73.505428427773,NA,NA,NA,NA,NA,NA,NA,NA,NA,NA,NA,NA,NA,NA,NA,NA
Haiti,HTI,2018,1.3,4.1,6.6,44.4,1.8,78.9,NA,NA,NA,NA,NA,NA,NA,NA,NA,NA,NA,NA,NA,NA,NA,NA,1.23088440578198,1162355809.17034,241250236.359661,40973,0,60.1712469523247,6400,8000,6.8854705280465,53.2857764242782,72.3875181422351,19950,NA,NA,NA,NA,NA,NA,NA,NA,0,7.927,NA,1.04211652676158,0.348892390243293,0.721581719833524
Haiti,HTI,2019,1.3,4.2,6.6,45.4,1.2,79.9,NA,NA,NA,NA,NA,NA,NA,NA,NA,NA,NA,NA,NA,NA,NA,NA,-1.04611800658131,1429333327.9833,216843316.383333,65684,5,59.4966700801278,6100,7700,6.97061311602081,52.5260569641069,64.9492017416546,17900,NA,NA,NA,NA,NA,NA,NA,NA,0,7.876,NA,1.03632535109513,0.346922993070796,0.718222134490132
Haiti,HTI,2020,1.3,4.3,6.7,46.3,NA,80.9,NA,NA,NA,NA,NA,NA,NA,NA,NA,NA,NA,NA,NA,NA,NA,NA,-5.67039242009324,1708892626.42203,212477748.29087,80225,5,58.8189047336414,5400,7100,7.04236612292162,51.7765386107198,64.9492017416546,17900,NA,NA,NA,NA,NA,NA,NA,NA,0,8.284,NA,1.03164912283821,0.347206886356515,0.716089310526568
Haiti,HTI,2021,1.4,4.4,6.6,47.2,NA,81.8,NA,NA,NA,NA,NA,NA,NA,NA,NA,NA,NA,NA,NA,NA,NA,NA,-1.21807136446974,1673357788.42926,306471473.94594,135565,0,58.120882973509,4900,6600,7.09055074217339,51.0303322313356,65.1306240928882,17950,NA,NA,NA,NA,NA,NA,NA,NA,0,8.941,NA,1.03689527514589,0.352683415807744,0.71980022253089
Haiti,HTI,2022,1.4,4.5,6.6,49.3,NA,83,NA,NA,NA,NA,NA,NA,NA,NA,NA,NA,NA,NA,NA,NA,NA,NA,NA,NA,NA,177978,0,57.4139171312685,4900,6600,7.14773153494362,50.2661855963248,65.1306240928882,NA,NA,NA,NA,NA,NA,NA,NA,NA,NA,8.272,NA,1.02592678119028,0.349898314112549,0.719437457123256
Haiti,HTI,2023,NA,NA,NA,51.3,2.9,84,NA,NA,NA,NA,NA,NA,NA,NA,NA,NA,NA,NA,NA,NA,NA,NA,NA,NA,NA,228443,0,56.7161065708492,NA,NA,7.23739166630643,49.4787149045427,NA,NA,NA,NA,NA,NA,NA,NA,NA,NA,NA,7.817,NA,1.0069417237349,0.360522982716837,0.715170091192908
Haiti,HTI,2024,NA,NA,NA,NA,NA,NA,NA,NA,NA,NA,NA,NA,NA,NA,NA,NA,NA,NA,NA,NA,NA,NA,NA,NA,NA,NA,NA,55.9912955357223,NA,NA,7.33973752512942,48.6515580105929,NA,NA,NA,NA,NA,NA,NA,NA,NA,NA,NA,NA,NA,NA,NA,NA
India,IND,2018,40.6,58.6,89.3,95.7,93.9,99.1,NA,NA,NA,NA,NA,NA,NA,NA,NA,NA,NA,NA,NA,NA,NA,NA,5.9134198760822,494276028692.401,82359026084.9171,51802,11938,50.0307900245271,NA,NA,9.03074254846896,41.0000474760581,60.2435646561437,1791155.64,38.7893080022906,NA,NA,NA,NA,NA,NA,NA,1.16154280861105,6.67,NA,2.38731554179868,0.437631919171489,1.90787844412902
India,IND,2019,45.8,62.2,91.1,95.9,93.8,99.8,NA,NA,NA,NA,NA,NA,NA,NA,NA,NA,NA,NA,NA,NA,NA,NA,2.78076800258005,470203539741.892,86372858748.975,65965,12202,49.3781313856783,NA,NA,9.2965077293909,40.0816236562874,60.2198133654425,1790449.469,39.9642159909513,NA,NA,NA,NA,NA,NA,NA,0.831651347921673,6.67,NA,2.54435794988334,0.44170568824162,2.02317729103366
India,IND,2020,51.6,66.8,92.5,96.5,95.2,99,NA,NA,NA,NA,NA,NA,NA,NA,NA,NA,NA,NA,NA,NA,NA,NA,-6.86231206889431,380055804913.128,81058157535.5952,69959,11217,48.725925362152,NA,NA,9.54352404153678,39.1824013206153,60.0458628611021,1785277.59,42.2658230981323,NA,NA,NA,NA,NA,NA,NA,0.699928572284321,7.214,NA,2.6770068486573,0.453929027214952,2.12565587948861
India,IND,2021,57.1,70.5,93.8,99.6,99.3,100,77.53,77.55,77.51,81.3,78.25,75.9,77.05,81.3,67.5,NA,NA,NA,NA,NA,NA,NA,10.4701344599399,481823752516.482,96307365993.7959,78360,13368,48.0405766189907,NA,NA,9.69042628572764,38.3501503332631,60.0459264291889,1785279.48,42.2657783530901,NA,NA,NA,NA,NA,NA,89.1,1.28029169863481,9.259,NA,2.6764307803389,0.455762012939918,2.1007948795498
India,IND,2022,62.5,74.5,94.8,99.2,99.3,100,NA,NA,NA,NA,NA,NA,NA,NA,NA,NA,NA,NA,NA,NA,NA,NA,NA,NA,NA,100389,15794,47.4637059570602,NA,66000,9.87859325809253,37.5851126989677,60.0459264291889,NA,NA,NA,NA,NA,NA,NA,NA,NA,NA,6.576,NA,3.66426921545175,0.69144949639686,2.86722099586836
India,IND,2023,NA,NA,NA,99.5,99.2,100,NA,NA,NA,NA,NA,NA,NA,NA,NA,NA,NA,NA,NA,NA,NA,NA,NA,NA,NA,142607,11926,47.0132181120622,NA,NA,10.1760245971185,36.8371935149437,NA,NA,NA,NA,NA,NA,NA,NA,NA,NA,NA,6.611,NA,4.46588629238928,0.503651496439463,3.36374617444882
India,IND,2024,NA,NA,NA,NA,NA,NA,NA,NA,NA,NA,NA,NA,NA,NA,NA,NA,NA,NA,NA,NA,NA,NA,NA,NA,NA,NA,NA,46.5639973059355,NA,NA,10.4742211819038,36.0897761240317,NA,NA,NA,NA,NA,NA,NA,NA,NA,NA,NA,NA,NA,NA,NA,NA
Iceland,ISL,2018,100,100,100,100,100,100,NA,NA,NA,NA,NA,NA,NA,NA,NA,NA,NA,NA,NA,NA,NA,NA,0.332054151305812,2629246526.3956,1864629356.25367,5,437,49.9243409587446,100,100,21.1709299261262,28.7534110326184,18.565903005058,18720,0.00267094017094017,NA,NA,NA,NA,NA,NA,NA,0,6.4,NA,1.6848968917319,0.827210604737194,1.2878982223109
Iceland,ISL,2019,100,100,100,100,100,100,NA,NA,NA,NA,NA,NA,NA,NA,NA,NA,NA,NA,NA,NA,NA,NA,8.69156633387134,3757670855.63547,1766370350.81122,5,365,49.6379021983175,100,100,21.3971787497354,28.2407234485821,18.565903005058,18720,0.00267094017094017,NA,NA,NA,NA,NA,NA,NA,0,6.3,NA,1.63924425698051,0.815991404214773,1.25819466637926
Iceland,ISL,2020,100,100,100,100,100,100,NA,NA,NA,NA,NA,NA,NA,NA,NA,NA,NA,NA,NA,NA,NA,NA,-10.3554693481396,1649993133.42079,1511093939.04733,0,181,49.9071422727645,100,100,21.8330197169271,28.0741225558374,18.565903005058,18720,0.00267094017094017,NA,NA,NA,NA,NA,NA,NA,0,6.3,NA,1.65644995301803,0.763991646464964,1.24568911386536
Iceland,ISL,2021,100,100,100,100,100,100,100,100,100,100,100,100,100,100,100,NA,NA,NA,NA,NA,NA,NA,2.61129979750918,1388625440.52911,1747944210.11073,7,306,50.3588236718681,100,100,22.3564503499439,28.0023733219242,18.565903005058,18720,0.00267094017094017,NA,NA,NA,NA,NA,NA,NA,0,6.3,NA,1.65430639941447,0.780825921750386,1.25432009063227
Iceland,ISL,2022,100,100,100,100,100,100,NA,NA,NA,NA,NA,NA,NA,NA,NA,NA,NA,NA,NA,NA,NA,NA,NA,NA,NA,13,981,50.351670582864,100,100,22.7194546449249,27.6322159379391,18.565903005058,NA,NA,NA,NA,NA,NA,NA,NA,100,NA,7,NA,1.67660146083452,0.798505584699665,1.26917474418688
Iceland,ISL,2023,NA,NA,NA,100,100,100,NA,NA,NA,NA,NA,NA,NA,NA,NA,NA,NA,NA,NA,NA,NA,NA,NA,NA,NA,5,2850,50.1597614839303,NA,NA,23.0468824560131,27.1128790279172,NA,NA,NA,NA,NA,NA,NA,NA,NA,NA,NA,6.6,NA,1.68654173764906,0.815022124730532,1.28408882523992
Iceland,ISL,2024,NA,NA,NA,NA,NA,NA,NA,NA,NA,NA,NA,NA,NA,NA,NA,NA,NA,NA,NA,NA,NA,NA,NA,NA,NA,NA,NA,50.1686850729484,NA,NA,23.4934326020554,26.675252470893,NA,NA,NA,NA,NA,NA,NA,NA,NA,NA,NA,NA,NA,NA,NA,NA
Indonesia,IDN,2018,66.2,78.9,91,98.5,96.8,99.9,NA,NA,NA,NA,NA,NA,NA,NA,NA,NA,3.69382556116007,3.69382556116007,NA,94.37668,92.01633,96.60866,3.69179026484315,113643661493.251,33033533547.9116,3395,3196,48.5572855648717,27000,31000,9.43481281546814,39.1224727494036,29.6112561310964,639000,NA,NA,NA,NA,NA,NA,NA,71.9,1.07176983707974,7.562,NA,4.6605186150245,1.90735206802885,3.57422413863004
Indonesia,IDN,2019,70.8,82.1,92.5,98.9,97.5,99.9,NA,NA,NA,NA,NA,NA,NA,NA,NA,NA,4.86238854392941,4.86238854392941,NA,NA,NA,NA,3.01417686574285,104488503076.273,35446533214.9267,4323,3343,48.3187310528364,25000,29000,9.61947648774002,38.6992545650964,29.6740059621234,641000,NA,NA,NA,NA,NA,NA,NA,NA,0.800234541340992,7.558,NA,4.57628027279917,1.89453081846061,3.51086842175218
Indonesia,IDN,2020,75.1,84.8,93.4,97,93.5,99.6,NA,NA,NA,NA,NA,NA,NA,NA,NA,NA,5.38944317032844,5.38944317032844,NA,NA,NA,NA,-2.74053526190919,89572127250.8241,33660668458.62,4940,3597,48.0216798448748,24000,27000,9.78113237612511,38.2405474687497,29.7737812506824,643000,NA,NA,NA,NA,NA,NA,NA,NA,0.671878728243518,8.843,NA,4.47370651551509,1.79321822246964,3.40775999148544
Indonesia,IDN,2021,78.9,87.2,94.5,99.2,98.2,99.9,51.76,52.3,51.18,50.95,46.93,40.49,54.97,61.89,54.64,NA,5.29699078749592,5.29699078749592,NA,NA,NA,NA,5.36687421564687,124414978770.593,37713203479.9985,5872,3116,47.6279810142978,23000,26000,9.87189859305212,37.7560824212457,29.571110536591,646000,NA,NA,NA,NA,NA,NA,NA,77,1.22270966877205,10.042,NA,4.23527400303657,1.69661172938674,3.2221662607199
Indonesia,IDN,2022,82.3,89.1,95.3,100,98.2,100,NA,NA,NA,NA,NA,NA,NA,NA,NA,NA,9.37505195825019,9.37505195825019,NA,NA,NA,NA,NA,NA,NA,10017,2889,47.2726576874372,21000,24000,10.0508673607854,37.2217903266518,29.7950120320648,NA,NA,NA,NA,NA,NA,NA,NA,NA,NA,7.492,NA,4.08686552357757,1.7474011160729,3.16417410306036
Indonesia,IDN,2023,NA,NA,NA,99.4,98.6,100,NA,NA,NA,NA,NA,NA,NA,NA,NA,NA,NA,NA,NA,NA,NA,NA,NA,NA,NA,13311,3793,47.0224568841154,NA,NA,10.362938068806,36.6595188153093,NA,NA,NA,NA,NA,NA,NA,NA,NA,NA,NA,7.531,NA,4.38129343907976,1.82607057681449,3.37398955836091
Indonesia,IDN,2024,NA,NA,NA,NA,NA,NA,NA,NA,NA,NA,NA,NA,NA,NA,NA,NA,NA,NA,NA,NA,NA,NA,NA,NA,NA,NA,NA,46.8135550051726,NA,NA,10.7006546661457,36.1129003390269,NA,NA,NA,NA,NA,NA,NA,NA,NA,NA,NA,NA,NA,NA,NA,NA
"Hong Kong SAR, China",HKG,2018,NA,NA,NA,100,100,100,NA,NA,NA,NA,NA,NA,NA,NA,NA,NA,NA,NA,NA,96.26568,NA,NA,NA,NA,10722180356.5696,22,0,40.4021598941078,NA,NA,24.144043429983,16.2581164641248,4.76190476190476,50,NA,NA,NA,NA,NA,NA,NA,NA,0,6.4,NA,4.05832927009037,1.0296066285437,2.53864203259826
"Hong Kong SAR, China",HKG,2019,NA,NA,NA,100,100,100,NA,NA,NA,NA,NA,NA,NA,NA,NA,NA,NA,NA,NA,NA,NA,NA,NA,NA,10791878271.0894,222,0,41.7143206606678,NA,NA,25.4413059333564,16.2730147273114,4.76190476190476,50,NA,NA,NA,NA,NA,NA,NA,NA,0,6.5,NA,4.18077254662826,1.15334543239852,2.64552896717283
"Hong Kong SAR, China",HKG,2020,NA,NA,NA,100,100,100,NA,NA,NA,NA,NA,NA,NA,NA,NA,NA,NA,NA,NA,NA,NA,NA,NA,NA,10329520263.6098,487,0,43.0664684402752,NA,NA,26.9326403824183,16.1338280578569,3.80952380952381,40,NA,NA,NA,NA,NA,NA,NA,NA,0,6.8,NA,4.14048590386119,1.23716349581657,2.65466469282414
"Hong Kong SAR, China",HKG,2021,NA,NA,NA,100,100,100,97.8,98.19,97.33,98.87,96.46,96.14,98.69,98.14,88.88,NA,NA,NA,NA,NA,NA,NA,NA,NA,11192311454.2713,816,0,44.5870119180782,NA,NA,28.5630138763059,16.0239980417723,3.80952380952381,40,NA,NA,NA,NA,NA,NA,NA,NA,0,6.9,NA,3.44050871309178,1.04511800931505,2.21089765757387
"Hong Kong SAR, China",HKG,2022,NA,NA,NA,100,100,100,NA,NA,NA,NA,NA,NA,NA,NA,NA,NA,NA,NA,NA,NA,NA,NA,NA,NA,NA,985,0,46.1893957002668,NA,NA,30.2384291836748,15.9509665165921,NA,NA,NA,NA,NA,NA,NA,NA,NA,NA,NA,8.7,NA,3.44887012104039,1.09969658231552,2.24746476088246
"Hong Kong SAR, China",HKG,2023,NA,NA,NA,100,100,100,NA,NA,NA,NA,NA,NA,NA,NA,NA,NA,NA,NA,NA,NA,NA,NA,NA,NA,NA,683,0,47.8071542342089,NA,NA,31.9932342251397,15.8139200090692,NA,NA,NA,NA,NA,NA,NA,NA,NA,NA,NA,7.3,NA,3.57157838265066,1.03266472673952,2.27518216610264
"Hong Kong SAR, China",HKG,2024,NA,NA,NA,NA,NA,NA,NA,NA,NA,NA,NA,NA,NA,NA,NA,NA,NA,NA,NA,NA,NA,NA,NA,NA,NA,NA,NA,49.6445293559126,NA,NA,33.920149276588504,15.7243800793241,NA,NA,NA,NA,NA,NA,NA,NA,NA,NA,NA,NA,NA,NA,NA,NA
Ireland,IRL,2018,100,100,100,100,100,100,NA,NA,NA,NA,NA,NA,NA,NA,NA,NA,NA,NA,NA,NA,NA,NA,3.87280552603251,44735454168.2522,12406015508.2274,59,7159,53.0287560298933,NA,NA,21.3530080731835,31.6757479567097,65.5537813906227,45160,NA,NA,NA,NA,NA,NA,NA,NA,0,6.4,NA,5.73771161180208,2.03816603563614,4.03975423561816
Ireland,IRL,2019,100,100,100,100,100,100,NA,NA,NA,NA,NA,NA,NA,NA,NA,NA,NA,NA,NA,NA,NA,NA,5.32160450617963,50708024634.6928,12343974682.7625,90,7853,53.0371687022091,NA,NA,21.798268341024,31.2389003611851,65.6699085498621,45240,NA,NA,NA,NA,NA,NA,NA,NA,0,6.2,NA,5.64333546108955,2.04299689356877,3.9857236537986
Ireland,IRL,2020,100,100,100,100,100,100,NA,NA,NA,NA,NA,NA,NA,NA,NA,NA,NA,NA,NA,NA,NA,NA,-5.30890885155245,45386337246.2256,12758455763.7722,94,7393,53.0535571712698,NA,NA,22.2878772740152,30.7656798972546,65.495717811003,45120,NA,NA,NA,NA,NA,NA,NA,NA,0,6.4,NA,5.67719465403137,2.03530432188665,4.0069708422738
Ireland,IRL,2021,100,100,100,100,100,100,99.66,99.53,99.8,99.61,99.29,100,99.91,99.62,100,NA,NA,NA,NA,NA,NA,NA,17.667902525813,76960863662.1156,15226469271.0911,141,6904,53.0448235155306,NA,NA,22.7326358963056,30.312187619225,62.9554362026419,43370,NA,NA,NA,NA,NA,NA,NA,NA,0,6.7,NA,5.40098822035746,1.9599375477527201,3.80562531244914
Ireland,IRL,2022,100,100,100,100,100,100,NA,NA,NA,NA,NA,NA,NA,NA,NA,NA,NA,NA,NA,NA,NA,NA,NA,NA,NA,189,15108,52.9466406867294,NA,NA,23.1896759383277,29.7569647484018,63.115111046596,NA,NA,NA,NA,NA,NA,NA,NA,100,NA,6.7,NA,5.64550200459121,2.07702234828688,3.98185742211064
Ireland,IRL,2023,NA,NA,NA,100,100,100,NA,NA,NA,NA,NA,NA,NA,NA,NA,NA,NA,NA,NA,NA,NA,NA,NA,NA,NA,219,22250,52.8088076099224,NA,NA,23.7491074924569,29.0597001174655,NA,NA,NA,NA,NA,NA,NA,NA,NA,NA,NA,6.6,NA,5.4153969377224,2.03069248735644,3.82836874836806
Ireland,IRL,2024,NA,NA,NA,NA,NA,NA,NA,NA,NA,NA,NA,NA,NA,NA,NA,NA,NA,NA,NA,NA,NA,NA,NA,NA,NA,NA,NA,52.5496400511499,NA,NA,24.2433135141725,28.3063265369773,NA,NA,NA,NA,NA,NA,NA,NA,NA,NA,NA,NA,NA,NA,NA,NA
Israel,ISR,2018,100,100,100,100,100,100,NA,NA,NA,NA,NA,NA,NA,NA,NA,NA,NA,NA,NA,NA,NA,NA,3.39672680247267,62564894588.293,20444293938.9853,683,35569,66.4016568980219,NA,NA,19.4711556474056,46.9305012506163,29.6349353049908,6413,34.0714174333385,NA,NA,NA,NA,NA,NA,NA,0,5,NA,5.20746301940088,1.38280491169146,3.39202743257962
Israel,ISR,2019,100,100,100,100,100,100,NA,NA,NA,NA,NA,NA,NA,NA,NA,NA,NA,NA,NA,NA,NA,NA,4.93558103523412,69581259781.0705,22230544957.8554,690,38479,66.6943447277344,NA,NA,19.8124532127233,46.8818915150111,29.5009242144177,6384,33.5996240601504,NA,NA,NA,NA,NA,NA,NA,0,5.1,NA,4.99617101058914,1.3409454939655,3.26067721797117
Israel,ISR,2020,100,100,100,100,100,100,NA,NA,NA,NA,NA,NA,NA,NA,NA,NA,NA,NA,NA,NA,NA,NA,-2.82595672051443,76957692601.1857,22752468918.832,663,32518,66.9096172948003,NA,NA,20.1174168793692,46.7922004154311,29.8706099815157,6464,33.4003712871287,NA,NA,NA,NA,NA,NA,NA,0,5.3,NA,4.78340208469737,1.25242146411885,3.0952843130147
Israel,ISR,2021,100,100,100,100,100,100,92.93,91.93,93.97,98.6,89.02,62.76,95.52,94.27,71.05,NA,NA,NA,NA,NA,NA,NA,8.75356034541454,92399010033.541,26726547893.8104,807,27083,67.0610227135178,NA,NA,20.3780790923791,46.6829436211387,29.7365988909427,6435,31.2975912975913,NA,NA,NA,NA,NA,NA,NA,0,5.4,NA,4.71967400925133,1.30888438116472,3.08190141818754
Israel,ISR,2022,100,100,100,100,100,100,NA,NA,NA,NA,NA,NA,NA,NA,NA,NA,NA,NA,NA,NA,NA,NA,NA,NA,NA,813,25166,66.9632261676725,NA,NA,20.5415495129112,46.4216766547613,NA,NA,NA,NA,NA,NA,NA,NA,NA,100,NA,5.4,NA,5.68048504894418,1.57296123716052,3.70662872455442
Israel,ISR,2023,NA,NA,NA,100,100,100,NA,NA,NA,NA,NA,NA,NA,NA,NA,NA,NA,NA,NA,NA,NA,NA,NA,NA,NA,1232,25464,66.7509366513991,NA,NA,20.7033101139389,46.0476265374602,NA,NA,NA,NA,NA,NA,NA,NA,NA,NA,NA,5.2,NA,5.72258722362584,1.60471372350192,3.72841138342356
Israel,ISR,2024,NA,NA,NA,NA,NA,NA,NA,NA,NA,NA,NA,NA,NA,NA,NA,NA,NA,NA,NA,NA,NA,NA,NA,NA,NA,NA,NA,66.5610464169687,NA,NA,20.9078999772061,45.6531464397626,NA,NA,NA,NA,NA,NA,NA,NA,NA,NA,NA,NA,NA,NA,NA,NA
Japan,JPN,2018,100,100,100,100,100,100,NA,NA,NA,NA,NA,NA,NA,NA,NA,NA,NA,NA,NA,NA,NA,NA,-0.369501111348086,356813537054.256,138896999884.292,114,29040,69.0229537254226,NA,NA,47.9099218851132,21.1130318403094,13.0205761316872,47460,NA,NA,NA,NA,NA,NA,NA,NA,4.06308319759457e-4,11,NA,2.86839331436896,0.753692053174077,1.93808962578635
Japan,JPN,2019,100,100,100,100,100,100,NA,NA,NA,NA,NA,NA,NA,NA,NA,NA,NA,NA,NA,NA,NA,NA,-0.375132881788375,353047402930.168,141020141028.14,111,29123,69.4781102585107,NA,NA,48.5194993042234,20.9586109542873,12.9355281207133,47150,NA,NA,NA,NA,NA,NA,NA,NA,2.35295367441627e-4,11.2,NA,2.71921739423703,0.697389793232318,1.82361400957731
Japan,JPN,2020,100,100,100,100,100,100,NA,NA,NA,NA,NA,NA,NA,NA,NA,NA,NA,NA,NA,NA,NA,NA,-5.36680915590031,247272983451.681,138356316487.415,121,23765,69.8915691054857,NA,NA,49.1295400037183,20.7620291017674,12.8449931412894,46820,NA,NA,NA,NA,NA,NA,NA,NA,1.95156966489782e-4,11.1,NA,2.62131504110379,0.70315348030935,1.77227262719918
Japan,JPN,2021,100,100,100,100,100,100,98.49,98.84,98.12,99.46,98.47,94.1,98.5,99.22,90.23,NA,NA,NA,NA,NA,NA,NA,-1.25703914065973,182142111391.38,135877190270.206,134,16709,70.2569936325802,NA,NA,49.7439803746351,20.5130132579451,12.7818930041152,46590,NA,NA,NA,NA,NA,NA,NA,NA,3.57494585802386e-4,11.7,NA,2.51928706640721,0.680671178767173,1.70112555556418
Japan,JPN,2022,100,100,100,100,100,100,NA,NA,NA,NA,NA,NA,NA,NA,NA,NA,NA,NA,NA,NA,NA,NA,NA,NA,NA,152,12473,70.2463331657833,NA,NA,50.0569286100223,20.189404555761,12.716049382716,NA,NA,NA,NA,NA,NA,NA,NA,100,NA,12.9,NA,2.43186335114745,0.685882500362414,1.65051450873219
Japan,JPN,2023,NA,NA,NA,100,100,100,NA,NA,NA,NA,NA,NA,NA,NA,NA,NA,NA,NA,NA,NA,NA,NA,NA,NA,NA,144,23916,70.1001399306642,NA,NA,50.2846808708749,19.8154590597892,NA,NA,NA,NA,NA,NA,NA,NA,NA,NA,NA,13,NA,2.38889277339928,0.690260239067896,1.62347281183492
Japan,JPN,2024,NA,NA,NA,NA,NA,NA,NA,NA,NA,NA,NA,NA,NA,NA,NA,NA,NA,NA,NA,NA,NA,NA,NA,NA,NA,NA,NA,70.1168403833763,NA,NA,50.6621062088228,19.4547341745535,NA,NA,NA,NA,NA,NA,NA,NA,NA,NA,NA,NA,NA,NA,NA,NA
Jordan,JOR,2018,99.5,99.9,99.9,99.9,98.9,100,NA,NA,NA,NA,NA,NA,NA,NA,NA,NA,NA,NA,NA,80.95397,80.26483,81.6262,NA,2219964105.33089,1159955478.41342,4119,52536,59.6400832936228,100,100,5.82458748767678,53.8154958059461,11.5093489524668,10218,8.25993345077315,NA,NA,NA,NA,NA,NA,98,0,3.051,NA,4.12048742620987,0.915767373847122,3.59059329932417
Jordan,JOR,2019,99.5,99.9,99.8,99.9,98.9,100,NA,NA,NA,NA,NA,NA,NA,NA,NA,NA,NA,NA,NA,NA,NA,NA,NA,3939515964.28793,1175995917.66025,4722,51283,58.8802726956431,100,100,6.00093286540193,52.8793398302411,11.6730860193256,10365,7.72407139411481,NA,NA,NA,NA,NA,NA,NA,0,3.033,NA,3.52256574722183,0.970711675991725,3.13467500583969
Jordan,JOR,2020,99.4,99.9,99.8,99.9,98.8,100,NA,NA,NA,NA,NA,NA,NA,NA,NA,NA,NA,NA,NA,NA,NA,NA,NA,2326374926.20059,1201781761.84934,4984,49686,58.0792660970113,100,100,6.16365202110958,51.9156140759018,11.5886208527603,10290,8.09718172983479,NA,NA,NA,NA,NA,NA,NA,0,3.49,NA,3.08948079297369,0.813533587754935,2.71264303385931
Jordan,JOR,2021,99.4,99.8,99.8,99.9,98.8,100,47.12,34.06,58.6,53.21,37.01,38.71,53.85,50.17,28.69,NA,NA,NA,NA,NA,NA,NA,NA,1897339352.45971,1293170980.49604,5795,47197,57.2273523032512,100,100,6.29939125732655,50.9279610459247,11.5210487195081,10230,8.75855327468231,NA,NA,NA,NA,NA,NA,NA,0,4.068,NA,3.61326281930301,0.957988197715338,3.19032704808191
Jordan,JOR,2022,99.3,99.8,99.7,100,98.8,100,NA,NA,NA,NA,NA,NA,NA,NA,NA,NA,NA,NA,NA,NA,NA,NA,NA,NA,NA,5667,45177,56.2381654714504,100,100,6.47150399594479,49.7666614755056,10.3894035633038,NA,NA,NA,NA,NA,NA,NA,NA,NA,NA,3.163,NA,3.63741305602567,1.68385384009925,3.3347594157609
Jordan,JOR,2023,NA,NA,NA,100,100,100,NA,NA,NA,NA,NA,NA,NA,NA,NA,NA,NA,NA,NA,NA,NA,NA,NA,NA,NA,8207,39775,55.1554977992581,NA,NA,6.70628467757107,48.449213121687,NA,NA,NA,NA,NA,NA,NA,NA,NA,NA,NA,3.049,NA,3.65343398010545,1.64652956298201,3.3395881170635
Jordan,JOR,2024,NA,NA,NA,NA,NA,NA,NA,NA,NA,NA,NA,NA,NA,NA,NA,NA,NA,NA,NA,NA,NA,NA,NA,NA,NA,NA,NA,54.3009741648251,NA,NA,6.9792796645597,47.3216945002654,NA,NA,NA,NA,NA,NA,NA,NA,NA,NA,NA,NA,NA,NA,NA,NA
Italy,ITA,2018,100,100,100,100,100,100,NA,NA,NA,NA,NA,NA,NA,NA,NA,NA,NA,NA,NA,NA,NA,NA,1.43709481842261,145605754648.825,86559839428.448,381,105606,56.307902617926,2900,3300,35.6479156493325,20.6599869685936,41.948748469826,124050,NA,NA,NA,NA,NA,NA,NA,NA,0,10.5,NA,8.42791865312592,3.81779239851118,6.49713972326801
Italy,ITA,2019,100,100,100,100,100,100,NA,NA,NA,NA,NA,NA,NA,NA,NA,NA,NA,NA,NA,NA,NA,NA,0.21090551993008,142036773421.611,78132724659.9667,431,47030,56.5632847288554,2600,2900,36.1726489982207,20.3906357306347,44.3699956377212,131209.62,NA,NA,NA,NA,NA,NA,NA,NA,0,10.6,NA,8.32201418895896,3.8575381013558,6.44579799407308
Italy,ITA,2020,100,100,100,100,100,100,NA,NA,NA,NA,NA,NA,NA,NA,NA,NA,NA,NA,NA,NA,NA,NA,-9.44386387859298,105310090436.867,73977796168.2713,471,53901,56.7526091414435,2300,2600,36.6475591282456,20.1050500131979,42.332263616904,125183.7,NA,NA,NA,NA,NA,NA,NA,NA,0,12.5,NA,8.22472539273844,3.66952829866098,6.32185236071172
Italy,ITA,2021,100,100,100,100,100,100,97.29,97.09,97.48,99.07,94.79,97.25,98.96,97.32,82.77,NA,NA,NA,NA,NA,NA,NA,6.19850360954652,164893883309.662,82644080010.9527,639,51779,56.9283547845865,2000,2300,37.1323464529951,19.7960083315913,41.9422315930434,124030.309,NA,NA,NA,NA,NA,NA,NA,NA,0,11.9,NA,8.0517099743998,3.66438572841231,6.21231461844732
Italy,ITA,2022,100,100,100,100,100,100,NA,NA,NA,NA,NA,NA,NA,NA,NA,NA,NA,NA,NA,NA,NA,NA,NA,NA,NA,670,79979,57.0326358787404,1800,2100,37.576636464576,19.4559994141644,43.9631475720276,NA,NA,NA,NA,NA,NA,NA,NA,100,NA,12.1,NA,8.02229731782757,3.7073722035939,6.21039067924093
Italy,ITA,2023,NA,NA,NA,100,100,100,NA,NA,NA,NA,NA,NA,NA,NA,NA,NA,NA,NA,NA,NA,NA,NA,NA,NA,NA,1487,146922,57.1418243823663,NA,NA,38.0578382634132,19.0839861189532,NA,NA,NA,NA,NA,NA,NA,NA,NA,NA,NA,11.2,NA,8.02125762607154,3.75465085837102,6.2205449569706
Italy,ITA,2024,NA,NA,NA,NA,NA,NA,NA,NA,NA,NA,NA,NA,NA,NA,NA,NA,NA,NA,NA,NA,NA,NA,NA,NA,NA,NA,NA,57.522688174659,NA,NA,38.7896090185643,18.7330791560947,NA,NA,NA,NA,NA,NA,NA,NA,NA,NA,NA,NA,NA,NA,NA,NA
Kenya,KEN,2018,5.3,18.1,41.8,61.2,51.6,87.2,NA,NA,NA,NA,NA,NA,NA,NA,NA,NA,NA,NA,NA,NA,NA,NA,6.87970744173964,3014918668.53433,4423015595.62792,7287,50458,75.7364230190387,23000,29000,4.64586230284123,71.0905607161975,50.1751224654742,276990,NA,NA,NA,NA,NA,NA,NA,NA,0,7.186,NA,1.56441625157891,1.86409462735955,1.70628653921311
Kenya,KEN,2019,6.3,20.7,45.8,69.7,61.7,90.8,NA,NA,NA,NA,NA,NA,NA,NA,NA,NA,NA,NA,NA,NA,NA,NA,6.5401723937734,4070581587.91393,4810836139.13589,7879,50829,74.2639405667526,23000,28000,4.78684442513126,69.4770961416214,50.2853805741997,277100,NA,NA,NA,NA,NA,NA,NA,NA,0,7.294,NA,1.44171824439095,1.71202566894419,1.5680184214667
Kenya,KEN,2020,7.4,23.6,50.9,71.5,62.7,94.1,NA,NA,NA,NA,NA,NA,NA,NA,NA,NA,NA,NA,NA,NA,NA,NA,-0.227789496860908,4937292603.30417,4818442105.83566,8959,51916,72.6322381007686,22000,28000,4.81509836225402,67.8171397385146,49.8529509435288,277100,NA,NA,NA,NA,NA,NA,NA,NA,0,7.937,NA,1.27119876553593,1.27014902983016,1.27070722368181
Kenya,KEN,2021,8.8,26.4,56.1,76.5,68.2,97.5,79.2,75.36,83.24,79.5,67.45,61.02,87.02,88.21,78.91,NA,NA,NA,NA,NA,NA,NA,9.9461065431282,7775214599.81292,5293812407.41872,9727,59001,70.9579167427054,20000,26000,4.81862806148195,66.1392886812234,49.9898425694908,277100,NA,NA,NA,NA,NA,NA,NA,NA,0,8.124,NA,1.11373635246703,0.856886938822443,0.995483068854177
Kenya,KEN,2022,10.4,30,61,76,65,98,NA,NA,NA,NA,NA,NA,NA,NA,NA,NA,NA,NA,NA,NA,NA,NA,NA,NA,NA,10209,69011,69.3054789511188,17000,22000,4.84877321977825,64.4567057313406,49.7276237832519,NA,NA,NA,NA,NA,NA,NA,NA,NA,NA,7.212,NA,1.05694052208191,0.851899297411471,0.962467683048199
Kenya,KEN,2023,NA,NA,NA,76.2,67.9,96,NA,NA,NA,NA,NA,NA,NA,NA,NA,NA,NA,NA,NA,NA,NA,NA,NA,NA,NA,15941,152942,67.6739373442667,NA,NA,4.88485934966732,62.7890779945994,NA,NA,NA,NA,NA,NA,NA,NA,NA,NA,NA,7.211,NA,1.0193052225922,0.830609355658832,0.932098202958841
Kenya,KEN,2024,NA,NA,NA,NA,NA,NA,NA,NA,NA,NA,NA,NA,NA,NA,NA,NA,NA,NA,NA,NA,NA,NA,NA,NA,NA,NA,NA,66.1190997974295,NA,NA,4.92737179677385,61.1917280006556,NA,NA,NA,NA,NA,NA,NA,NA,NA,NA,NA,NA,NA,NA,NA,NA
"Korea, Rep.",KOR,2018,100,100,100,100,100,100,NA,NA,NA,NA,NA,NA,NA,NA,NA,NA,NA,NA,NA,NA,NA,NA,1.05302400429095,329860646817.18,65166495357.348,536,19827,37.299629534955,NA,NA,19.8458040524492,17.4538254825058,16.9401148482363,16520,NA,NA,NA,NA,NA,NA,NA,NA,0.00116307142139939,5.8,NA,7.97995175164041,3.69687190747182,6.15465783430455
"Korea, Rep.",KOR,2019,100,100,100,100,100,100,NA,NA,NA,NA,NA,NA,NA,NA,NA,NA,NA,NA,NA,NA,NA,NA,-0.777689751064997,282601899955.084,63968863006.3992,643,25562,37.8813882499402,NA,NA,20.7697470386564,17.1116412112838,16.7725409836066,16370,NA,NA,NA,NA,NA,NA,NA,NA,8.47332735118339e-4,5.7,NA,7.32001303682086,3.47196575048537,5.66808360755033
"Korea, Rep.",KOR,2020,100,100,100,100,100,100,NA,NA,NA,NA,NA,NA,NA,NA,NA,NA,NA,NA,NA,NA,NA,NA,-1.2424830832713,292529123140.563,63699756244.1367,723,20073,38.7671326866112,NA,NA,21.955966668736,16.8111660178752,16.608606557377,16210,NA,NA,NA,NA,NA,NA,NA,NA,6.75182032437153e-4,5.9,NA,6.55689637624175,3.15708271041448,5.10007744744204
"Korea, Rep.",KOR,2021,100,100,100,100,100,100,98.67,98.68,98.66,98.68,96.89,95.56,99.86,99.26,98.57,NA,NA,NA,NA,NA,NA,NA,3.12566262986384,324361729778.03,70322481121.6374,893,12146,39.7812162829152,NA,NA,23.2870478873057,16.4941683956095,16.4241803278689,16030,NA,NA,NA,NA,NA,NA,NA,NA,0.00109890187258597,6.2,NA,6.21302097653085,2.91639729568657,4.7925888466346
"Korea, Rep.",KOR,2022,100,100,100,100,100,100,NA,NA,NA,NA,NA,NA,NA,NA,NA,NA,NA,NA,NA,NA,NA,NA,NA,NA,NA,880,15952,40.6448114715604,NA,NA,24.5912480325812,16.0535634389793,16.2295081967213,NA,NA,NA,NA,NA,NA,NA,NA,NA,NA,7.3,NA,6.14259234190835,3.18262963134179,4.86098474120712
"Korea, Rep.",KOR,2023,NA,NA,NA,100,100,100,NA,NA,NA,NA,NA,NA,NA,NA,NA,NA,NA,NA,NA,NA,NA,NA,NA,NA,NA,939,26738,41.4544025774417,NA,NA,25.9356983752934,15.5187042021483,NA,NA,NA,NA,NA,NA,NA,NA,NA,NA,NA,6,NA,6.42769516013571,3.15875431174975,4.99586207681546
"Korea, Rep.",KOR,2024,NA,NA,NA,NA,NA,NA,NA,NA,NA,NA,NA,NA,NA,NA,NA,NA,NA,NA,NA,NA,NA,NA,NA,NA,NA,NA,NA,42.5346866514455,NA,NA,27.47144069912,15.0632459523254,NA,NA,NA,NA,NA,NA,NA,NA,NA,NA,NA,NA,NA,NA,NA,NA
Luxembourg,LUX,2018,100,100,100,100,100,100,NA,NA,NA,NA,NA,NA,NA,NA,NA,NA,NA,NA,NA,NA,NA,NA,0.983354380947716,7973665899.26361,2347103795.14689,5,1485,43.8270056967655,100,100,20.6789276454,23.1480780513655,51.1015902363991,1315.59,NA,NA,NA,NA,NA,NA,NA,NA,0,7.1,NA,3.6152389844135,2.69347237084766,3.19022094482848
Luxembourg,LUX,2019,100,100,100,100,100,100,NA,NA,NA,NA,NA,NA,NA,NA,NA,NA,NA,NA,NA,NA,NA,NA,-5.83240136821799,5118349661.46359,2305620176.04429,0,1785,43.8630889675752,100,100,20.8171874347396,23.0459015328355,51.1106795211423,1315.92,NA,NA,NA,NA,NA,NA,NA,NA,0,6.9,NA,3.96286528377881,3.01119670833056,3.52770389620937
Luxembourg,LUX,2020,100,100,100,100,100,100,NA,NA,NA,NA,NA,NA,NA,NA,NA,NA,NA,NA,NA,NA,NA,NA,4.64847052687836,7772161478.09167,2506152635.51242,0,1400,44.0085433965712,100,100,21.00396331365,23.0045800829212,51.3218694405817,1321.36,NA,NA,NA,NA,NA,NA,NA,NA,0,7.3,NA,3.61988964133434,2.55611743733401,3.12715760402809
Luxembourg,LUX,2021,100,100,100,100,100,100,NA,NA,NA,NA,NA,NA,NA,NA,NA,NA,NA,NA,NA,NA,NA,NA,12.0692891858609,12155827386.4726,2927472437.72107,NA,1765,44.1975308641975,100,100,21.2192484455258,22.9782824186717,51.5843322483161,1328.11,NA,NA,NA,NA,NA,NA,NA,NA,0,7,NA,4.04857102299612,2.93621353266023,3.53774717028228
Luxembourg,LUX,2022,100,100,100,100,100,100,NA,NA,NA,NA,NA,NA,NA,NA,NA,NA,NA,NA,NA,NA,NA,NA,NA,NA,NA,0,2615,44.3443744322715,100,100,21.4241669447754,22.9202074874962,51.4711434630952,NA,NA,NA,NA,NA,NA,NA,NA,100,NA,6.8,NA,4.54343375255923,3.36594753913032,3.99554381704615
Luxembourg,LUX,2023,NA,NA,NA,100,100,100,NA,NA,NA,NA,NA,NA,NA,NA,NA,NA,NA,NA,NA,NA,NA,NA,NA,NA,NA,0,3745,44.7725431159019,NA,NA,21.8695758902872,22.9029672256147,NA,NA,NA,NA,NA,NA,NA,NA,NA,NA,NA,6.6,NA,3.76096497469731,2.80256802687285,3.31806519169887
Luxembourg,LUX,2024,NA,NA,NA,NA,NA,NA,NA,NA,NA,NA,NA,NA,NA,NA,NA,NA,NA,NA,NA,NA,NA,NA,NA,NA,NA,NA,NA,45.4621747734522,NA,NA,22.5122664228407,22.9499083506115,NA,NA,NA,NA,NA,NA,NA,NA,NA,NA,NA,NA,NA,NA,NA,NA
Malaysia,MYS,2018,85.8,89.5,96.2,100,100,100,NA,NA,NA,NA,NA,NA,NA,NA,NA,NA,NA,NA,NA,NA,NA,NA,2.37416507539238,3395218398.83567,15002188580.1899,15037,41801,45.227518847802,3400,3700,9.10098778725884,36.1265310605432,26.0873535230558,85710,5.15692451289231,NA,NA,NA,NA,NA,NA,NA,0.0177159930363127,4.946,NA,3.95845220440187,2.53301055466956,3.43001505446357
Malaysia,MYS,2019,84.2,88.2,95.7,100,100,100,NA,NA,NA,NA,NA,NA,NA,NA,NA,NA,NA,NA,NA,NA,NA,NA,6.99860265659294,-733909768.168758,14022331278.8404,21259,50619,44.8360877975172,3200,3500,9.38874110057873,35.4473466969385,26.0873535230558,85710,5.15692451289231,NA,NA,NA,NA,NA,NA,NA,0.016618676675233,4.98,NA,3.94259962877925,2.50641433992099,3.41088024081115
Malaysia,MYS,2020,82.1,86.9,94.9,100,100,100,NA,NA,NA,NA,NA,NA,NA,NA,NA,NA,NA,NA,NA,NA,NA,NA,-3.71701359565768,501411281.947517,12845603667.6934,21474,49822,44.2708649510882,3100,3300,9.70208039682881,34.5687845542594,26.0873535230558,85710,5.15692451289231,NA,NA,NA,NA,NA,NA,NA,0.0143527755858021,5.034,NA,3.89904416392078,2.51766655295092,3.38877814714225
Malaysia,MYS,2021,80.8,86,94,100,100,100,88.37,87.51,89.23,92.51,82.98,71.67,91.97,92.94,74.27,NA,NA,NA,NA,NA,NA,NA,0.705497631911612,1305491782.51089,14104673433.5544,20855,49372,43.5789018280947,3000,3200,9.99108976843659,33.5878120596581,26.0873535230558,85710,5.15692451289231,NA,NA,NA,NA,NA,NA,NA,0.0252334817053191,6.201,NA,3.86659460259647,2.51860602753381,3.36919659621826
Malaysia,MYS,2022,78.85,84.1,93.6,100,100,100,NA,NA,NA,NA,NA,NA,NA,NA,NA,NA,NA,NA,NA,NA,NA,NA,NA,NA,NA,19764,47433,42.8965624836029,2900,3100,10.2680313372086,32.6285311463943,26.0873535230558,NA,NA,NA,NA,NA,NA,NA,NA,NA,NA,5.547,NA,3.84491421487325,2.50686602724194,3.3486143135182602
Malaysia,MYS,2023,NA,NA,NA,100,100,100,NA,NA,NA,NA,NA,NA,NA,NA,NA,NA,NA,NA,NA,NA,NA,NA,NA,NA,NA,18810,48571,42.3268043029121,NA,NA,10.6050195238823,31.7217847790298,NA,NA,NA,NA,NA,NA,NA,NA,NA,NA,NA,5.158,NA,3.82973427394423,2.48405891325548,3.32999277931908
Malaysia,MYS,2024,NA,NA,NA,NA,NA,NA,NA,NA,NA,NA,NA,NA,NA,NA,NA,NA,NA,NA,NA,NA,NA,NA,NA,NA,NA,NA,NA,41.8927658645277,NA,NA,10.9794517768264,30.9133140877013,NA,NA,NA,NA,NA,NA,NA,NA,NA,NA,NA,NA,NA,NA,NA,NA
Maldives,MDV,2018,99.1,99.3,99.9,100,100,100,NA,NA,NA,NA,NA,NA,NA,NA,NA,NA,NA,NA,NA,NA,NA,NA,3.26565311011173,543261330.428998,191442152.750151,35,NA,34.958294347201,100,100,5.17127273557133,29.7870216116297,21.3333333333333,64,NA,NA,NA,NA,NA,NA,NA,NA,0,2.642,NA,4.1566859236297,1.01467287465915,3.37662337662338
Maldives,MDV,2019,99.3,99.5,99.9,100,100,100,NA,NA,NA,NA,NA,NA,NA,NA,NA,16.3964069775979,19.2198538619675,18.3182574319115,NA,NA,NA,NA,6.46800769194675,459610306.693138,201037544.711769,11,NA,34.2339490950724,100,100,5.14498656920164,29.0889625258708,21.3333333333333,64,NA,NA,NA,NA,NA,NA,NA,NA,0,2.579,NA,3.7541251790172,0.823848238482385,3.05506706665287
Maldives,MDV,2020,99.5,99.6,99.9,100,100,100,NA,NA,NA,NA,NA,NA,NA,NA,NA,NA,NA,NA,NA,NA,NA,NA,-33.7844060404156,-23660208.604741,136977019.265954,23,NA,33.5342081048449,100,100,5.16725085234375,28.3669572525012,21.3333333333333,64,NA,NA,NA,NA,NA,NA,NA,NA,0,2.963,NA,3.6407280342185,0.819152213704489,2.97745078408902
Maldives,MDV,2021,99.6,99.7,99.9,100,100,100,NA,NA,NA,NA,NA,NA,NA,NA,NA,NA,NA,NA,NA,NA,NA,NA,24.8047171756939,1133236256.57385,195961504.924326,21,NA,32.7942534738749,100,100,5.21602214635426,27.5782313275206,19.6666666666667,59,NA,NA,NA,NA,NA,NA,NA,NA,0,3.118,NA,3.53624942610293,0.80643762681882,2.9045493376328
Maldives,MDV,2022,99.7,99.7,99.9,100,100,100,NA,NA,NA,NA,NA,NA,NA,NA,NA,NA,NA,NA,NA,NA,NA,NA,NA,NA,NA,22,NA,32.3871085076878,100,100,5.40353482920718,26.9835736784806,19.6666666666667,NA,NA,NA,NA,NA,NA,NA,NA,NA,NA,2.329,NA,3.46889707386945,0.796600254636799,2.85683866846476
Maldives,MDV,2023,NA,NA,NA,100,100,100,NA,NA,NA,NA,NA,NA,NA,NA,NA,NA,NA,NA,NA,NA,NA,NA,NA,NA,NA,27,NA,32.264975533215,NA,NA,5.74705417896711,26.5179213542479,NA,NA,NA,NA,NA,NA,NA,NA,NA,NA,NA,2.338,NA,3.44088212075683,0.787761740191096,2.82763967858653
Maldives,MDV,2024,NA,NA,NA,NA,NA,NA,NA,NA,NA,NA,NA,NA,NA,NA,NA,NA,NA,NA,NA,NA,NA,NA,NA,NA,NA,NA,NA,31.9824156478728,NA,NA,6.12426575577455,25.8581498920983,NA,NA,NA,NA,NA,NA,NA,NA,NA,NA,NA,NA,NA,NA,NA,NA
Mexico,MEX,2018,56.1,85,92.1,99.5,98.3,99.8,NA,NA,NA,NA,NA,NA,NA,NA,NA,35.0302771968363,24.0226532191703,10.0880918442445,NA,NA,NA,NA,1.21354951202515,80014325302.9438,50896791584.221,89794,23833,51.2690018964587,19000,20000,10.8069963878908,40.4620055085679,49.6494251395355,965160,NA,NA,NA,NA,NA,NA,NA,NA,0.025196241296921,6.071,NA,6.17263955955019,2.57756861327572,4.80619672515648
Mexico,MEX,2019,57.8,85.2,91.8,99.6,98.3,99.9,NA,NA,NA,NA,NA,NA,NA,NA,NA,NA,NA,NA,NA,NA,NA,NA,1.58700099242462,89360677616.6438,52722500528.8768,101654,69451,50.7872946012451,19000,20000,11.0597076431255,39.7275869581195,49.4385143650814,961060,6.28056520924812,NA,NA,NA,NA,NA,NA,NA,0.0153902956410095,6.083,NA,6.22657893159147,2.53875117922607,4.79343215201933
Mexico,MEX,2020,59.2,85.4,91.6,99.4,97.7,99.8,NA,NA,NA,NA,NA,NA,NA,NA,NA,37.9482692172693,27.1543165191593,10.7093867150657,14.729018025736,NA,NA,NA,-11.4292474423239,71201326321.8939,45139872762.2805,111728,83792,50.3089773441429,19000,20000,11.2522495542144,39.0567277899285,49.969392216878,971380,6.24060614795446,NA,NA,NA,NA,NA,NA,97,0.0111313464432547,8.429,NA,6.13954359641178,2.55935472268289,4.75364515660066
Mexico,MEX,2021,61,85.7,91.3,100,100,99.9,NA,NA,NA,NA,NA,NA,NA,NA,NA,NA,NA,NA,NA,NA,NA,NA,2.41653768126129,42771702187.5852,53035474843.0926,117936,157150,49.8060368026137,19000,20000,11.3639250657102,38.4421117369035,49.9632192186013,971260,6.16312830755925,NA,NA,NA,NA,NA,NA,NA,0.0161205544445626,9.015,NA,6.41034943861765,2.76484996750521,4.99338148228779
Mexico,MEX,2022,62.6,85.7,91.1,100,100,99.8,48.97,42.3,56.27,48.66,32.07,31.79,60.22,56.31,50.04,35.639975516594,25.9622714314812,10.713482641939,15.773371613871,NA,NA,NA,NA,NA,NA,126428,210609,49.3799037503831,19000,20000,11.5698766771657,37.8100270732173,49.3958177936675,NA,NA,NA,NA,NA,NA,NA,NA,NA,NA,6.521,NA,6.63094475873062,2.84312429456405,5.13701865058227
Mexico,MEX,2023,NA,NA,NA,99.7,99.1,100,NA,NA,NA,NA,NA,NA,NA,NA,NA,NA,NA,NA,NA,NA,NA,NA,NA,NA,NA,156309,257396,49.0415538480472,NA,NA,11.9034209856067,37.1381328624405,NA,NA,NA,NA,NA,NA,NA,NA,NA,NA,NA,6.161,NA,6.80281235211961,2.91060181898366,5.24373098536831
Mexico,MEX,2024,NA,NA,NA,NA,NA,NA,NA,NA,NA,NA,NA,NA,NA,NA,NA,NA,NA,NA,NA,NA,NA,NA,NA,NA,NA,NA,NA,48.7167150891959,NA,NA,12.2670026127846,36.4497124764113,NA,NA,NA,NA,NA,NA,NA,NA,NA,NA,NA,NA,NA,NA,NA,NA
Mauritius,MUS,2018,98.6,98.8,99.3,99.8,100,99.5,NA,NA,NA,NA,NA,NA,NA,NA,NA,NA,NA,NA,NA,94.99232,NA,NA,NA,408283297.830407,712534071.620536,294,0,38.4931808158946,NA,NA,14.3986938332427,24.0944869826519,43.064596895343,860,20.2325581395349,NA,NA,NA,NA,NA,NA,NA,0,8.5,NA,4.62478396082131,1.48774782445491,3.46407221121441
Mauritius,MUS,2019,98.7,98.9,99.3,100,100,100,NA,NA,NA,NA,NA,NA,NA,NA,NA,NA,NA,NA,NA,NA,NA,NA,NA,375950273.433813,704642496.511478,304,5,38.4410218949367,NA,NA,15.0828140822214,23.3582078127153,43.064596895343,860,18.1395348837209,NA,NA,NA,NA,NA,NA,NA,0,8.8,NA,4.44233272377363,1.1166938319167,3.20458829663498
Mauritius,MUS,2020,98.8,98.9,99.3,99.5,99.5,99.4,NA,NA,NA,NA,NA,NA,NA,NA,NA,NA,NA,NA,NA,NA,NA,NA,NA,-380370628.442017,554329792.181848,338,0,38.4194108816657,NA,NA,15.7814001646584,22.6380107170074,43.064596895343,860,18.3720930232558,NA,NA,NA,NA,NA,NA,NA,0,8.7,NA,1.21193487936285,0.685286744719882,1.01263474208464
Mauritius,MUS,2021,99,99,99.4,99.6,99.8,99.3,90.53,89.4,91.74,92.32,90.55,85.18,90.51,93.74,83.62,NA,NA,NA,NA,NA,NA,NA,NA,426068.054815292,558095068.370268,351,0,38.4728266812466,NA,NA,16.4803717878622,21.9924548933844,43.064596895343,860,17.7906976744186,NA,NA,NA,NA,NA,NA,NA,0,10.5,NA,3.67084772836461,1.51207312263817,2.85043785760901
Mauritius,MUS,2022,99.1,99,99.4,100,100,99,NA,NA,NA,NA,NA,NA,NA,NA,NA,NA,NA,NA,NA,NA,NA,NA,NA,NA,NA,428,NA,38.6410231913564,NA,NA,17.1855868558521,21.4554363355043,43.064596895343,NA,NA,NA,NA,NA,NA,NA,NA,NA,NA,10.2,NA,3.76074478431725,0.861475989203087,2.68199909982261
Mauritius,MUS,2023,NA,NA,NA,100,100,100,NA,NA,NA,NA,NA,NA,NA,NA,NA,NA,NA,NA,NA,NA,NA,NA,NA,NA,NA,549,19,39.0160497134334,NA,NA,17.9909140917564,21.025135621677,NA,NA,NA,NA,NA,NA,NA,NA,NA,NA,NA,9.4,NA,3.83012513656894,0.888500678585349,2.72745676187123
Mauritius,MUS,2024,NA,NA,NA,NA,NA,NA,NA,NA,NA,NA,NA,NA,NA,NA,NA,NA,NA,NA,NA,NA,NA,NA,NA,NA,NA,NA,NA,39.5415491826436,NA,NA,18.87425839653,20.6672907861135,NA,NA,NA,NA,NA,NA,NA,NA,NA,NA,NA,NA,NA,NA,NA,NA
Nepal,NPL,2018,18.7,34.3,65.3,93.9,93.5,95.8,NA,NA,NA,NA,NA,NA,NA,NA,NA,NA,NA,NA,NA,NA,NA,NA,6.89021750567551,11748674994.1215,963808857.647164,9074,51,60.1789003710396,1000,830,9.52542822661961,50.65347214442,26.9733247296826,41210,NA,NA,NA,NA,NA,NA,NA,NA,0.00505202233372013,7.07,NA,1.85780102566195,0.37793948507836,1.31333514831305
Nepal,NPL,2019,20.1,35.5,64.1,89.9,NA,94.2,NA,NA,NA,NA,NA,NA,NA,NA,NA,NA,NA,NA,NA,96.2984,NA,NA,7.95095690029963,11898350399.3514,998846880.514884,9940,57,58.7001840122581,1000,740,9.59850743751118,49.1016765747469,26.7748852459016,41210,NA,NA,NA,NA,NA,NA,NA,77.2,0.0038213736882493,7.024,NA,1.93093386967131,0.359778287802313,1.35634886352449
Nepal,NPL,2020,21.6,36.9,63.6,89.9,NA,94.2,NA,NA,NA,NA,NA,NA,NA,NA,NA,NA,NA,NA,NA,NA,NA,NA,-6.18761885210947,8351045395.49953,978321260.600567,10309,42,56.652683071554,1000,650,9.53783723315937,47.1148458383946,26.5011008022323,41210,NA,NA,NA,NA,NA,NA,NA,NA,0.00323492779599548,7.272,NA,1.9567064974114,0.405595993831288,1.39450020299313
Nepal,NPL,2021,23,38.4,62.8,89.9,NA,94.2,54,49.9,58.61,59.02,44.55,51,60.28,63.3,42.23,NA,NA,NA,NA,NA,NA,NA,7.42520389683435,8910417207.49949,1055139594.78175,11329,137,54.9709890210653,500,550,9.47007775518599,45.5009112658793,26.3199051273108,41210,NA,NA,NA,NA,NA,NA,NA,NA,0.00606226595390929,7.761,NA,1.98576012043649,0.425818863206651,1.42482521470324
Nepal,NPL,2022,24.7,39.6,61.9,91.3,93.7,97.7,NA,NA,NA,NA,NA,NA,NA,NA,NA,NA,NA,NA,NA,NA,NA,NA,NA,NA,NA,13004,154,54.1657821006166,500,500,9.55445471613264,44.611327384484,26.1213812347401,NA,NA,NA,NA,NA,NA,NA,NA,NA,NA,6.888,NA,2.02581604119817,0.444989616908939,1.4561657527122
Nepal,NPL,2023,NA,NA,NA,94,93.4,96,NA,NA,NA,NA,NA,NA,NA,NA,NA,NA,NA,NA,NA,NA,NA,NA,NA,NA,NA,17206,300,54.0220133747515,NA,NA,9.79670541619395,44.2253079585576,NA,NA,NA,NA,NA,NA,NA,NA,NA,NA,NA,6.932,NA,2.05954425412139,0.482358326467088,1.48753564843462
Nepal,NPL,2024,NA,NA,NA,NA,NA,NA,NA,NA,NA,NA,NA,NA,NA,NA,NA,NA,NA,NA,NA,NA,NA,NA,NA,NA,NA,NA,NA,53.6868554776039,NA,NA,9.99496090894795,43.691894568656,NA,NA,NA,NA,NA,NA,NA,NA,NA,NA,NA,NA,NA,NA,NA,NA
Myanmar,MMR,2018,16.5,31.9,70.3,66.1,54.6,92.1,NA,NA,NA,NA,NA,NA,NA,NA,NA,NA,NA,NA,NA,98.0528,NA,NA,NA,10800759653.7115,1158314883.80087,30459,0,46.5323258218492,11000,12000,8.9820200486398,37.5503057732094,20.0265052857362,130713,12.6307253295388,NA,NA,NA,NA,NA,NA,NA,0.02945886790351,8.827,NA,5.84911238030201,1.74065170150587,4.23740004676175
Myanmar,MMR,2019,20.5,36.1,74.9,68.3,57.5,92.6,NA,NA,NA,NA,NA,NA,NA,NA,NA,NA,NA,NA,NA,NA,NA,NA,NA,13638404261.1843,1096058834.52219,37457,0,46.396472048483,10000,11000,9.2496984715653,37.1467735769177,19.8857055308718,129794,12.7432701049355,NA,NA,NA,NA,NA,NA,NA,0.0340926780571958,8.847,NA,3.31756657521713,1.08520951215348,2.45360105856044
Myanmar,MMR,2020,25.3,40.75,79.2,70.4,60.1,93.1,NA,NA,NA,NA,NA,NA,NA,NA,NA,NA,NA,NA,NA,NA,NA,NA,NA,NA,1261444880.25164,40207,0,46.3134094770448,9500,10000,9.52180829627169,36.7916011807731,19.8875388787596,129800,13.2049306625578,NA,NA,NA,NA,NA,NA,NA,0.0242925112469022,8.994,NA,3.20168674944233,1.16995793160482,2.44215433863348
Myanmar,MMR,2021,30.3,45.9,82.8,72.5,62.8,93.6,47.79,46.15,49.52,44.38,32.99,26.25,57.65,67.7,55.68,NA,NA,NA,NA,NA,NA,NA,NA,NA,1046096528.84741,43878,0,46.2474842232341,9700,11000,9.77876504980327,36.4687191734309,19.8875388787596,129800,NA,NA,NA,NA,NA,NA,NA,NA,0.0464337290823448,9.819,NA,3.09150879627005,1.15247923319373,2.36634335178416
Myanmar,MMR,2022,36,50.7,86.4,73.6,62.8,93.9,NA,NA,NA,NA,NA,NA,NA,NA,NA,NA,NA,NA,NA,NA,NA,NA,NA,NA,NA,48701,0,46.2100569537985,10000,11000,10.0551015849372,36.1549553688613,19.8875388787596,NA,NA,NA,NA,NA,NA,NA,NA,NA,NA,9.18,NA,3.00841569765508,1.12059964729678,2.30130208040836
Myanmar,MMR,2023,NA,NA,NA,76.8,68.8,94.6,NA,NA,NA,NA,NA,NA,NA,NA,NA,NA,NA,NA,NA,NA,NA,NA,NA,NA,NA,54636,0,46.2092542209052,NA,NA,10.3649929650005,35.8442612559047,NA,NA,NA,NA,NA,NA,NA,NA,NA,NA,NA,9.153,NA,2.96970071110017,1.07242456770833,2.25922635408235
Myanmar,MMR,2024,NA,NA,NA,NA,NA,NA,NA,NA,NA,NA,NA,NA,NA,NA,NA,NA,NA,NA,NA,NA,NA,NA,NA,NA,NA,NA,NA,46.2094250408467,NA,NA,10.6797597480008,35.5296652928459,NA,NA,NA,NA,NA,NA,NA,NA,NA,NA,NA,NA,NA,NA,NA,NA
New Zealand,NZL,2018,100,100,100,100,100,100,NA,NA,NA,NA,NA,NA,NA,NA,NA,NA,NA,NA,NA,NA,NA,NA,1.95735010571111,24046849569.7559,15057048832.1004,14,446,52.3710857473679,100,200,22.9438718100433,29.4272139373247,39.8693555125138,104980,NA,NA,NA,NA,NA,NA,NA,NA,0.0353255664680367,6.78,NA,7.81304336762822,4.52685411784432,6.27001394344563
New Zealand,NZL,2019,100,100,100,100,100,100,NA,NA,NA,NA,NA,NA,NA,NA,NA,NA,NA,NA,NA,NA,NA,NA,5.11863827154573,27700252693.0804,15341204578.7696,27,558,52.5965964272569,100,100,23.3497385674397,29.2468578598172,39.2882913675895,103450,NA,NA,NA,NA,NA,NA,NA,NA,0.0277129818164676,6.87,NA,7.66718202511484,4.45555317461683,6.15401111528302
New Zealand,NZL,2020,100,100,100,100,100,100,NA,NA,NA,NA,NA,NA,NA,NA,NA,NA,NA,NA,NA,NA,NA,NA,-0.133684589099516,23535139777.4393,15336475857.4852,32,691,52.9981652964501,100,100,23.8994183292415,29.0987469672086,38.5629106376514,101540,NA,NA,NA,NA,NA,NA,NA,NA,0.0194952178038486,6.41,NA,7.68440102731679,4.18439893465887,6.04589380366047
New Zealand,NZL,2021,100,100,100,100,100,100,98.75,99.24,98.23,99.53,96.87,96.53,100,99.1,94.46,NA,NA,NA,NA,NA,NA,NA,2.6927689272751,24220455209.6214,18099871339.652,69,711,53.6270499933275,100,100,24.6518873584196,28.9751626349079,38.6426645398959,101750,NA,NA,NA,NA,NA,NA,NA,NA,0.0306624632958425,6.83,NA,7.5351307266764,4.17785224777394,5.94921657653242
New Zealand,NZL,2022,100,100,100,100,100,100,NA,NA,NA,NA,NA,NA,NA,NA,NA,NA,NA,NA,NA,NA,NA,NA,NA,NA,NA,32,573,54.0514715135284,100,100,25.3358991017202,28.7155724118082,37.0172040560556,NA,NA,NA,NA,NA,NA,NA,NA,100,NA,7.53,NA,7.40909494873927,4.15130151243997,5.86644105625339
New Zealand,NZL,2023,NA,NA,NA,100,100,100,NA,NA,NA,NA,NA,NA,NA,NA,NA,NA,NA,NA,NA,NA,NA,NA,NA,NA,NA,28,1839,54.2574761187709,NA,NA,25.9130746788386,28.3444014399322,NA,NA,NA,NA,NA,NA,NA,NA,NA,NA,NA,7.23,NA,7.27693764901852,4.09008060976212,5.76838528970416
New Zealand,NZL,2024,NA,NA,NA,NA,NA,NA,NA,NA,NA,NA,NA,NA,NA,NA,NA,NA,NA,NA,NA,NA,NA,NA,NA,NA,NA,NA,NA,54.5939623640298,NA,NA,26.5835929688041,28.0103693952258,NA,NA,NA,NA,NA,NA,NA,NA,NA,NA,NA,NA,NA,NA,NA,NA
Pakistan,PAK,2018,22.25,46.3,86.6,93.4,90.1,99.1,NA,NA,NA,NA,NA,NA,NA,NA,NA,38.9984620608426,24.9491328037587,4.94031303426296,NA,68.18916,62.09417,73.86389,5.78329313136361,14926924085.3072,7109735616.06899,75337,5170,73.1024168008764,NA,NA,6.80779819172731,66.2946186091491,47.9361249481112,369530,50.4153925256407,NA,NA,NA,NA,NA,NA,42.2,0.0721555292760785,6.852,NA,1.74788690260452,0.108324530358429,1.40955444974303
Pakistan,PAK,2019,24.2,47.8,86.6,93.9,90.7,99.3,NA,NA,NA,NA,NA,NA,NA,NA,NA,NA,NA,NA,NA,NA,NA,NA,2.76439037512981,10823165421.2095,6392221557.80842,66245,8528,72.6314584931864,NA,NA,6.87845721571853,65.7530012774678,47.0553134080531,363230,50.4638934008755,NA,NA,NA,NA,NA,NA,NA,0.0786917241446841,6.772,NA,1.92408501793714,0.0643098317594009,1.51948153783179
Pakistan,PAK,2020,26.8,49.4,86.7,94.5,91.5,99.6,NA,NA,NA,NA,NA,NA,NA,NA,NA,NA,NA,NA,NA,NA,NA,NA,-0.354342167337123,19044249012.657,5980004251.79184,61429,9794,72.0651682830605,NA,NA,6.92159286498641,65.1435754180741,47.572903694479,367230,52.6645426571903,NA,NA,NA,NA,NA,NA,NA,0.0707443480836731,7.301,NA,1.88439059654892,0.0758447890566804,1.48640034908618
Pakistan,PAK,2021,28.9,51,86.6,94.9,91.9,99.9,20.98,13.48,28.18,22.54,17.61,15.31,23.21,35.3,18.1,NA,NA,NA,NA,NA,NA,NA,7.86353663102967,21067066972.4636,6971294424.37927,56687,13429,71.3439501303533,NA,NA,6.94315486331907,64.4007952670343,46.7180365296804,363030,NA,NA,NA,NA,NA,NA,NA,NA,0.121668638591279,7.23,NA,1.85333907910321,0.0922582178956818,1.46569409884888
Pakistan,PAK,2022,31.3,52.6,86.7,95,93,100,NA,NA,NA,NA,NA,NA,NA,NA,NA,NA,NA,NA,NA,NA,NA,NA,NA,NA,NA,59126,38277,70.7109794452284,NA,NA,7.0190839152709,63.6918955299575,46.6311228725612,NA,NA,NA,NA,NA,NA,NA,NA,NA,NA,6.513,NA,1.86291569569966,0.0973475454843042,1.47161441973405
Pakistan,PAK,2023,NA,NA,NA,95.6,92.8,100,NA,NA,NA,NA,NA,NA,NA,NA,NA,NA,NA,NA,NA,NA,NA,NA,NA,NA,NA,72068,61648,70.1673862519405,NA,NA,7.14068512944463,63.0267011224958,NA,NA,NA,NA,NA,NA,NA,NA,NA,NA,NA,6.466,NA,1.86774741132709,0.0989066545219213,1.47347041217205
Pakistan,PAK,2024,NA,NA,NA,NA,NA,NA,NA,NA,NA,NA,NA,NA,NA,NA,NA,NA,NA,NA,NA,NA,NA,NA,NA,NA,NA,NA,NA,69.3926431439163,NA,NA,7.25107077816052,62.1415723657558,NA,NA,NA,NA,NA,NA,NA,NA,NA,NA,NA,NA,NA,NA,NA,NA
Panama,PAN,2018,100,100,100,93.8,NA,99.6,NA,NA,NA,NA,NA,NA,NA,NA,NA,27.8089040675003,17.4604435426999,7.18294953985141,NA,NA,NA,NA,0.0217214705623405,15375347141.9891,1691346917.08444,141,13602,53.624280829378,1300,1400,12.027367278027,41.5969135513511,29.563224588838,21930,NA,NA,NA,NA,NA,NA,NA,NA,0,4.722,NA,3.92812383710237,1.95619178229951,3.13968067180294
Panama,PAN,2019,100,100,100,93.9,NA,99.6,NA,NA,NA,NA,NA,NA,NA,NA,NA,26.2409953115538,16.7396955725509,6.72659913624271,NA,NA,NA,NA,-1.17078486850987,14556073617.7247,1754569600,240,17673,53.4020908356858,1300,1400,12.3788499498102,41.0232408858756,29.4284173631707,21830,NA,NA,NA,NA,NA,NA,NA,96.7,0,4.719,NA,3.5063524187926,2.02395332223721,2.90332537812342
Panama,PAN,2020,100,100,100,95.3,85.6,99.8,NA,NA,NA,NA,NA,NA,NA,NA,NA,NA,NA,NA,NA,NA,NA,NA,-9.86051076539496,9641393621.07792,1463422800,315,12892,53.1002058685187,1300,1400,12.6972342012048,40.4029716673139,29.3084389323268,21741,1.87507474357205,NA,NA,NA,NA,NA,NA,NA,0,5.864,NA,2.96712257681901,1.01226010995312,2.19038428891808
Panama,PAN,2021,100,100,100,95.3,NA,99.8,44.97,43.11,46.95,46.44,32.41,31.22,53.33,51.92,40.42,31.6787707238766,22.1365147265035,11.8609199184204,NA,NA,NA,NA,-0.314413641519621,11505770298.1839,1659316400,512,11630,52.7929130402984,1300,1400,13.000952185385,39.7919608549134,29.4057158263683,21813.16,1.89569049142811,NA,NA,NA,NA,NA,NA,NA,0,5.643,NA,3.71256021150991,2.11379543022668,3.08781719672071
Panama,PAN,2022,100,100,100,95,100,99,NA,NA,NA,NA,NA,NA,NA,NA,NA,NA,NA,NA,NA,NA,NA,NA,NA,NA,NA,1017,8475,52.5235087553911,1300,1400,13.3706696130881,39.152839142303,29.4057158263683,NA,NA,NA,NA,NA,NA,NA,NA,NA,NA,4.751,NA,2.59632233515459,1.57986636856246,2.20071389415368
Panama,PAN,2023,NA,NA,NA,97,90.7,100,NA,NA,NA,NA,NA,NA,NA,NA,NA,31.0247217621408,20.4231065183473,8.1142089777549,NA,NA,NA,NA,NA,NA,NA,1891,8419,52.2832629253976,NA,NA,13.7918951124973,38.4913678129003,NA,NA,NA,NA,NA,NA,NA,NA,NA,NA,NA,4.771,NA,3.52013191573144,1.83297300636234,2.84686034874606
Panama,PAN,2024,NA,NA,NA,NA,NA,NA,NA,NA,NA,NA,NA,NA,NA,NA,NA,NA,NA,NA,NA,NA,NA,NA,NA,NA,NA,NA,NA,52.086689450372,NA,NA,14.224839268447,37.861850181925,NA,NA,NA,NA,NA,NA,NA,NA,NA,NA,NA,NA,NA,NA,NA,NA
Paraguay,PRY,2018,39.1,67.7,85.4,99.6,99.1,99.9,NA,NA,NA,NA,NA,NA,NA,NA,NA,34.485509937105,16.8638077580953,10.0590011389317,NA,NA,NA,NA,2.398989160319,7028502259.27027,1274642374.17273,278,350,54.73685224195,NA,NA,9.13632260006019,45.6005296418899,41.1221313868613,168071.4,NA,NA,NA,NA,NA,NA,NA,71,0,5.514,NA,7.09266147655461,2.88717361278671,5.37561419764097
Paraguay,PRY,2019,39.7,68.1,85.4,99.7,99.4,99.9,NA,NA,NA,NA,NA,NA,NA,NA,NA,35.4729132180492,16.9733873500736,9.70493961899194,NA,NA,NA,NA,-0.487219799566248,6101849826.92826,1195477488.37949,632,680,54.6312782944239,NA,NA,9.32701933835016,45.3042589560737,41.2751328970551,168091.4,NA,NA,NA,NA,NA,NA,NA,NA,0,5.584,NA,7.87547121805041,3.3606269427289,6.0269051097234
Paraguay,PRY,2020,40.3,68.3,85.4,99.7,99.4,99.9,NA,NA,NA,NA,NA,NA,NA,NA,NA,32.0255022668301,10.4858106999742,5.20639901000208,NA,NA,NA,NA,-0.748080744198504,5843925779.09815,1102675441.51106,868,1452,54.5220192083825,NA,NA,9.50315362377169,45.0188655846108,41.42096098666,168091.4,NA,NA,NA,NA,NA,NA,NA,NA,0,6.095,NA,6.29659625697713,2.52841031558911,4.79827613714427
Paraguay,PRY,2021,40.8,68.6,85.3,100,100,100,54.42,55.35,53.49,57.44,47.84,43.61,58.79,61.19,45.54,37.0570351022864,13.9826458674353,5.45634358604235,NA,NA,NA,NA,6.71933243729474,6765949848.93403,1233772672.35851,1102,860,54.3435648184816,NA,NA,9.55008142993412,44.7934833885474,41.5653216712811,168091.4,NA,NA,NA,NA,NA,NA,NA,NA,0,8.92,NA,6.12240432725969,2.35048637709589,4.58540441408967
Paraguay,PRY,2022,41.4,68.5,85,100,100,100,NA,NA,NA,NA,NA,NA,NA,NA,NA,33.5025937846171,13.95791088475,5.61038904125929,NA,NA,NA,NA,NA,NA,NA,1202,1200,54.219471606521,NA,NA,9.60928811850358,44.6101834880174,41.9902155399608,NA,NA,NA,NA,NA,NA,NA,NA,NA,NA,6.359,NA,6.4888189756878,2.57835687178969,4.87385752658419
Paraguay,PRY,2023,NA,NA,NA,99.8,99.5,100,NA,NA,NA,NA,NA,NA,NA,NA,NA,NA,NA,NA,NA,NA,NA,NA,NA,NA,NA,1987,1598,54.2026658651783,NA,NA,9.8215824634458,44.381083401732504,NA,NA,NA,NA,NA,NA,NA,NA,NA,NA,NA,5.703,NA,6.7332348404971,2.74586875944011,5.09020953729425
Paraguay,PRY,2024,NA,NA,NA,NA,NA,NA,NA,NA,NA,NA,NA,NA,NA,NA,NA,NA,NA,NA,NA,NA,NA,NA,NA,NA,NA,NA,NA,54.1439537929832,NA,NA,10.0773972870907,44.0665565058924,NA,NA,NA,NA,NA,NA,NA,NA,NA,NA,NA,NA,NA,NA,NA,NA
Peru,PER,2018,34.5,81.4,94.2,95.2,81.8,99,NA,NA,NA,NA,NA,NA,NA,NA,NA,22.8580693657325,18.3912615402063,10.2805833148484,NA,98.50107,NA,NA,2.95539436020064,21520894385.4967,6876995535.69081,4895,230845,53.5702959648924,4800,5300,13.0595431356509,40.5107528292415,18.82389765625,246985.89,NA,NA,NA,NA,NA,NA,NA,NA,0.00323898386325731,6.173,NA,5.07940818126075,2.36572714927636,3.84437889030763
Peru,PER,2019,38.2,83.3,95.2,95.6,82.9,99.1,NA,NA,NA,NA,NA,NA,NA,NA,NA,23.3383012435492,18.9103033071928,10.1931787051382,NA,NA,NA,NA,5.93773550444578,27289713665.6097,7430835716.99383,8669,487049,52.7058864277693,5200,5700,13.1433556006357,39.5625308271335,18.6431953125,244782.9,NA,NA,NA,NA,NA,NA,NA,NA,0.00197751483316281,6.16,NA,4.78763508804492,2.60868311899671,3.79499837323349
Peru,PER,2020,42.4,84.8,95.9,96.2,86.1,99,NA,NA,NA,NA,NA,NA,NA,NA,NA,25.9411069039576,11.4984929691791,6.48992883879714,NA,NA,NA,NA,-9.87181328408838,21499227774.3839,7414149386.4712,10583,537552,52.0259679366878,5100,5600,13.2537381534749,38.7722297832129,19.125773046875,249969.9,NA,NA,NA,NA,NA,NA,NA,96.4,0.00124950155217159,7.415,NA,3.54078052557021,1.61454318996346,2.69334266194486
Peru,PER,2021,46.6,86.4,96.6,95.6,83.6,98.9,57.5,53.03,62.32,60.85,45.54,40.93,65.4,61.62,46.62,25.4171048305096,10.0652934412682,4.86855045057873,NA,NA,NA,NA,3.04178800121599,13432332034.642,7281745307.84758,9046,537047,51.2732345713394,5400,6000,13.242600401371,38.0306341699685,19.60835078125,255156.89,NA,NA,NA,NA,NA,NA,NA,NA,0.00249271827303621,9.297,NA,4.23621126283779,1.96772821748258,3.20606719594922
Peru,PER,2022,50.5,88.1,97.1,96.2,85.1,99,NA,NA,NA,NA,NA,NA,NA,NA,NA,23.8431997867638,8.97310544627407,4.19468527324398,NA,NA,NA,NA,NA,NA,NA,24294,537461,50.5475609612953,5200,5800,13.2642606025808,37.2833003587145,19.05121875,NA,NA,NA,NA,NA,NA,NA,NA,NA,NA,6.389,NA,4.54379079743401,1.72316136632955,3.27301174449707
Peru,PER,2023,NA,NA,NA,96.2,85.1,99,NA,NA,NA,NA,NA,NA,NA,NA,NA,NA,NA,NA,NA,NA,NA,NA,NA,NA,NA,80153,508429,50.0391504388028,NA,NA,13.4923720812664,36.5467783575364,NA,NA,NA,NA,NA,NA,NA,NA,NA,NA,NA,5.491,NA,5.45440709127074,2.18542975521209,3.98650530549506
Peru,PER,2024,NA,NA,NA,NA,NA,NA,NA,NA,NA,NA,NA,NA,NA,NA,NA,NA,NA,NA,NA,NA,NA,NA,NA,NA,NA,NA,NA,49.6973010705299,NA,NA,13.8142506268914,35.8830504436385,NA,NA,NA,NA,NA,NA,NA,NA,NA,NA,NA,NA,NA,NA,NA,NA
Philippines,PHL,2018,29.5,49.9,71.1,94.2,91.3,97.4,NA,NA,NA,NA,NA,NA,NA,NA,NA,21.4531603925575,16.9409583177251,9.19145442569177,NA,NA,NA,NA,4.67419118623049,83130695413.5698,7062235718.34551,3804,238,56.4951142171875,14000,15000,6.75133864338813,49.7437755737994,42.3013717007077,126130,NA,NA,NA,NA,NA,NA,NA,NA,0.0696404953218149,5.753,NA,4.3092289701947,2.53239019549602,3.61884007866695
Philippines,PHL,2019,31.9,52.3,73.4,95.3,93,97.8,NA,NA,NA,NA,NA,NA,NA,NA,NA,NA,NA,NA,NA,NA,NA,NA,3.96210824180471,80090547681.4011,7627759596.1746,4732,319,55.745826525598,16000,16000,7.03881786604626,48.7070086595518,42.3785089043163,126360,NA,NA,NA,NA,NA,NA,NA,NA,0.0549027596736656,5.896,NA,3.45249907931367,2.16633937757169,2.94506692945688
Philippines,PHL,2020,34.2,54.6,75.4,96.4,94.7,98.2,NA,NA,NA,NA,NA,NA,NA,NA,NA,NA,NA,NA,NA,NA,NA,NA,-11.1442818089777,50343066053.7127,7160649954.04333,4989,397,54.8178657691752,18000,18000,7.31618742043884,47.5016783487363,42.455646107925,126590,NA,NA,NA,NA,NA,NA,NA,NA,0.0455449547968138,5.831,NA,2.95607087159917,1.86225319510091,2.52616836245504
Philippines,PHL,2021,36.75,56.9,77.8,97.5,96.5,98.6,51.37,47.42,55.59,55.53,33.99,32.77,62.8,61.18,40.17,NA,NA,NA,NA,NA,NA,NA,-2.19715876637447,31367196049.144,7510397902.03533,5525,586,53.59656857012,21000,21000,7.49663380533484,46.0999347647852,42.5361371029949,126830,NA,NA,NA,NA,NA,NA,NA,NA,0.0944068332804607,7.992,NA,3.25341809014189,2.20358695994817,2.84002740010844
Philippines,PHL,2022,39.6,59.1,79.6,94.8,91.1,98,NA,NA,NA,NA,NA,NA,NA,NA,NA,NA,NA,NA,NA,NA,NA,NA,NA,NA,NA,5492,780,52.3747406896807,24000,24000,7.68169037002482,44.6930503196559,42.5361371029949,NA,NA,NA,NA,NA,NA,NA,NA,NA,NA,6.266,NA,3.08395556203941,1.84823172109134,2.57320154473801
Philippines,PHL,2023,NA,NA,NA,98,97.6,98.4,NA,NA,NA,NA,NA,NA,NA,NA,NA,NA,NA,NA,NA,NA,NA,NA,NA,NA,NA,4670,1029,51.2166581870048,NA,NA,7.95727998278236,43.2593782042224,NA,NA,NA,NA,NA,NA,NA,NA,NA,NA,NA,6.236,NA,3.04794851264621,1.87106385078868,2.56118550421924
Philippines,PHL,2024,NA,NA,NA,NA,NA,NA,NA,NA,NA,NA,NA,NA,NA,NA,NA,NA,NA,NA,NA,NA,NA,NA,NA,NA,NA,NA,NA,50.0600272907847,NA,NA,8.24119778927545,41.8188295015092,NA,NA,NA,NA,NA,NA,NA,NA,NA,NA,NA,NA,NA,NA,NA,NA
Puerto Rico (US),PRI,2018,NA,NA,NA,100,100,100,NA,NA,NA,NA,NA,NA,NA,NA,NA,NA,NA,NA,NA,NA,NA,NA,NA,NA,5830561255.7568,NA,NA,55.496940093307,NA,NA,32.5453008423899,22.9516392509171,19.0417136414882,1689,NA,NA,NA,NA,NA,NA,NA,NA,0,9.063,NA,4.33540050703829,2.23107232320351,3.41983190278753
Puerto Rico (US),PRI,2019,NA,NA,NA,100,100,100,NA,NA,NA,NA,NA,NA,NA,NA,NA,NA,NA,NA,NA,NA,NA,NA,NA,NA,6103454682.24268,NA,NA,55.5573505958644,NA,NA,33.7489296483406,21.8084209475238,19.0417136414882,1689,NA,NA,NA,NA,NA,NA,NA,NA,0,9.194,NA,4.330302071669,2.24000069135824,3.41781272811983
Puerto Rico (US),PRI,2020,NA,NA,NA,100,100,100,NA,NA,NA,NA,NA,NA,NA,NA,NA,NA,NA,NA,NA,NA,NA,NA,NA,NA,6081340309.75501,NA,NA,55.8409672655089,NA,NA,34.9922829612533,20.8486843042555,19.0417136414882,1689,NA,NA,NA,NA,NA,NA,NA,NA,0,10.131,NA,4.39794620215103,2.12165151356812,3.40185569622906
Puerto Rico (US),PRI,2021,NA,NA,NA,100,100,100,NA,NA,NA,NA,NA,NA,NA,NA,NA,NA,NA,NA,NA,NA,NA,NA,NA,NA,6346307406.94441,NA,NA,56.3280871183446,NA,NA,36.277126259887,20.0509608584576,19.0417136414882,1689,NA,NA,NA,NA,NA,NA,NA,NA,0,10.2,NA,4.40230005875937,2.16326095833259,3.42364171263564
Puerto Rico (US),PRI,2022,NA,NA,NA,100,100,100,NA,NA,NA,NA,NA,NA,NA,NA,NA,NA,NA,NA,NA,NA,NA,NA,NA,NA,NA,NA,NA,56.6985030090185,NA,NA,37.3177180023835,19.3807850066351,19.0417136414882,NA,NA,NA,NA,NA,NA,NA,NA,NA,NA,11,NA,4.43396654123408,2.199917095991,3.46523212818406
Puerto Rico (US),PRI,2023,NA,NA,NA,100,100,100,NA,NA,NA,NA,NA,NA,NA,NA,NA,NA,NA,NA,NA,NA,NA,NA,NA,NA,NA,5,NA,56.8593197817144,NA,NA,38.0285655253317,18.8307542563827,NA,NA,NA,NA,NA,NA,NA,NA,NA,NA,NA,10.7,NA,4.39852083720871,2.19036922823114,3.44639194157569
Puerto Rico (US),PRI,2024,NA,NA,NA,NA,NA,NA,NA,NA,NA,NA,NA,NA,NA,NA,NA,NA,NA,NA,NA,NA,NA,NA,NA,NA,NA,NA,NA,57.102662014672,NA,NA,38.8336924994924,18.2689695151796,NA,NA,NA,NA,NA,NA,NA,NA,NA,NA,NA,NA,NA,NA,NA,NA
Poland,POL,2018,100,100,100,100,100,100,NA,NA,NA,NA,NA,NA,NA,NA,NA,NA,NA,NA,NA,NA,NA,NA,5.64253731261213,55116958863.4763,24844640859.4247,912,3059,47.7612534407976,1000,1100,25.1409285880239,22.6203248527738,47.39850409903,145120,NA,NA,NA,NA,NA,NA,NA,NA,0.271492418074562,10.9,NA,4.66372815466132,2.30129986678539,3.6042592669364
Poland,POL,2019,100,100,100,100,100,100,NA,NA,NA,NA,NA,NA,NA,NA,NA,86.8736109184457,64.985650120725,22.3570908705805,20.2294052134097,NA,NA,NA,5.30311114680546,61839399863.4731,25879569981.6284,1016,4783,49.2108489415536,1100,1200,26.1990699797808,23.0117789617727,47.4437293783281,145230,NA,NA,NA,NA,NA,NA,NA,NA,0.200889167784234,10.8,NA,4.63971291678173,2.33853505506395,3.61531741572092
Poland,POL,2020,100,100,100,100,100,100,NA,NA,NA,NA,NA,NA,NA,NA,NA,NA,NA,NA,NA,NA,NA,NA,-0.782476683465617,63807464183.4102,26129918420.0289,1052,3602,50.5227064080951,1100,1300,27.2085541895213,23.3141522185738,48.1266128768824,147330,NA,NA,NA,NA,NA,NA,NA,NA,0.144342767072706,12.7,NA,4.7536449152685,2.35094107566515,3.68585850277777
Poland,POL,2021,100,100,100,100,100,100,95.72,95.69,95.75,95.52,93.92,71.31,96.92,96.35,98.05,NA,NA,NA,NA,NA,NA,NA,5.07661406138338,70142646132.4219,29338059894.6009,1056,3823,51.5090347483071,1200,1300,28.0825595179446,23.4264752303625,47.3691604050964,144994.6,NA,NA,NA,NA,NA,NA,NA,NA,0.246377814021137,14,NA,4.94022678327832,2.51201367832311,3.84470176689996
Poland,POL,2022,100,100,100,100,100,100,NA,NA,NA,NA,NA,NA,NA,NA,NA,NA,NA,NA,NA,NA,NA,NA,NA,NA,NA,1044,3020,52.306617945756,NA,NA,28.9675239566469,23.3390939891091,46.3131758633082,NA,NA,NA,NA,NA,NA,NA,NA,NA,NA,12.2,NA,4.91711255624185,2.52667926264761,3.8304411423454
Poland,POL,2023,NA,NA,NA,100,100,100,NA,NA,NA,NA,NA,NA,NA,NA,NA,NA,NA,NA,NA,NA,NA,NA,NA,NA,NA,1050,6989,53.040171083641,NA,NA,29.9360538766967,23.1041172069443,NA,NA,NA,NA,NA,NA,NA,NA,NA,NA,NA,11.1,NA,5.02719456602307,2.54235227730828,3.88844456381149
Poland,POL,2024,NA,NA,NA,NA,NA,NA,NA,NA,NA,NA,NA,NA,NA,NA,NA,NA,NA,NA,NA,NA,NA,NA,NA,NA,NA,NA,NA,53.7259744729991,NA,NA,30.9656427788479,22.7603316941512,NA,NA,NA,NA,NA,NA,NA,NA,NA,NA,NA,NA,NA,NA,NA,NA
Portugal,PRT,2018,100,100,100,100,100,100,NA,NA,NA,NA,NA,NA,NA,NA,NA,NA,NA,NA,NA,NA,NA,NA,2.04736406929793,10517606978.9058,10866568866.0704,245,85,55.4000956836287,1000,930,34.082955832304,21.3171398513247,40.791900276839,37367.665,NA,NA,NA,NA,NA,NA,NA,NA,0,10.9,NA,7.20360395917782,3.0511803997499,5.17918654341344
Portugal,PRT,2019,100,100,100,100,100,100,NA,NA,NA,NA,NA,NA,NA,NA,NA,NA,NA,NA,NA,NA,NA,NA,2.66580395171528,10397097869.2993,10723872452.9437,338,1057,56.0597690902446,1000,830,34.9418993381056,21.1178697521389,43.1253165745326,39505.205,14.333058137529,NA,NA,NA,NA,NA,NA,NA,0,10.8,NA,7.3199843070384,3.20034751594687,5.31251949676668
Portugal,PRT,2020,100,100,100,100,100,100,NA,NA,NA,NA,NA,NA,NA,NA,NA,NA,NA,NA,NA,NA,NA,NA,-8.99043865786547,3495889676.90683,10343764359.6166,360,1154,56.7408062962516,1000,750,35.8351843124648,20.9056219837869,43.1660902826901,39542.556,NA,NA,NA,NA,NA,NA,NA,100,0,11.9,NA,7.25888651718017,3.08891251345878,5.22400562320776
Portugal,PRT,2021,100,100,100,100,100,100,92.65,90.18,95.37,94.52,87.62,89.89,96,94.09,78.16,NA,NA,NA,NA,NA,NA,NA,4.728713317415,7659969085.54261,11496432254.1827,439,2162,57.3226204831259,1000,660,36.6418132752577,20.6808072078681,43.2538567511157,39622.955,NA,NA,NA,NA,NA,NA,NA,NA,0,12,NA,6.64151710400618,2.87999649387334,4.79459806962182
Portugal,PRT,2022,100,100,100,100,100,100,NA,NA,NA,NA,NA,NA,NA,NA,NA,NA,NA,NA,NA,NA,NA,NA,NA,NA,NA,448,968,57.9534940611134,1000,570,37.416030270883,20.5374637902304,42.7894964936641,NA,NA,NA,NA,NA,NA,NA,NA,NA,NA,11.9,NA,6.53989519230998,2.89426677929676,4.75181406695013
Portugal,PRT,2023,NA,NA,NA,100,100,100,NA,NA,NA,NA,NA,NA,NA,NA,NA,NA,NA,NA,NA,NA,NA,NA,NA,NA,NA,979,1267,58.7431554582857,NA,NA,38.2753795786848,20.4677758796009,NA,NA,NA,NA,NA,NA,NA,NA,NA,NA,NA,11.2,NA,6.37336808958279,2.84952796944413,4.63956620456641
Portugal,PRT,2024,NA,NA,NA,NA,NA,NA,NA,NA,NA,NA,NA,NA,NA,NA,NA,NA,NA,NA,NA,NA,NA,NA,NA,NA,NA,NA,NA,59.5712454227201,NA,NA,39.1438656323259,20.4273797903942,NA,NA,NA,NA,NA,NA,NA,NA,NA,NA,NA,NA,NA,NA,NA,NA
Qatar,QAT,2018,100,100,100,100,100,100,NA,NA,NA,NA,NA,NA,NA,NA,NA,NA,NA,NA,NA,98.19449,99.45751,96.99887,7.18139583111292,45764938660.2269,4273113977.77248,33,91,17.784456417313,100,100,1.34779205546161,16.4366643618514,6.44038294168842,740,14.8648648648649,NA,NA,NA,NA,NA,NA,NA,0,0.877,NA,0.257427818209073,0.366367042190127,0.273327063568767
Qatar,QAT,2019,100,100,100,100,100,100,NA,NA,NA,NA,NA,NA,NA,NA,NA,NA,NA,NA,NA,NA,NA,NA,-3.48569667352957,36580643424.5758,4197736571.47503,36,99,18.6630569940031,100,100,1.39086324092541,17.2721937530777,6.44038294168842,740,16.2162162162162,NA,NA,NA,NA,NA,NA,NA,0,0.841,NA,0.251215871225249,0.383161970476362,0.271582707973163
Qatar,QAT,2020,100,100,100,100,100,100,NA,NA,NA,NA,NA,NA,NA,NA,NA,NA,NA,NA,NA,NA,NA,NA,-12.1766006386677,25344046191.4622,3461634342.74857,38,243,19.968510996034,100,100,1.49682254739773,18.4716884486363,6.44038294168842,740,17.5675675675676,NA,NA,NA,NA,NA,NA,100,0,1.053,NA,0.253691186477222,0.354184620213991,0.270188652173555
Qatar,QAT,2021,100,100,100,100,100,100,NA,NA,NA,NA,NA,NA,NA,NA,NA,NA,NA,NA,NA,NA,NA,NA,NA,45068213268.7227,4332080551.95081,35,310,20.2600013826796,100,100,1.56804512144536,18.6919562612343,6.44038294168842,740,17.5675675675676,NA,NA,NA,NA,NA,NA,NA,0,1.053,NA,0.251177080135545,0.358877650151437,0.26956070919779
Qatar,QAT,2022,100,100,100,100,100,100,NA,NA,NA,NA,NA,NA,NA,NA,NA,NA,NA,NA,NA,NA,NA,NA,NA,NA,NA,128,140,19.960355294568,100,200,1.66876130835654,18.2915939862115,6.44038294168842,NA,NA,NA,NA,NA,NA,NA,NA,NA,NA,0.932,NA,0.249572048837447,0.359647829475325,0.26907210003568
Qatar,QAT,2023,NA,NA,NA,100,100,100,NA,NA,NA,NA,NA,NA,NA,NA,NA,NA,NA,NA,NA,NA,NA,NA,NA,NA,NA,58,140,20.0951254427778,NA,NA,1.88799451620225,18.2071309265755,NA,NA,NA,NA,NA,NA,NA,NA,NA,NA,NA,0.93,NA,0.246758639171597,0.368584770713026,0.268565039121804
Qatar,QAT,2024,NA,NA,NA,NA,NA,NA,NA,NA,NA,NA,NA,NA,NA,NA,NA,NA,NA,NA,NA,NA,NA,NA,NA,NA,NA,NA,NA,20.1151630671203,NA,NA,2.01291591625039,18.1022471508699,NA,NA,NA,NA,NA,NA,NA,NA,NA,NA,NA,NA,NA,NA,NA,NA
Russian Federation,RUS,2018,99,99.5,99.2,100,100,100,NA,NA,NA,NA,NA,NA,NA,NA,NA,NA,NA,NA,NA,NA,NA,NA,5.48969757092179,148393001922.923,71676185820.2279,43268,1361,47.5290734735912,NA,NA,21.5838728775538,25.9452005960374,13.1584362579663,2154940,NA,NA,NA,NA,NA,NA,NA,NA,0.540453511939203,12.5,NA,1.9337754360858599,0.947373764217922,1.45535244814629
Russian Federation,RUS,2019,99,99.5,99.2,99.8,100,99.2,NA,NA,NA,NA,NA,NA,NA,NA,NA,NA,NA,NA,NA,NA,NA,NA,0.27869287136879,116692316710.132,72680470700.6007,48282,1445,48.5943754955694,NA,NA,22.3832159682268,26.2111595273427,13.1584362579663,2154940,NA,NA,NA,NA,NA,NA,NA,NA,0.441616890263136,12.3,NA,1.87213953813606,0.999748288969819,1.44836954279448
Russian Federation,RUS,2020,98.9,99.4,99.2,99.9,100,99.2,NA,NA,NA,NA,NA,NA,NA,NA,NA,NA,NA,NA,NA,NA,NA,NA,-3.23366608620944,123241695656.098,64469283358.5326,44399,813,49.5678005245706,NA,NA,23.1413427909336,26.426457733637,13.1584362579663,2154940,NA,NA,NA,NA,NA,NA,NA,NA,0.362611722051707,14.6,NA,1.80887374200698,0.865540441538087,1.35020515288907
Russian Federation,RUS,2021,98.9,99.3,99.2,100,100,99.2,89.72,90.11,89.26,88.99,85.81,82.29,92.32,90.49,93.49,NA,NA,NA,NA,NA,NA,NA,-2.63926845549979,110591090908.763,76943674208.8296,42959,524,50.271723309629,NA,NA,23.6428493476847,26.6288739619444,13.1584362579663,2154940,NA,NA,NA,NA,NA,NA,NA,NA,0.612542293942399,16.7,NA,1.72120780700456,0.829222372916975,1.28830658310397
Russian Federation,RUS,2022,98.9,99.4,99.1,100,100,99.1,NA,NA,NA,NA,NA,NA,NA,NA,NA,NA,NA,NA,NA,NA,NA,NA,NA,NA,NA,66373,1066,50.9772520257906,NA,NA,24.2704034540444,26.7068485717462,13.1584362579663,NA,NA,NA,NA,NA,NA,NA,NA,100,NA,12.9,NA,1.78825696299203,0.752493298219896,1.28388910263283
Russian Federation,RUS,2023,NA,NA,NA,100,100,100,NA,NA,NA,NA,NA,NA,NA,NA,NA,NA,NA,NA,NA,NA,NA,NA,NA,NA,NA,114669,891,51.7902694468508,NA,NA,25.2042318995154,26.5860375473355,NA,NA,NA,NA,NA,NA,NA,NA,NA,NA,NA,12.1,NA,1.91467242443514,0.832876778066152,1.3866925793321
Russian Federation,RUS,2024,NA,NA,NA,NA,NA,NA,NA,NA,NA,NA,NA,NA,NA,NA,NA,NA,NA,NA,NA,NA,NA,NA,NA,NA,NA,NA,NA,52.5688404175722,NA,NA,26.2074750879828,26.3613653295895,NA,NA,NA,NA,NA,NA,NA,NA,NA,NA,NA,NA,NA,NA,NA,NA
Rwanda,RWA,2018,0.5,2.4,9.8,38,28,85.8,NA,NA,NA,NA,NA,NA,NA,NA,NA,NA,NA,NA,NA,95.28152,95.54366,95.0189,8.34965441201075,-457445279.599674,265218467.358922,13772,423,76.5839285100698,3600,4500,5.73323855565952,70.8506899544103,79.0028374543981,19490,NA,NA,NA,NA,NA,NA,NA,NA,0,6.206,NA,1.60359368979826,0.537299701151941,1.10538842107118
Rwanda,RWA,2019,0.6,3.3,13.9,46.6,38.3,86.4,NA,NA,NA,NA,NA,NA,NA,NA,NA,NA,NA,NA,NA,NA,NA,NA,10.0711271863708,-436096371.80437,274604852.586336,15726,493,75.4998497905928,3100,3700,5.89157422068653,69.6082755699063,77.1787596270774,19040,NA,NA,NA,NA,NA,NA,NA,NA,0,6.132,NA,1.51626175085477,0.504954537261638,1.05054134745423
Rwanda,RWA,2020,0.7,4.6,19.1,45.2,34.9,93.9,NA,NA,NA,NA,NA,NA,NA,NA,NA,NA,NA,NA,NA,NA,NA,NA,-3.51342309877126,-419999769.027822,262030882.533498,16648,465,74.3140418599029,2700,3300,6.05864207330886,68.2553997865941,79.3919740575598,19586,NA,NA,NA,NA,NA,NA,NA,85.6,0,6.089,NA,1.07499529729637,0.781015583292092,0.937580827896234
Rwanda,RWA,2021,0.8,6.2,26.1,48.7,38.2,98,NA,NA,NA,NA,NA,NA,NA,NA,NA,NA,NA,NA,NA,NA,NA,NA,10.8744424236786,-162439440.712435,273757026.850888,23523,393,73.147975044359,2800,3400,6.24312380610605,66.9048512382529,81.2509120389137,20044.6,NA,NA,NA,NA,NA,NA,NA,NA,0,6.185,NA,0.967576700838338,0.610208283925661,0.802136241670555
Rwanda,RWA,2022,0.9,8.3,34.3,50.6,38.2,98,NA,NA,NA,NA,NA,NA,NA,NA,NA,NA,NA,NA,NA,NA,NA,NA,NA,NA,NA,17886,483,72.0525122623854,2500,3000,6.40284499187885,65.6496672705065,81.2509120389137,NA,NA,NA,NA,NA,NA,NA,NA,NA,NA,5.993,NA,1.18456992780265,0.797272462766182,1.00402407209386
Rwanda,RWA,2023,NA,NA,NA,63.9,57.9,99.9,NA,NA,NA,NA,NA,NA,NA,NA,NA,NA,NA,NA,NA,NA,NA,NA,NA,NA,NA,18297,12660,71.0958025684348,NA,NA,6.53902554457242,64.5567770238624,NA,NA,NA,NA,NA,NA,NA,NA,NA,NA,NA,5.935,NA,1.20465450454876,0.943200667950664,1.08317284113066
Rwanda,RWA,2024,NA,NA,NA,NA,NA,NA,NA,NA,NA,NA,NA,NA,NA,NA,NA,NA,NA,NA,NA,NA,NA,NA,NA,NA,NA,NA,NA,70.3196484501421,NA,NA,6.68687101105469,63.6327774390874,NA,NA,NA,NA,NA,NA,NA,NA,NA,NA,NA,NA,NA,NA,NA,NA
Sri Lanka,LKA,2018,20.9,29.9,68.4,99.6,99.5,100,NA,NA,NA,NA,NA,NA,NA,NA,NA,NA,NA,NA,NA,99.27348,NA,NA,1.88661328369517,26767379695.8718,1506400528.69932,14517,744,51.4899106111657,200,200,15.2034840861841,36.2864265249815,45.448079658606,28116,NA,NA,NA,NA,NA,NA,NA,NA,0,6.677,NA,3.62689880329331,0.961424476099632,2.75968860067205
Sri Lanka,LKA,2019,22.6,31.1,69.5,99.8,99.7,100,NA,NA,NA,NA,NA,NA,NA,NA,NA,33.5521917927563,17.1178190426875,6.50215970474536,NA,NA,NA,NA,-0.77397327647148,22199965692.5386,1415616482.17584,16062,361,51.5839384848559,200,200,15.7275340756216,35.8564044092342,45.4472947072851,28115.728,NA,NA,NA,NA,NA,NA,NA,NA,0,6.7,NA,3.44797513757525,0.757696780311148,2.55673494178214
Sri Lanka,LKA,2020,23.9,32.6,70.6,100,100,100,NA,NA,NA,NA,NA,NA,NA,NA,NA,NA,NA,NA,NA,NA,NA,NA,-3.12269599849584,21034526747.4965,1358759997.34986,15061,224,51.6372974759332,200,200,16.2490166820398,35.3882807938934,45.4574846427417,28120,NA,NA,NA,NA,NA,NA,NA,NA,0,6,NA,3.36991012674215,0.744533101986614,2.53513397235354
Sri Lanka,LKA,2021,25.3,34.1,71.8,100,100,100,89.27,89.28,89.26,90.05,87.08,76.93,90.72,92.98,86.4,NA,NA,NA,NA,NA,NA,NA,1.7456722568261,NA,1421132078.26655,12209,201,51.6567798164786,200,200,16.7514687900259,34.9053110264527,45.4574846427417,28120,NA,NA,NA,NA,NA,NA,NA,NA,0,7.4,NA,3.66066375722337,0.799071645627649,2.74644112331494
Sri Lanka,LKA,2022,26.5,35.5,73,100,100,100,NA,NA,NA,NA,NA,NA,NA,NA,NA,NA,NA,NA,NA,NA,NA,NA,NA,NA,NA,15169,221,51.6823190565539,200,200,17.2651420066817,34.4171770498722,45.4574846427417,NA,NA,NA,NA,NA,NA,NA,NA,NA,NA,8.1,NA,3.81838526808793,1.01700018562665,2.90364187168079
Sri Lanka,LKA,2023,NA,NA,NA,100,100,100,NA,NA,NA,NA,NA,NA,NA,NA,NA,NA,NA,NA,NA,NA,NA,NA,NA,NA,NA,18076,178,51.745033375023,NA,NA,17.8129118856287,33.9321214893943,NA,NA,NA,NA,NA,NA,NA,NA,NA,NA,NA,8.2,NA,3.81801169467103,1.00543025070692,2.91773089526387
Sri Lanka,LKA,2024,NA,NA,NA,NA,NA,NA,NA,NA,NA,NA,NA,NA,NA,NA,NA,NA,NA,NA,NA,NA,NA,NA,NA,NA,NA,NA,NA,51.8239202756772,NA,NA,18.3766728185512,33.447247457126,NA,NA,NA,NA,NA,NA,NA,NA,NA,NA,NA,NA,NA,NA,NA,NA
South Africa,ZAF,2018,67.1,86.6,94.7,84.7,79.7,87.2,NA,NA,NA,NA,NA,NA,NA,NA,NA,54.1653268434003,54.1653268434003,NA,NA,NA,NA,NA,0.700344780677327,-7097197144.8605,21682260041.1183,2399,184193,50.6774275844496,180000,210000,8.70404612318423,41.9733814612654,79.4178502831612,963410,NA,NA,NA,NA,NA,NA,NA,NA,2.2798795325049,8.789,NA,7.66260174375325,2.3247286729661,5.24810065261055
South Africa,ZAF,2019,68.3,87.4,95.1,85,80.4,87.3,NA,NA,NA,NA,NA,NA,NA,NA,NA,71.6844679434216,71.6844679434216,NA,NA,NA,NA,NA,1.23590937713685,-8081929912.21869,22029818579.1435,2839,188235,50.0943393660016,170000,190000,8.9234390440694,41.1709003219322,79.4178502831612,963410,NA,NA,NA,NA,NA,NA,NA,NA,1.75865465574997,8.75,NA,8.09096825944197,2.75202226029805,5.67048667626574
South Africa,ZAF,2020,69.4,88.1,95.4,90,95.5,87.3,NA,NA,NA,NA,NA,NA,NA,NA,NA,58.1668594545014,58.1668594545014,NA,NA,NA,NA,NA,-4.58024823076352,-8419939376.09862,20076912187.5333,3230,173461,49.49614178865,160000,190000,9.13345017402681,40.3626916146232,79.4178502831612,963410,NA,NA,NA,NA,NA,NA,NA,NA,1.61371270668907,9.683,NA,8.44141411876983,3.13744145416242,6.03992935890419
South Africa,ZAF,2021,70.5,88.7,95.7,89.3,93.4,87.4,85.38,86.18,84.56,87.28,77.82,76.02,90.39,88.59,79.06,50.3261937897078,50.3261937897078,NA,NA,NA,NA,NA,6.83563722462266,NA,26699435798.0321,3556,167411,48.9162852048925,150000,170000,9.28437276415596,39.6319124407365,79.4178502831612,963410,NA,NA,NA,NA,NA,NA,NA,NA,2.44110582623372,11.933,NA,8.27005309132755,3.04194987920227,5.93061955564397
South Africa,ZAF,2022,71.4,89.4,96,86.5,93.4,87.1,NA,NA,NA,NA,NA,NA,NA,NA,NA,NA,NA,NA,NA,NA,NA,NA,NA,NA,NA,3474,84316,48.5504660443153,140000,160000,9.45022709772929,39.100238946586,79.4178502831612,NA,NA,NA,NA,NA,NA,NA,NA,NA,NA,9.402,NA,7.95573275478101,2.89233329569148,5.67838312899969
South Africa,ZAF,2023,NA,NA,NA,87.7,94,90.9,NA,NA,NA,NA,NA,NA,NA,NA,NA,NA,NA,NA,NA,NA,NA,NA,NA,NA,NA,4163,86911,48.3679344695214,NA,NA,9.6663098397114,38.70162462981,NA,NA,NA,NA,NA,NA,NA,NA,NA,NA,NA,9.239,NA,7.36690348818221,3.03119262823549,5.40471752902087
South Africa,ZAF,2024,NA,NA,NA,NA,NA,NA,NA,NA,NA,NA,NA,NA,NA,NA,NA,NA,NA,NA,NA,NA,NA,NA,NA,NA,NA,NA,NA,48.3114173367099,NA,NA,9.92284756347879,38.3885697732311,NA,NA,NA,NA,NA,NA,NA,NA,NA,NA,NA,NA,NA,NA,NA,NA
Spain,ESP,2018,100,100,100,100,100,100,NA,NA,NA,NA,NA,NA,NA,NA,NA,NA,NA,NA,NA,NA,NA,NA,2.38414425242948,146803394337.661,56418111387.3811,238,78685,51.21278722932,NA,NA,29.0363941379669,22.1763930913531,52.408209711446,261833.239,14.1454194820544,NA,NA,NA,NA,NA,NA,NA,0.00155929573705883,9.1,NA,6.32268165226041,3.37598077904803,4.99136787602674
Spain,ESP,2019,100,100,100,100,100,100,NA,NA,NA,NA,NA,NA,NA,NA,NA,NA,NA,NA,NA,NA,NA,NA,1.98822425495477,152956480253.275,55909182919.8564,276,133030,51.1273134809275,NA,NA,29.2912365372295,21.836076943698,52.4584917258728,262066.906,14.6098073138621,NA,NA,NA,NA,NA,NA,NA,0,8.8,NA,6.18846378738231,3.42325147762454,4.93635324806079
Spain,ESP,2020,100,100,100,100,100,100,NA,NA,NA,NA,NA,NA,NA,NA,NA,NA,NA,NA,NA,NA,NA,NA,-12.9585892298547,87443006599.0803,51238089508.6872,294,103385,50.9641870731648,NA,NA,29.5280163415616,21.4361707316031,52.3316792232841,261426.381,14.6549134993381,NA,NA,NA,NA,NA,NA,NA,0,10.4,NA,6.32363056381769,3.30151070091628,4.95622343414315
Spain,ESP,2021,100,100,100,100,100,100,98.3,97.49,99.11,98.49,97.93,96.37,98.54,98.8,96.84,NA,NA,NA,NA,NA,NA,NA,5.8730386418944,114465576137.953,57433600464.1377,423,103850,50.8789437442103,NA,NA,29.8942224729884,20.9847212712219,52.4848941208322,262284.464,14.7850960779743,NA,NA,NA,NA,NA,NA,NA,0,9.5,NA,6.17724596204846,3.29105025449915,4.85827628718862
Spain,ESP,2022,100,100,100,100,100,100,NA,NA,NA,NA,NA,NA,NA,NA,NA,NA,NA,NA,NA,NA,NA,NA,NA,NA,NA,452,134580,51.0206958838906,NA,NA,30.4880565881728,20.5326392957178,53.3572810066811,NA,NA,NA,NA,NA,NA,NA,NA,100,NA,9.7,NA,6.36116817210245,3.43334964654417,5.02390356285678
Spain,ESP,2023,NA,NA,NA,100,100,100,NA,NA,NA,NA,NA,NA,NA,NA,NA,NA,NA,NA,NA,NA,NA,NA,NA,NA,NA,1322,204270,51.3142215787847,NA,NA,31.2519963542807,20.062225224504,NA,NA,NA,NA,NA,NA,NA,NA,NA,NA,NA,9,NA,6.08330308729556,3.32991852949167,4.81578327465304
Spain,ESP,2024,NA,NA,NA,NA,NA,NA,NA,NA,NA,NA,NA,NA,NA,NA,NA,NA,NA,NA,NA,NA,NA,NA,NA,NA,NA,NA,NA,51.669553663872,NA,NA,32.0712004300322,19.5983532338398,NA,NA,NA,NA,NA,NA,NA,NA,NA,NA,NA,NA,NA,NA,NA,NA
Sweden,SWE,2018,100,100,100,100,100,100,NA,NA,NA,NA,NA,NA,NA,NA,NA,NA,NA,NA,NA,NA,NA,NA,1.20197812061964,102340873087.428,40241823238.3687,29,37892,60.3159015203771,NA,NA,31.8428077110083,28.4730938093688,7.36634329022193,30003.9,NA,NA,NA,NA,NA,NA,NA,NA,0,9.1,NA,4.61072437266901,1.55920535330775,3.15928542821402
Sweden,SWE,2019,100,100,100,100,100,100,NA,NA,NA,NA,NA,NA,NA,NA,NA,NA,NA,NA,NA,NA,NA,NA,3.49841052365065,108030184088.23,38905550769.591,35,28006,60.5841239468728,NA,NA,32.0375957516213,28.5465281952514,7.37821646042035,30047.8,NA,NA,NA,NA,NA,NA,NA,NA,0,8.6,NA,4.62745347019796,1.59030004103331,3.18867224744257
Sweden,SWE,2020,100,100,100,100,100,100,NA,NA,NA,NA,NA,NA,NA,NA,NA,NA,NA,NA,NA,NA,NA,NA,-1.98321045292134,111188118453.095,40077851125.0093,35,18603,60.7610678252936,NA,NA,32.2486474551443,28.5124203701493,7.38067177371833,30055.4,NA,NA,NA,NA,NA,NA,NA,NA,0,9.5,NA,4.65026062667385,1.48942351976432,3.15979848028626
Sweden,SWE,2021,100,100,100,100,100,100,99.69,100,99.39,99.65,99.22,100,100,99.67,100,NA,NA,NA,NA,NA,NA,NA,4.52797725899501,129163475323.225,46291445351.8589,43,13954,60.893031225029,NA,NA,32.4952203120634,28.3978109129656,7.3733058338244,30029.1,NA,NA,NA,NA,NA,NA,NA,NA,0,8.8,NA,4.87820322593215,1.60741698004891,3.33895084951047
Sweden,SWE,2022,100,100,100,100,100,100,NA,NA,NA,NA,NA,NA,NA,NA,NA,NA,NA,NA,NA,NA,NA,NA,NA,NA,NA,82,14469,60.8510659836657,NA,NA,32.7201622048024,28.1309037788633,7.35366332744058,NA,NA,NA,NA,NA,NA,NA,NA,100,NA,9,NA,4.82099318644869,1.60795141713713,3.31391239977559
Sweden,SWE,2023,NA,NA,NA,100,100,100,NA,NA,NA,NA,NA,NA,NA,NA,NA,NA,NA,NA,NA,NA,NA,NA,NA,NA,NA,175,11271,60.7360556550349,NA,NA,33.0094345926113,27.7266210624237,NA,NA,NA,NA,NA,NA,NA,NA,NA,NA,NA,9,NA,4.89892492231455,1.65310703725797,3.36579869947899
Sweden,SWE,2024,NA,NA,NA,NA,NA,NA,NA,NA,NA,NA,NA,NA,NA,NA,NA,NA,NA,NA,NA,NA,NA,NA,NA,NA,NA,NA,NA,60.5975578774891,NA,NA,33.318802678057,27.2787551994321,NA,NA,NA,NA,NA,NA,NA,NA,NA,NA,NA,NA,NA,NA,NA,NA
Switzerland,CHE,2018,100,100,100,100,100,100,NA,NA,NA,NA,NA,NA,NA,NA,NA,NA,NA,NA,NA,NA,NA,NA,-0.543609772410946,95701487881.188,30886662018.3137,13,14776,50.0937300468879,500,NA,27.5986069356356,22.4951231112523,38.1824051503393,15085.727,NA,NA,NA,NA,NA,NA,NA,NA,0,7.9,NA,6.68594846694303,2.50091538558227,4.7434805309005
Switzerland,CHE,2019,100,100,100,100,100,100,NA,NA,NA,NA,NA,NA,NA,NA,NA,NA,NA,NA,NA,NA,NA,NA,1.48846673377091,93759025037.7753,30857443131.5393,20,11200,50.6327775355631,500,NA,27.9908017758454,22.6419757597177,38.1050341397781,15055.158,NA,NA,NA,NA,NA,NA,NA,NA,0,7.9,NA,6.54050939464438,2.78822038216331,4.78942059628771
Switzerland,CHE,2020,100,100,100,100,100,100,NA,NA,NA,NA,NA,NA,NA,NA,NA,NA,NA,NA,NA,NA,NA,NA,-5.46089938461581,85940885345.8035,31724539782.3998,16,6547,51.065235905893,500,NA,28.3270521862764,22.7381837196166,38.0271063029444,15024.369,3.28865724743582,NA,NA,NA,NA,NA,NA,NA,0,8.8,NA,6.79572593075225,2.90756964410397,4.9831324875049
Switzerland,CHE,2021,100,100,100,100,100,100,99.49,99.02,100,99.44,99.49,98.54,99.49,99.82,100,NA,NA,NA,NA,NA,NA,NA,8.25967323766417,128794473945.996,34881691879.2398,21,7109,51.5313032476218,500,NA,28.6818891760097,22.8494140716122,37.9496922648985,14993.783,NA,NA,NA,NA,NA,NA,NA,NA,0,8.2,NA,8.11247619462404,3.65139599574161,6.0290997553355
Switzerland,CHE,2022,100,100,100,100,100,100,NA,NA,NA,NA,NA,NA,NA,NA,NA,NA,NA,NA,NA,NA,NA,NA,NA,NA,NA,27,14904,52.1817146235677,NA,NA,29.247291506466,22.9344231171018,37.8712936567617,NA,NA,NA,NA,NA,NA,NA,NA,100,NA,8.5,NA,8.63684210319671,4.31238208628811,6.62093943779612
Switzerland,CHE,2023,NA,NA,NA,100,100,100,NA,NA,NA,NA,NA,NA,NA,NA,NA,NA,NA,NA,NA,NA,NA,NA,NA,NA,NA,42,18884,52.9575232432572,NA,NA,29.9970830303786,22.9604402128785,NA,NA,NA,NA,NA,NA,NA,NA,NA,NA,NA,8.1,NA,6.73078958886623,2.92719165946537,4.95444229901585
Switzerland,CHE,2024,NA,NA,NA,NA,NA,NA,NA,NA,NA,NA,NA,NA,NA,NA,NA,NA,NA,NA,NA,NA,NA,NA,NA,NA,NA,NA,NA,53.7748542993749,NA,NA,30.784275243328,22.9905790560468,NA,NA,NA,NA,NA,NA,NA,NA,NA,NA,NA,NA,NA,NA,NA,NA
Thailand,THA,2018,75.1,82.2,89.9,99.8,99.7,99.9,NA,NA,NA,NA,NA,NA,NA,NA,NA,NA,NA,NA,NA,NA,NA,NA,NA,74983277951.3899,18793150392.5589,2792,934,40.3013405116213,10000,10000,16.5321700852304,23.7691704263909,44.7174470042475,228456.965,NA,NA,NA,NA,NA,NA,NA,NA,0.0288539920601164,7.167,NA,3.76087542501871,1.38008366733331,2.68393769418981
Thailand,THA,2019,76.2,83.1,90.4,99.9,99.9,99.9,NA,NA,NA,NA,NA,NA,NA,NA,NA,83.8723891444776,74.1334598462906,1.98697697170286,NA,NA,NA,NA,NA,80174619371.2926,20416839264.3368,3531,837,40.607794056073,9800,10000,17.3351890927991,23.2726049632739,45.019475816712,230000,NA,NA,NA,NA,NA,NA,NA,99.8,0.0185040812105728,7.422,NA,3.47711195349808,1.41239010263576,2.54116740200053
Thailand,THA,2020,77.6,84.3,91,100,100,99.8,NA,NA,NA,NA,NA,NA,NA,NA,NA,NA,NA,NA,NA,NA,NA,NA,NA,48276972822.3466,19026973263.3423,3760,852,40.974368915158,9500,9700,18.1828532318187,22.7915156833393,45.5516837283955,232718.997,NA,NA,NA,NA,NA,NA,NA,NA,0.015831685103566,7.618,NA,3.32616608040519,1.35738529371265,2.43045384022146
Thailand,THA,2021,78.8,85.3,91.5,100,100,99.8,95.58,92.7,98.61,95.18,97.68,93.47,94.15,97.31,97,92.9958398831937,78.454776939718,4.91820170809322,NA,NA,NA,NA,NA,45056028267.807,19040157908.7806,3230,677,41.4084358543198,9300,9400,19.0788682890423,22.3295675652775,45.9981600735971,235000,NA,NA,NA,NA,NA,NA,NA,NA,0.0335556904365916,7.744,NA,3.19116885388924,1.30711359600252,2.33151865634467
Thailand,THA,2022,80.1,86.1,91.8,99.9,100,100,NA,NA,NA,NA,NA,NA,NA,NA,NA,NA,NA,NA,NA,NA,NA,NA,NA,NA,NA,3203,926,41.9038541372374,9100,9200,20.0038807513821,21.8999733858553,45.9981600735971,NA,NA,NA,NA,NA,NA,NA,NA,NA,NA,9.231,NA,3.11424469666601,1.35152081662764,2.30717964814536
Thailand,THA,2023,NA,NA,NA,100,100,100,NA,NA,NA,NA,NA,NA,NA,NA,NA,NA,NA,NA,NA,NA,NA,NA,NA,NA,NA,3371,1674,42.4662473757894,NA,NA,20.968546826091,21.4977005496984,NA,NA,NA,NA,NA,NA,NA,NA,NA,NA,NA,8.888,NA,3.22413856778816,1.38222564336201,2.38017297428907
Thailand,THA,2024,NA,NA,NA,NA,NA,NA,NA,NA,NA,NA,NA,NA,NA,NA,NA,NA,NA,NA,NA,NA,NA,NA,NA,NA,NA,NA,NA,43.0865648827834,NA,NA,21.9820365175353,21.104528365248,NA,NA,NA,NA,NA,NA,NA,NA,NA,NA,NA,NA,NA,NA,NA,NA
Uganda,UGA,2018,0.3,0.8,1.9,41.9,32.5,72,NA,NA,NA,NA,NA,NA,NA,NA,NA,NA,NA,NA,NA,NA,NA,NA,8.4583876435503509,407485359.322185,524349251.128744,10956,25269,93.5640775343582,46000,56000,3.88916555500905,89.6749119793491,71.8880909634949,144150,NA,NA,NA,NA,NA,NA,NA,NA,0,5.613,NA,3.9904805450898,1.38762139063463,2.72422007005769
Uganda,UGA,2019,0.3,0.8,1.8,41.3,31.8,70.8,NA,NA,NA,NA,NA,NA,NA,NA,NA,NA,NA,NA,NA,NA,NA,NA,5.55386304463228,391087443.496477,547435135.083721,11433,21658,91.5697078154151,45000,54000,3.90112727695885,87.6685805384562,71.8880909634949,144150,NA,NA,NA,NA,NA,NA,NA,NA,0,5.42,NA,5.30085565725235,1.77200355303465,3.58620477975101
Uganda,UGA,2020,0.3,0.7,1.5,42.1,32.8,70.1,NA,NA,NA,NA,NA,NA,NA,NA,NA,NA,NA,NA,NA,NA,NA,NA,1.9652887167918,-382145665.494542,572207461.204347,11742,25236,89.7016309112795,43000,52000,3.91138104764423,85.7902498636352,71.8880909634949,144150,NA,NA,NA,NA,NA,NA,NA,NA,0,5.373,NA,6.28484105489914,2.70593334346522,4.55887508209507
Uganda,UGA,2021,0.3,0.7,1.4,45.2,35.9,72.3,65.91,65.06,66.88,68.13,51.39,54.26,75.56,76.35,62.65,NA,NA,NA,NA,NA,NA,NA,2.95960725094268,-1548069260.90923,601226292.655553,11824,43388,88.0347218678354,45000,53000,3.92198244788153,84.1127394199539,71.8880909634949,144150,NA,NA,NA,NA,NA,NA,NA,NA,0,5.339,NA,7.93909316267172,4.07531753487033,6.09217368621024
Uganda,UGA,2022,0.3,0.6,1.2,47.1,35.9,72,NA,NA,NA,NA,NA,NA,NA,NA,NA,NA,NA,NA,NA,NA,NA,NA,NA,NA,NA,11833,32166,86.6448141858633,43000,52000,3.94792045008994,82.6968937357734,71.8880909634949,NA,NA,NA,NA,NA,NA,NA,NA,NA,NA,5.035,NA,8.45239251166356,4.30313012044292,6.46349609341114
Uganda,UGA,2023,NA,NA,NA,51.5,42.4,76.4,NA,NA,NA,NA,NA,NA,NA,NA,NA,NA,NA,NA,NA,NA,NA,NA,NA,NA,NA,14989,37657,85.4896724288882,NA,NA,3.98910711476925,81.5005653141189,NA,NA,NA,NA,NA,NA,NA,NA,NA,NA,NA,4.842,NA,8.85863192755295,4.43908860787056,6.73720524703714
Uganda,UGA,2024,NA,NA,NA,NA,NA,NA,NA,NA,NA,NA,NA,NA,NA,NA,NA,NA,NA,NA,NA,NA,NA,NA,NA,NA,NA,NA,NA,84.2692386918341,NA,NA,4.03285280715238,80.2363858846818,NA,NA,NA,NA,NA,NA,NA,NA,NA,NA,NA,NA,NA,NA,NA,NA
United Arab Emirates,ARE,2018,100,100,100,100,100,100,NA,NA,NA,NA,NA,NA,NA,NA,NA,NA,NA,NA,NA,NA,NA,NA,2.91974755849202,NA,12163466733.987,272,6500,22.2647153045603,NA,NA,1.83531134154989,20.4294039630104,5.37524640946212,3817.5,21.9148657498363,NA,NA,NA,NA,NA,NA,100,0,0.957,NA,3.42784575549341,1.43057528655111,3.02084807367413
United Arab Emirates,ARE,2019,100,100,100,100,100,100,NA,NA,NA,NA,NA,NA,NA,NA,NA,NA,NA,NA,NA,NA,NA,NA,0.509577671452874,NA,11924600282.8532,181,7266,22.2156206400823,NA,NA,1.86744698747682,20.3481736526055,5.49704308645452,3904,23.6577868852459,NA,NA,NA,NA,NA,NA,NA,0,0.958,NA,4.04556150835186,1.69725842710315,3.53708195724744
United Arab Emirates,ARE,2020,100,100,100,100,100,100,NA,NA,NA,NA,NA,NA,NA,NA,NA,NA,NA,NA,NA,NA,NA,NA,-15.7158137114727,NA,10017530882.1075,181,7229,22.1652541679088,NA,NA,1.91077828079465,20.2544758871141,5.48859476203886,3898,23.5556695741406,NA,NA,NA,NA,NA,NA,NA,0,1.118,NA,3.97407409455656,1.7116678162156,3.43261641845895
United Arab Emirates,ARE,2021,100,100,100,100,100,100,85.74,86.68,85.39,87.12,83.4,75.97,87.27,86.37,79.43,NA,NA,NA,NA,NA,NA,NA,NA,NA,NA,215,7203,22.1412793084987,NA,NA,1.97775163351003,20.1635276749887,5.51339763446916,3915.615,23.9962304772047,NA,NA,NA,NA,NA,NA,NA,0,1.258,NA,3.71121738658235,1.78618542350562,3.30826537836279
United Arab Emirates,ARE,2022,100,100,100,100,100,100,NA,NA,NA,NA,NA,NA,NA,NA,NA,NA,NA,NA,NA,NA,NA,NA,NA,NA,NA,594,7110,22.1229936023157,NA,NA,2.00249458778694,20.1204990145287,5.51339763446916,NA,NA,NA,NA,NA,NA,NA,NA,NA,NA,1.18,NA,4.23648858182018,1.90830925460562,3.72965748316989
United Arab Emirates,ARE,2023,NA,NA,NA,100,100,100,NA,NA,NA,NA,NA,NA,NA,NA,NA,NA,NA,NA,NA,NA,NA,NA,NA,NA,NA,171,7044,22.0026623838262,NA,NA,2.06871808394946,19.9339442998767,NA,NA,NA,NA,NA,NA,NA,NA,NA,NA,NA,0.932,NA,4.24930755766654,2.0217590361921,3.74709883787533
United Arab Emirates,ARE,2024,NA,NA,NA,NA,NA,NA,NA,NA,NA,NA,NA,NA,NA,NA,NA,NA,NA,NA,NA,NA,NA,NA,NA,NA,NA,NA,NA,21.7699586035154,NA,NA,2.15162754112808,19.6183310623874,NA,NA,NA,NA,NA,NA,NA,NA,NA,NA,NA,NA,NA,NA,NA,NA
United Kingdom,GBR,2018,100,100,100,100,100,100,NA,NA,NA,NA,NA,NA,NA,NA,NA,NA,NA,NA,NA,NA,NA,NA,0.8311606217747,92059807390.3655,145299350654.271,184,45234,57.0044449579318,NA,NA,28.6623391144953,28.3421058434365,71.7185202331253,173508.616,0.413905093911878,NA,NA,NA,NA,NA,NA,NA,0.00252814305692617,9.2,NA,2.78210930205331,1.24362532390076,2.05607285361254
United Kingdom,GBR,2019,100,100,100,100,100,100,NA,NA,NA,NA,NA,NA,NA,NA,NA,NA,NA,NA,NA,NA,NA,NA,NA,NA,145547811609.808,227,61947,57.4310213561674,NA,NA,29.0585518127533,28.3724695434141,72.4229988013062,175212.961,NA,NA,NA,NA,NA,NA,NA,NA,0.00191572735231576,9.019,NA,2.97292604297367,1.23490017940281,2.14495470045106
United Kingdom,GBR,2020,100,100,100,100,100,100,NA,NA,NA,NA,NA,NA,NA,NA,NA,NA,NA,NA,NA,NA,NA,NA,NA,NA,134741830598.592,200,77245,57.6593808571739,NA,NA,29.3337816380253,28.3255992191486,71.3400491877816,172592.981,NA,NA,NA,NA,NA,NA,NA,NA,0.00102332772244258,10.268,NA,2.76504164780888,1.21416739415068,2.02209077653188
United Kingdom,GBR,2021,100,100,100,100,100,100,99.76,99.91,99.61,99.73,99.57,98.33,99.89,99.95,100,NA,NA,NA,NA,NA,NA,NA,NA,NA,158890910174.48,277,104897,57.6129608377299,NA,NA,29.5030172797067,28.1099435580232,71.1575290373248,172151.41,NA,NA,NA,NA,NA,NA,NA,NA,0.00102273685261212,9.784,NA,2.44617466009843,1.09098596780913,1.79441039119257
United Kingdom,GBR,2022,100,100,100,100,100,99.9,NA,NA,NA,NA,NA,NA,NA,NA,NA,NA,NA,NA,NA,NA,NA,NA,NA,NA,NA,408,167289,57.6281923445403,NA,NA,29.839512983819098,27.7886793607212,69.5725606580416,NA,NA,NA,NA,NA,NA,NA,NA,100,NA,9.512,NA,2.16440576568686,0.898508479922143,1.55906171437958
United Kingdom,GBR,2023,NA,NA,NA,100,100,100,NA,NA,NA,NA,NA,NA,NA,NA,NA,NA,NA,NA,NA,NA,NA,NA,NA,NA,NA,394,138156,57.846397332052,NA,NA,30.3666928153824,27.4797045166696,NA,NA,NA,NA,NA,NA,NA,NA,NA,NA,NA,9.518,NA,2.08568403461081,0.979615204790207,1.55808068366149
United Kingdom,GBR,2024,NA,NA,NA,NA,NA,NA,NA,NA,NA,NA,NA,NA,NA,NA,NA,NA,NA,NA,NA,NA,NA,NA,NA,NA,NA,NA,NA,57.9399912449235,NA,NA,30.7979309692315,27.142060275692,NA,NA,NA,NA,NA,NA,NA,NA,NA,NA,NA,NA,NA,NA,NA,NA
Ukraine,UKR,2018,87.9,95.3,98.9,100,100,100,NA,NA,NA,NA,NA,NA,NA,NA,NA,41.8450484973517,33.8163982732645,8.73336135588823,5.65661703090991,NA,NA,NA,3.37767675759773,-291721175.270902,6502967190.89905,31965,6389,46.557661136037,NA,NA,23.9591650206221,22.5984961154149,71.3306869175009,413290,0.965423794430061,NA,NA,NA,NA,NA,NA,NA,0.419208073231986,13.157,NA,1.84326846292554,0.765064772322704,1.32108587615796
Ukraine,UKR,2019,88.1,95.2,99,100,100,100,NA,NA,NA,NA,NA,NA,NA,NA,NA,39.8429613970911,36.6553514818389,4.84823667007577,NA,NA,NA,NA,3.74625149507068,-577895268.609475,7829016485.66404,27991,2386,47.2491268952806,NA,NA,24.6146045398727,22.6345223554079,71.2996202968588,413110,0.987630413207136,NA,NA,NA,NA,NA,NA,NA,0.287026111974908,13.079,NA,1.84179765319801,0.770164077459064,1.33155959470998
Ukraine,UKR,2020,88.4,95.1,99.1,100,100,100,NA,NA,NA,NA,NA,NA,NA,NA,NA,48.2576177009642,44.6482909711342,4.01126312988226,NA,NA,NA,NA,1.26184759414187,-1527083714.76959,8035667867.21913,21426,2359,47.8846379680524,NA,NA,25.2828375624753,22.6018004055771,71.2996202968588,413110,1.05298830819878,NA,NA,NA,NA,NA,NA,NA,0.178921024438991,14.438,NA,1.84209243512719,0.795791295129388,1.34389239324705
Ukraine,UKR,2021,88.1,94.95,99,100,100,100,83.56,80.69,87.07,82.99,79.73,44.94,86.12,85.04,90.89,NA,NA,NA,NA,NA,NA,NA,5.58442400527713,-3951544498.13075,9792653192.41855,19426,2719,48.2195987327939,NA,NA,25.7725230363922,22.4470756964017,71.2996202968588,413110,1.06993294764106,NA,NA,NA,NA,NA,NA,NA,0.336999214543813,17.134,NA,1.85757952893855,0.803263421908119,1.35934360814859
Ukraine,UKR,2022,88,94.9,99.1,100,100,100,NA,NA,NA,NA,NA,NA,NA,NA,NA,NA,NA,NA,NA,NA,NA,NA,NA,NA,NA,34637,502,48.5413219822399,NA,NA,26.5249328766639,22.016389105576,71.2996202968588,NA,NA,NA,NA,NA,NA,NA,NA,NA,NA,14.188,NA,NA,NA,NA
Ukraine,UKR,2023,NA,NA,NA,100,100,100,NA,NA,NA,NA,NA,NA,NA,NA,NA,NA,NA,NA,NA,NA,NA,NA,NA,NA,NA,33988,498,48.927142092575,NA,NA,27.6372055426887,21.2899365498863,NA,NA,NA,NA,NA,NA,NA,NA,NA,NA,NA,13.13,NA,NA,NA,NA
Ukraine,UKR,2024,NA,NA,NA,NA,NA,NA,NA,NA,NA,NA,NA,NA,NA,NA,NA,NA,NA,NA,NA,NA,NA,NA,NA,NA,NA,NA,NA,48.9225090613665,NA,NA,28.239354443179,20.6831546181875,NA,NA,NA,NA,NA,NA,NA,NA,NA,NA,NA,NA,NA,NA,NA,NA
United States,USA,2018,100,100,100,100,100,100,NA,NA,NA,NA,NA,NA,NA,NA,NA,NA,NA,NA,NA,NA,NA,NA,3.00586013663013,1419753750364,914080707783.834,2834,718992,51.6943264101797,30000,NA,23.1963174833129,28.4980089268668,45.5834063593888,4058103.538,NA,NA,NA,NA,NA,NA,NA,NA,0.19836963909789,8.678,NA,3.69129283884369,1.27286382065807,2.59943063388197
United States,USA,2019,100,100,100,100,100,100,NA,NA,NA,NA,NA,NA,NA,NA,NA,NA,NA,NA,NA,NA,NA,NA,2.3647751206007,1484191418640.26,964502016942.063,2940,847608,52.1637515215282,29000,NA,23.8484503417279,28.3153011798002,45.4588425916816,4058103.538,NA,NA,NA,NA,NA,NA,NA,NA,0.131587352107841,8.697,NA,3.58143454138395,1.24176249155974,2.52296096150065
United States,USA,2020,100,100,100,100,100,100,NA,NA,NA,NA,NA,NA,NA,NA,NA,NA,NA,NA,NA,NA,NA,NA,-3.91216766267858,1221811174639.51,951554105125.511,2491,997996,52.5896816378799,28000,NA,24.5240791836459,28.065602454234,45.3342788349064,4058103.538,NA,NA,NA,NA,NA,NA,NA,NA,0.0836949579138938,10.27,NA,3.65509201900495,1.20518632386507,2.55135035989775
United States,USA,2021,100,100,100,100,100,100,94.95,96.79,93.09,95.14,91.25,57.72,97.42,96.38,93.8,NA,NA,NA,NA,NA,NA,NA,5.50271022066494,1016630476920.97,1046599480744.69,1662,1303181,52.9517089793606,27000,NA,25.1969129173767,27.7547960619839,45.2097150781313,4058103.538,NA,NA,NA,NA,NA,NA,NA,NA,0.165541837941739,10.4,NA,3.78134782703214,1.27420724981886,2.64678921905061
United States,USA,2022,100,100,100,100,100,100,NA,NA,NA,NA,NA,NA,NA,NA,NA,NA,NA,NA,NA,NA,NA,NA,NA,NA,NA,2115,1798792,53.377633599054,NA,NA,25.9509134829008,27.4267201161532,45.0851513104241,NA,NA,NA,NA,NA,NA,NA,NA,100,NA,9.8,NA,3.60885097919627,1.22321109379611,2.52763829510903
United States,USA,2023,NA,NA,NA,100,100,100,NA,NA,NA,NA,NA,NA,NA,NA,NA,NA,NA,NA,NA,NA,NA,NA,NA,NA,NA,2051,2601467,53.908799692093,NA,NA,26.8291040414794,27.0796956506137,NA,NA,NA,NA,NA,NA,NA,NA,NA,NA,NA,9.2,NA,3.46843049494905,1.18155869771306,2.42431848951637
United States,USA,2024,NA,NA,NA,NA,NA,NA,NA,NA,NA,NA,NA,NA,NA,NA,NA,NA,NA,NA,NA,NA,NA,NA,NA,NA,NA,NA,NA,54.4480428025866,NA,NA,27.6905727029501,26.7574700996365,NA,NA,NA,NA,NA,NA,NA,NA,NA,NA,NA,NA,NA,NA,NA,NA
Viet Nam,VNM,2018,89.1,91.7,97.1,100,100,100,NA,NA,NA,NA,NA,NA,NA,NA,NA,25.2779055829358,10.9066309699952,6.36202940512749,NA,NA,NA,NA,9.77796052666898,54385068830.4049,13453484353.7518,5571,NA,46.123352133928,7900,8600,10.201775794375,35.921576339553,38.7344502263671,121405,NA,NA,NA,NA,NA,NA,NA,NA,0.284155949812884,6.263,NA,3.03774532698622,1.20091859870377,2.14140505060805
Viet Nam,VNM,2019,92.5,94.2,97.9,99.4,99.1,100,NA,NA,NA,NA,NA,NA,NA,NA,NA,NA,NA,NA,NA,NA,NA,NA,7.48169067243572,57962497104.6959,14517807629.6921,8095,NA,46.6054316189935,7200,7800,10.629230593085,35.9762010259085,39.5241027473527,123880,NA,NA,NA,NA,NA,NA,NA,NA,0.213109891442586,6.3,NA,3.38979950132484,1.37299374377475,2.41483851757269
Viet Nam,VNM,2020,95.2,96,98.5,99.8,99.7,99.9,NA,NA,NA,NA,NA,NA,NA,NA,NA,30.8541090674408,13.5742808062998,8.79163044339621,NA,NA,NA,NA,4.07104554304465,65985257463.6708,15168384089.2152,9440,NA,46.9641361395404,6600,7100,11.1211352293981,35.8430009101423,39.4347683207361,123600,NA,NA,NA,NA,NA,NA,NA,NA,0.164958115590481,5.813,NA,3.76282551838558,1.58477939045573,2.71893257593685
Viet Nam,VNM,2021,96.9,97.1,98.9,100,100,100,NA,NA,NA,NA,NA,NA,NA,NA,NA,NA,NA,NA,NA,NA,NA,NA,0.589729819112989,66129471038.2759,15881094037.7738,10345,NA,47.2392982614886,6000,6600,11.6108537735214,35.6284444879672,39.4347683207361,123600,NA,NA,NA,NA,NA,NA,NA,NA,0.376818816953012,6.653,NA,2.98447913995863,1.095313161633,2.06689075267639
Viet Nam,VNM,2022,97.9,98.1,99.2,100,100,100,56.27,52.78,59.96,56.67,40.69,21.77,66.63,60.69,54.56,NA,NA,NA,NA,NA,NA,NA,NA,NA,NA,10627,NA,47.4163647594031,5700,6200,12.1324364656354,35.2839282937677,39.2911951351024,NA,NA,NA,NA,NA,NA,NA,NA,NA,NA,6.488,NA,2.6444297911722,1.01521303817317,1.85200489234081
Viet Nam,VNM,2023,NA,NA,NA,99.8,99.8,100,NA,NA,NA,NA,NA,NA,NA,NA,NA,NA,NA,NA,NA,NA,NA,NA,NA,NA,NA,13179,NA,47.5514131558407,NA,NA,12.7206521797624,34.8307609760783,NA,NA,NA,NA,NA,NA,NA,NA,NA,NA,NA,6.577,NA,2.58403290179193,0.997456423803779,1.81153433391791
Viet Nam,VNM,2024,NA,NA,NA,NA,NA,NA,NA,NA,NA,NA,NA,NA,NA,NA,NA,NA,NA,NA,NA,NA,NA,NA,NA,NA,NA,NA,NA,47.6476510341859,NA,NA,13.3579535353205,34.2896974988655,NA,NA,NA,NA,NA,NA,NA,NA,NA,NA,NA,NA,NA,NA,NA,NA
"Yemen, Rep.",YEM,2018,35,54,91.6,62,NA,85,NA,NA,NA,NA,NA,NA,NA,NA,NA,NA,NA,NA,NA,NA,NA,NA,NA,NA,777223947.236375,35876,8805,78.7888852602687,1000,760,4.6402037799498,74.148681480319,44.4191904843078,234520,NA,NA,NA,NA,NA,NA,NA,NA,0,6.114,NA,7.27248518448059,2.40027245118817,6.9498107642202704
"Yemen, Rep.",YEM,2019,32.5,52.6,91,72.8,60.7,93.1,NA,NA,NA,NA,NA,NA,NA,NA,NA,NA,NA,NA,NA,NA,NA,NA,NA,NA,NA,34328,10669,78.450785085874,1000,780,4.58996033784242,73.8608247480316,44.4191904843078,234520,NA,NA,NA,NA,NA,NA,NA,NA,NA,5.859,NA,7.24702690724488,2.41108741076093,6.92848759175421
"Yemen, Rep.",YEM,2020,30.5,51.2,89.8,73.9,62.1,93.1,NA,NA,NA,NA,NA,NA,NA,NA,NA,NA,NA,NA,NA,NA,NA,NA,NA,NA,NA,34870,10693,78.2490319341492,1000,790,4.53929763547705,73.7097342986721,44.4191904843078,234520,NA,NA,NA,NA,NA,NA,NA,NA,NA,5.832,NA,7.22626593639216,2.49143101970865,6.91342398200709
"Yemen, Rep.",YEM,2021,28.3,49.6,88.9,74.9,63.4,93.1,NA,NA,NA,NA,NA,NA,NA,NA,NA,NA,NA,NA,NA,NA,NA,NA,NA,NA,NA,35462,12593,78.1681766734297,1000,810,4.48784352689838,73.6803331465313,44.4191904843078,234520,NA,NA,NA,NA,NA,NA,NA,NA,NA,5.953,NA,7.2287620135949,2.54665895589086,6.91993088096941
"Yemen, Rep.",YEM,2022,26.3,48.3,87.6,76,65,96.1,11.9,5.44,18.35,16.13,6.5,6.98,15.5,19.53,5.01,NA,NA,NA,NA,NA,NA,NA,NA,NA,NA,33524,13225,77.9743636556573,1000,810,4.45661395771839,73.517749697939,44.4191904843078,NA,NA,NA,NA,NA,NA,NA,NA,NA,NA,5.232,NA,7.20804348625814,2.56645561508293,6.91113341138429
"Yemen, Rep.",YEM,2023,NA,NA,NA,83.6,75.3,96.1,NA,NA,NA,NA,NA,NA,NA,NA,NA,NA,NA,NA,NA,NA,NA,NA,NA,NA,NA,33521,15259,77.7260933249256,NA,NA,4.45652562326045,73.2695677016652,NA,NA,NA,NA,NA,NA,NA,NA,NA,NA,NA,4.792,NA,7.1726424341599,2.57446564638224,6.88095798842662
"Yemen, Rep.",YEM,2024,NA,NA,NA,NA,NA,NA,NA,NA,NA,NA,NA,NA,NA,NA,NA,NA,NA,NA,NA,NA,NA,NA,NA,NA,NA,NA,NA,77.466898203994,NA,NA,4.47755443967403,72.9893437643199,NA,NA,NA,NA,NA,NA,NA,NA,NA,NA,NA,NA,NA,NA,NA,NA
Least developed countries: UN classification,LDC,2018,7.22626668575818,16.5364021855076,36.0751892650725,51.0874202600401,39.2307526540229,75.9932339177558,NA,NA,NA,NA,NA,NA,NA,NA,NA,NA,NA,NA,NA,81.11042,79.14846,83.17955,8.47217862480545,NA,NA,1200252,227095,78.899272070721,NA,NA,6.25926850952829,70.9727685942929,40.3757774093617,8220140.907,NA,NA,NA,NA,NA,NA,NA,43.9067060568059,0.111336955689555,7.47575266743683,NA,3.9468779098071,1.35004687142053,2.86298116199252
Least developed countries: UN classification,LDC,2019,7.8469532830163,17.3936692348809,36.74789772049,52.8787122662405,41.2436395653622,77.4916531852397,NA,NA,NA,NA,NA,NA,NA,NA,NA,NA,NA,NA,NA,NA,NA,NA,9.74779445776188,NA,NA,1172131,261104,78.3381659069857,NA,NA,6.33025521506886,70.3826019655737,40.4562980261355,8236539.161,NA,NA,NA,NA,NA,NA,NA,NA,0.0661469925696299,7.36992663365829,NA,3.88957180641963,1.39732107073658,2.8483889272202
Least developed countries: UN classification,LDC,2020,8.52550827032004,18.2886944249659,37.4151245022674,54.4736840146264,42.2080916386642,78.6824139922078,NA,NA,NA,NA,NA,NA,NA,NA,NA,NA,NA,NA,NA,NA,NA,NA,1.96114390949033,NA,NA,1173881,236599,77.7445242695625,NA,NA,6.38261186314733,69.7767832354141,40.5363356116756,8252806.037,NA,NA,NA,NA,NA,NA,NA,NA,0.03503024293789,7.41018351734787,NA,3.83142920385208,1.58804261801683,2.89746202884235
Least developed countries: UN classification,LDC,2021,9.21603035205204,19.1555765031266,38.0532862544332,56.1055373553461,43.7271476608462,80.1819232317282,NA,NA,NA,NA,NA,NA,NA,NA,NA,NA,NA,NA,NA,NA,NA,NA,3.85952168876675,NA,NA,1305926,291607,77.1394263728198,NA,NA,6.41515221105913,69.1798085850037,40.6199944564175,8269838.169,NA,NA,NA,NA,NA,NA,NA,NA,0.0692018721202672,7.64972909509645,NA,3.93586792570499,1.72530267718654,3.00969744638317
Least developed countries: UN classification,LDC,2022,9.99894602372831,20.0981860541922,38.6946602308058,56.7383129284796,45.0197055633591,80.671152473112,NA,NA,NA,NA,NA,NA,NA,NA,NA,NA,NA,NA,NA,NA,NA,NA,NA,NA,NA,1377464,288034,76.51746836295,NA,NA,6.46528305321786,68.5411377093706,40.675027919323,8281042.45,NA,NA,NA,NA,NA,NA,NA,NA,NA,7.16145377554517,NA,3.92018547954742,1.78016902179969,3.02506882533258
Least developed countries: UN classification,LDC,2023,NA,NA,NA,58.4341452966049,46.2785824243389,82.8081194532822,NA,NA,NA,NA,NA,NA,NA,NA,NA,NA,NA,NA,NA,NA,NA,NA,NA,NA,NA,1972494,418760,75.8646802512453,NA,NA,6.53834615257626,67.850599365278,NA,NA,NA,NA,NA,NA,NA,NA,NA,NA,NA,6.73797472384706,NA,3.78175611478362,1.81589991648898,2.94625007676052
Least developed countries: UN classification,LDC,2024,NA,NA,NA,NA,NA,NA,NA,NA,NA,NA,NA,NA,NA,NA,NA,NA,NA,NA,NA,NA,NA,NA,NA,NA,NA,NA,NA,75.2380777449655,NA,NA,6.61313654766103,67.185808259213,NA,NA,NA,NA,NA,NA,NA,NA,NA,NA,NA,NA,NA,NA,NA,NA
